19469,360,0,1,2010-3,06-09-2010, Feature
28550,360,0,1,2010-4,09-11-2010, Bug
40449,360,0,1,2011-1,04-02-2011, Feature
40454,360,0,1,2011-1,03-02-2011, Feature
51243,360,0,1,2011-2,26-04-2011, Feature
51251,360,0,1,2011-2,25-04-2011, Feature
51252,360,0,1,2011-2,25-04-2011, Feature
52038,360,0,1,2011-2,18-04-2011, Feature
52071,360,0,1,2011-2,15-04-2011, Feature
52072,360,0,1,2011-2,28-04-2011, Feature
52084,360,0,1,2011-2,27-04-2011, Feature
55287,360,0,1,2011-2,06-04-2011, Feature
55303,360,0,1,2011-2,12-04-2011, Bug
55517,360,19,1,2011-2,06-04-2011, Bug
55526,360,709,1,2011-2,06-04-2011, Bug
55562,360,5,1,2011-2,12-04-2011, Bug
55820,360,0,1,2011-2,11-04-2011, Bug
56004,360,0,1,2011-2,11-04-2011, Bug
56842,360,0,1,2011-2,13-04-2011, Bug
56877,360,0,1,2011-2,15-04-2011, Bug
56901,360,0,1,2011-2,20-04-2011, Feature
56907,360,4,1,2011-2,29-04-2011, Feature
56909,360,3,1,2011-2,14-04-2011, Bug
56983,360,0,1,2011-2,20-04-2011, Bug
57017,360,46,1,2011-2,26-04-2011, Bug
57027,360,8,1,2011-2,26-04-2011, Bug
57028,360,0,1,2011-2,27-04-2011, Bug
57029,360,0,1,2011-2,27-04-2011, Bug
57037,360,10,1,2011-2,27-04-2011, Bug
57051,360,157,1,2011-2,27-04-2011, Bug
57056,360,0,1,2011-2,28-04-2011, Bug
57063,360,106,1,2011-2,03-05-2011, Bug
57073,360,0,1,2011-2,02-05-2011, Bug
57155,360,109,1,2011-2,01-05-2011, Bug
57165,360,10,1,2011-2,02-05-2011, Bug
57173,360,11,1,2011-2,02-05-2011, Bug
57179,360,24139,1,2011-2,02-05-2011, Feature
57182,360,0,1,2011-2,03-05-2011, Bug
57185,360,2,1,2011-2,02-05-2011, Bug
57186,360,15,1,2011-2,03-05-2011, Bug
57187,360,4,1,2011-2,03-05-2011, Bug
57188,360,4,1,2011-2,03-05-2011, Bug
57190,360,9,1,2011-2,03-05-2011, Bug
57193,360,0,1,2011-2,04-05-2011, Feature
57198,360,20,1,2011-2,03-05-2011, Bug
57199,360,5,1,2011-2,03-05-2011, Bug
57201,360,0,1,2011-2,04-05-2011, Feature
57203,360,0,1,2011-2,04-05-2011, Feature
57206,360,42,1,2011-2,03-05-2011, Feature
57207,360,83,1,2011-2,03-05-2011, Bug
57233,360,147,1,2011-2,04-05-2011, Bug
57244,360,0,1,2011-2,04-05-2011, Feature
57245,360,0,1,2011-2,05-05-2011, Feature
57248,360,0,1,2011-2,04-05-2011, Feature
57253,360,3,1,2011-2,04-05-2011, Feature
57259,360,3,1,2011-2,05-05-2011, Bug
57260,360,69,1,2011-2,05-05-2011, Bug
57261,360,0,1,2011-2,05-05-2011, Feature
57270,360,1,1,2011-2,05-05-2011, Feature
57284,360,53,1,2011-2,06-05-2011, Bug
57305,360,2,1,2011-2,06-05-2011, Bug
58363,360,0,1,2011-2,15-06-2011, Feature
58366,360,0,1,2011-3,26-09-2011, Feature
60407,360,0,1,2012-2,28-05-2012, Bug
60963,360,0,1,2011-4,21-10-2011, Feature
60964,360,0,1,2011-4,28-10-2011, Feature
60965,360,0,1,2011-4,26-10-2011, Feature
60968,360,0,1,2011-4,28-10-2011, Feature
60970,360,0,1,2011-4,26-10-2011, Feature
60974,360,0,1,2011-4,28-10-2011, Feature
60975,360,0,1,2011-4,28-10-2011, Feature
60982,360,0,1,2011-4,26-10-2011, Feature
60989,360,0,1,2011-4,02-11-2011, Feature
60996,360,0,1,2011-4,21-10-2011, Feature
61000,360,0,1,2011-4,05-11-2011, Feature
61003,360,0,1,2011-4,27-10-2011, Feature
61007,360,0,1,2011-4,04-11-2011, Feature
61009,360,0,1,2011-4,04-11-2011, Feature
61014,360,0,1,2011-4,03-11-2011, Feature
61606,360,0,1,2011-4,26-10-2011, Feature
61720,360,28,1,2011-4,24-10-2011, Bug
61758,360,0,1,2011-4,03-11-2011, Bug
61774,360,28,1,2011-4,24-10-2011, Bug
61789,360,21,1,2011-4,24-10-2011, Bug
61791,360,0,1,2011-4,25-10-2011, Bug
61792,360,9,1,2011-4,24-10-2011, Bug
61794,360,193,1,2011-4,25-10-2011, Bug
61796,360,0,1,2011-4,24-10-2011, Bug
61800,360,0,1,2011-4,25-10-2011, Bug
61807,360,17,1,2011-4,24-10-2011, Bug
61817,360,0,1,2011-4,25-10-2011, Bug
61818,360,382,1,2011-4,25-10-2011, Bug
61828,360,0,1,2011-4,31-10-2011, Bug
61847,360,62,1,2011-4,02-11-2011, Bug
61899,360,0,1,2011-4,31-10-2011, Bug
61904,360,0,1,2011-4,04-11-2011, Bug
61914,360,73,1,2011-4,02-11-2011, Bug
61982,360,0,1,2011-4,02-11-2011, Bug
61989,360,129,1,2011-4,01-11-2011, Bug
61996,360,1,1,2011-4,01-11-2011, Bug
62019,360,77,1,2011-4,05-11-2011, Bug
62045,360,12,1,2011-4,02-11-2011, Bug
62079,360,44,1,2011-4,03-11-2011, Bug
62087,360,1,1,2011-4,03-11-2011, Bug
62090,360,303,1,2011-4,05-11-2011, Bug
62093,360,40,1,2011-4,03-11-2011, Bug
62097,360,8,1,2011-4,03-11-2011, Bug
62098,360,225,1,2011-4,03-11-2011, Bug
62099,360,0,1,2011-4,04-11-2011, Bug
62117,360,1,1,2011-4,04-11-2011, Bug
62120,360,0,1,2011-4,04-11-2011, Feature
62132,360,10,1,2011-4,04-11-2011, Bug
62144,360,0,1,2011-4,07-11-2011, Feature
62146,360,0,1,2011-4,05-11-2011, Feature
62148,360,0,1,2011-4,06-11-2011, Feature
62149,360,0,1,2011-4,05-11-2011, Feature
62151,360,0,1,2011-4,05-11-2011, Feature
62153,360,0,1,2011-4,05-11-2011, Feature
62154,360,0,1,2011-4,05-11-2011, Feature
62156,360,0,1,2011-4,05-11-2011, Feature
62157,360,0,1,2011-4,06-11-2011, Feature
62163,360,0,1,2011-4,07-11-2011, Feature
62180,360,2432,1,2011-4,05-11-2011, Bug
62189,360,65,1,2011-4,05-11-2011, Bug
62201,360,11,1,2011-4,06-11-2011, Bug
62203,360,3,1,2011-4,06-11-2011, Bug
62204,360,33,1,2011-4,06-11-2011, Bug
62208,360,9,1,2011-4,07-11-2011, Bug
62223,360,1,1,2011-4,07-11-2011, Bug
62238,360,2,1,2011-4,07-11-2011, Bug
62241,360,8,1,2011-4,07-11-2011, Bug
62254,360,16,1,2011-4,07-11-2011, Bug
62260,360,16,1,2011-4,07-11-2011, Bug
62262,360,1,1,2011-4,07-11-2011, Bug
62263,360,2,1,2011-4,07-11-2011, Bug
62265,360,0,1,2011-4,08-11-2011, Bug
62324,360,29,1,2011-4,08-11-2011, Bug
62350,360,0,1,2011-4,09-11-2011, Bug
62352,360,7,1,2011-4,09-11-2011, Bug
62454,360,101,1,2012-2,26-04-2012, Bug
62535,360,0,1,2012-1,08-02-2012, Bug
62741,360,0,1,2012-1,07-02-2012, Bug
63253,360,0,1,2011-4,07-12-2011, Bug
63539,360,1370,1,2012-1,17-01-2012, Feature
63858,360,0,1,2012-1,09-02-2012, Bug
63880,360,0,1,2012-1,27-01-2012, Feature
63885,360,0,1,2012-1,18-01-2012, Feature
63887,360,0,1,2012-1,30-01-2012, Feature
63889,360,0,1,2012-1,31-01-2012, Feature
63894,360,0,1,2012-1,27-01-2012, Feature
63898,360,0,1,2012-1,31-01-2012, Feature
63900,360,0,1,2012-1,26-01-2012, Feature
63904,360,0,1,2012-1,01-02-2012, Feature
63908,360,0,1,2012-1,24-01-2012, Feature
63913,360,0,1,2012-1,30-01-2012, Feature
63916,360,0,1,2012-1,25-01-2012, Feature
63919,360,0,1,2012-1,02-02-2012, Feature
63921,360,0,1,2012-1,27-01-2012, Feature
63923,360,0,1,2012-1,25-01-2012, Feature
63926,360,0,1,2012-1,25-01-2012, Feature
63934,360,0,1,2012-1,23-01-2012, Feature
63943,360,0,1,2012-1,19-01-2012, Feature
63948,360,30,1,2012-1,16-01-2012, Bug
64286,360,0,1,2012-1,31-01-2012, Feature
64292,360,0,1,2012-1,01-02-2012, Feature
64293,360,0,1,2012-1,01-02-2012, Feature
64294,360,0,1,2012-1,31-01-2012, Feature
64361,360,0,1,2012-1,23-01-2012, Bug
64384,360,0,1,2012-1,17-01-2012, Feature
64406,360,3,1,2012-1,17-01-2012, Bug
64408,360,0,1,2012-1,18-01-2012, Bug
64418,360,0,1,2012-1,02-02-2012, Feature
64433,360,0,1,2012-1,30-01-2012, Feature
64507,360,3,1,2012-1,19-01-2012, Bug
64512,360,69,1,2012-1,19-01-2012, Bug
64523,360,11,1,2012-1,23-01-2012, Bug
64605,360,7,1,2012-1,23-01-2012, Bug
64609,360,7,1,2012-1,23-01-2012, Bug
64615,360,1,1,2012-1,23-01-2012, Bug
64649,360,1,1,2012-1,24-01-2012, Bug
64690,360,0,1,2012-1,30-01-2012, Bug
64707,360,23,1,2012-1,26-01-2012, Bug
64737,360,8,1,2012-1,16-02-2012, Feature
64802,360,16,1,2012-1,31-01-2012, Bug
64839,360,9,1,2012-1,31-01-2012, Feature
64857,360,55,1,2012-1,01-02-2012, Bug
64863,360,1,1,2012-1,01-02-2012, Bug
64871,360,26,1,2012-1,01-02-2012, Bug
64893,360,4,1,2012-1,02-02-2012, Bug
64896,360,181,1,2012-1,02-02-2012, Bug
64919,360,1,1,2012-1,03-02-2012, Bug
64945,360,0,1,2012-1,15-02-2012, Feature
64983,360,2,1,2012-1,06-02-2012, Bug
64985,360,1,1,2012-1,06-02-2012, Bug
65121,360,23,1,2012-1,08-02-2012, Bug
65301,360,24,1,2012-1,14-02-2012, Feature
65354,360,78,1,2012-1,15-02-2012, Bug
65381,360,1,1,2012-1,07-03-2012, Bug
65382,360,1,1,2012-1,13-03-2012, Bug
65419,360,0,1,2012-1,28-03-2012, Feature
65759,360,2,1,2012-1,14-03-2012, Bug
65818,360,8,1,2012-1,29-02-2012, Bug
65900,360,129,1,2012-1,07-03-2012, Bug
65950,360,2,1,2012-1,05-03-2012, Bug
65961,360,8,1,2012-1,05-03-2012, Bug
66008,360,17,1,2012-1,05-03-2012, Feature
66050,360,0,1,2012-2,07-05-2012, Bug
66217,360,15,1,2012-1,13-03-2012, Bug
66269,360,6,1,2012-1,20-03-2012, Bug
66373,360,45,1,2012-1,14-03-2012, Feature
66390,360,45,1,2012-1,14-03-2012, Feature
66394,360,45,1,2012-1,14-03-2012, Feature
66395,360,45,1,2012-1,14-03-2012, Feature
66647,360,4,1,2012-1,19-03-2012, Bug
66777,360,0,1,2012-2,20-04-2012, Bug
66896,360,63,1,2012-1,28-03-2012, Bug
66905,360,0,1,2012-1,29-03-2012, Bug
67085,360,1,1,2012-2,12-04-2012, Bug
67339,360,0,1,2012-2,21-06-2012, Bug
67342,360,4,1,2012-2,21-06-2012, Bug
67426,360,0,1,2012-2,12-06-2012, Feature
67487,360,391,1,2012-2,23-04-2012, Feature
67534,360,54,1,2012-2,24-04-2012, Feature
67627,360,48,1,2012-2,30-04-2012, Feature
67661,360,3671,1,2012-2,02-05-2012, Feature
67894,360,57,1,2012-2,15-05-2012, Feature
68000,360,19,1,2012-2,24-05-2012, Bug
68162,360,0,1,2012-2,13-06-2012, Bug
68193,360,0,1,2012-2,19-06-2012, Feature
68200,360,0,1,2012-2,15-06-2012, Feature
68201,360,0,1,2012-2,27-06-2012, Feature
68206,360,0,1,2012-2,15-06-2012, Feature
68208,360,0,1,2012-2,15-06-2012, Feature
68216,360,0,1,2012-2,19-06-2012, Feature
68230,360,0,1,2012-2,19-06-2012, Feature
68239,360,0,1,2012-2,27-06-2012, Feature
68251,360,0,1,2012-2,22-06-2012, Feature
68252,360,0,1,2012-2,26-06-2012, Feature
68253,360,0,1,2012-2,19-06-2012, Feature
68257,360,0,1,2012-2,20-06-2012, Feature
68261,360,0,1,2012-2,15-06-2012, Feature
68262,360,0,1,2012-2,15-06-2012, Feature
68263,360,0,1,2012-2,27-06-2012, Feature
68264,360,0,1,2012-2,26-06-2012, Feature
68270,360,0,1,2012-2,27-06-2012, Feature
68273,360,0,1,2012-2,20-06-2012, Feature
68275,360,0,1,2012-2,19-06-2012, Feature
68403,360,528,1,2012-2,30-05-2012, Feature
68458,360,172,1,2012-2,06-06-2012, Bug
68606,360,4,1,2012-2,07-06-2012, Bug
68850,360,0,1,2012-3,06-09-2012, Bug
68881,360,0,1,2012-2,15-06-2012, Feature
68886,360,12,1,2012-2,21-06-2012, Bug
68904,360,11,1,2012-2,15-06-2012, Bug
68915,360,0,1,2012-2,19-06-2012, Bug
68940,360,11,1,2012-2,18-06-2012, Bug
68944,360,83,1,2012-2,18-06-2012, Bug
68977,360,89,1,2012-2,18-06-2012, Bug
68982,360,1,1,2012-2,18-06-2012, Bug
69014,360,47,1,2012-2,19-06-2012, Bug
69015,360,1,1,2012-2,19-06-2012, Bug
69026,360,36,1,2012-2,19-06-2012, Bug
69031,360,6,1,2012-2,20-06-2012, Bug
69058,360,3,1,2012-2,20-06-2012, Bug
69072,360,0,1,2012-2,22-06-2012, Feature
69073,360,0,1,2012-2,22-06-2012, Feature
69076,360,16,1,2012-2,20-06-2012, Bug
69087,360,28,1,2012-2,20-06-2012, Feature
69089,360,70,1,2012-2,20-06-2012, Bug
69096,360,772,1,2012-2,20-06-2012, Feature
69103,360,1,1,2012-2,21-06-2012, Bug
69128,360,92400,1,2012-2,21-06-2012, Bug
69136,360,21,1,2012-2,21-06-2012, Feature
69140,360,0,1,2012-2,28-06-2012, Feature
69141,360,44,1,2012-2,22-06-2012, Feature
69145,360,0,1,2012-2,22-06-2012, Feature
69214,360,3,1,2012-2,25-06-2012, Bug
69230,360,0,1,2012-2,27-06-2012, Bug
69247,360,38,1,2012-2,26-06-2012, Bug
69248,360,3,1,2012-2,26-06-2012, Bug
69253,360,1,1,2012-2,26-06-2012, Bug
69272,360,0,1,2012-2,28-06-2012, Bug
69276,360,0,1,2012-2,27-06-2012, Bug
69289,360,2687,1,2012-2,28-06-2012, Bug
69293,360,0,1,2012-2,29-06-2012, Bug
69307,360,4,1,2012-3,02-07-2012, Bug
69322,360,0,1,2012-2,29-06-2012, Feature
69329,360,166,1,2012-2,28-06-2012, Feature
69342,360,36,1,2012-2,28-06-2012, Feature
69344,360,0,1,2012-2,29-06-2012, Feature
69345,360,0,1,2012-2,29-06-2012, Feature
69346,360,0,1,2012-2,29-06-2012, Feature
69347,360,0,1,2012-2,29-06-2012, Feature
69348,360,0,1,2012-2,29-06-2012, Feature
69349,360,0,1,2012-2,29-06-2012, Feature
69350,360,0,1,2012-2,29-06-2012, Feature
69351,360,0,1,2012-2,29-06-2012, Feature
69352,360,0,1,2012-2,29-06-2012, Feature
69363,360,0,1,2012-2,29-06-2012, Bug
69372,360,227,1,2012-2,29-06-2012, Bug
69374,360,39,1,2012-2,29-06-2012, Feature
69381,360,6,1,2012-2,29-06-2012, Bug
69382,360,41,1,2012-2,29-06-2012, Feature
69386,360,116,1,2012-2,29-06-2012, Feature
69392,360,0,1,2012-2,29-06-2012, Bug
69402,360,0,1,2012-3,01-07-2012, Feature
69405,360,0,1,2012-3,01-07-2012, Feature
69407,360,0,1,2012-3,01-07-2012, Feature
69410,360,0,1,2012-3,01-07-2012, Feature
69412,360,1,1,2012-3,02-07-2012, Bug
69413,360,0,1,2012-3,02-07-2012, Feature
69418,360,1,1,2012-3,02-07-2012, Bug
69426,360,0,1,2012-3,03-07-2012, Feature
69436,360,1,1,2012-3,02-07-2012, Bug
69439,360,1,1,2012-3,02-07-2012, Bug
69446,360,2,1,2012-3,03-07-2012, Feature
69447,360,0,1,2012-3,03-07-2012, Feature
69448,360,0,1,2012-3,03-07-2012, Feature
69449,360,0,1,2012-3,03-07-2012, Feature
69450,360,0,1,2012-3,03-07-2012, Feature
69451,360,0,1,2012-3,03-07-2012, Feature
69462,360,0,1,2012-3,03-07-2012, Bug
69468,360,4,1,2012-3,03-07-2012, Bug
69470,360,19,1,2012-3,03-07-2012, Bug
69471,360,19,1,2012-3,03-07-2012, Bug
69473,360,19,1,2012-3,03-07-2012, Bug
69474,360,53,1,2012-3,03-07-2012, Bug
69475,360,126,1,2012-3,04-07-2012, Bug
70059,360,0,1,2012-3,22-08-2012, Feature
70072,360,0,1,2012-3,07-08-2012, Feature
70074,360,0,1,2012-3,18-09-2012, Feature
70080,360,0,1,2012-3,05-09-2012, Feature
70085,360,0,1,2012-3,26-09-2012, Feature
70089,360,0,1,2012-3,05-09-2012, Feature
70093,360,0,1,2012-3,05-09-2012, Feature
70098,360,0,1,2012-3,05-09-2012, Feature
70100,360,0,1,2012-3,23-08-2012, Feature
70128,360,0,1,2012-3,27-09-2012, Feature
70134,360,0,1,2012-3,26-09-2012, Feature
70297,360,4,1,2012-3,14-08-2012, Bug
70320,360,1,1,2012-3,28-08-2012, Bug
70335,360,0,1,2012-3,26-09-2012, Feature
70336,360,0,1,2012-3,26-09-2012, Feature
70337,360,0,1,2012-3,26-09-2012, Feature
70338,360,0,1,2012-3,26-09-2012, Feature
70339,360,0,1,2012-3,26-09-2012, Feature
70340,360,0,1,2012-3,26-09-2012, Feature
70341,360,0,1,2012-3,06-09-2012, Bug
70344,360,0,1,2012-3,06-09-2012, Bug
70580,360,26,1,2012-3,22-08-2012, Feature
70581,360,59,1,2012-3,23-08-2012, Feature
70616,360,0,1,2012-4,12-12-2012, Feature
70617,360,0,1,2012-4,12-12-2012, Feature
70618,360,0,1,2012-4,20-12-2012, Feature
71227,360,37,1,2012-3,13-09-2012, Feature
71330,360,0,1,2012-3,19-09-2012, Feature
71331,360,0,1,2012-3,19-09-2012, Feature
71692,360,1,1,2012-3,26-09-2012, Bug
71693,360,4,1,2012-3,26-09-2012, Bug
72292,360,42,1,2012-4,12-10-2012, Feature
72466,360,0,1,2013-1,16-01-2013, Bug
73048,360,0,1,2012-4,12-12-2012, Feature
73049,360,0,1,2012-4,12-12-2012, Feature
73050,360,0,1,2012-4,12-12-2012, Feature
73065,360,0,1,2013-1,16-01-2013, Bug
73462,360,12,1,2012-4,20-11-2012, Feature
73676,360,537,1,2012-4,14-12-2012, Bug
73745,360,62,1,2012-4,29-11-2012, Feature
73972,360,0,1,2012-4,12-12-2012, Feature
73973,360,0,1,2012-4,12-12-2012, Feature
74097,360,0,1,2012-4,12-12-2012, Feature
74128,360,0,1,2012-4,12-12-2012, Feature
74164,360,0,1,2012-4,12-12-2012, Feature
74179,360,0,1,2012-4,13-12-2012, Feature
74182,360,0,1,2012-4,12-12-2012, Feature
74185,360,0,1,2013-1,15-01-2013, Feature
74199,360,0,1,2012-4,20-12-2012, Feature
74200,360,0,1,2013-1,15-01-2013, Feature
74227,360,0,1,2012-4,12-12-2012, Feature
74240,360,0,1,2013-1,15-01-2013, Feature
74280,360,1,1,2012-4,12-12-2012, Bug
74358,360,775,1,2012-4,14-12-2012, Feature
74393,360,27,1,2012-4,17-12-2012, Bug
74456,360,17,1,2012-4,18-12-2012, Bug
74477,360,15,1,2012-4,18-12-2012, Bug
74490,360,20,1,2012-4,18-12-2012, Bug
74510,360,0,1,2012-4,20-12-2012, Bug
74547,360,140,1,2012-4,20-12-2012, Bug
74570,360,213,1,2012-4,21-12-2012, Bug
74574,360,2,1,2012-4,20-12-2012, Bug
74575,360,5,1,2012-4,20-12-2012, Bug
74584,360,0,1,2012-4,21-12-2012, Feature
74585,360,0,1,2012-4,21-12-2012, Feature
74586,360,0,1,2012-4,21-12-2012, Feature
74587,360,0,1,2012-4,21-12-2012, Feature
74619,360,0,1,2012-4,24-12-2012, Feature
74620,360,0,1,2012-4,24-12-2012, Feature
74623,360,0,1,2012-4,24-12-2012, Feature
74647,360,0,1,2012-4,27-12-2012, Feature
75222,360,0,1,2013-1,21-01-2013, Test Case
75233,360,0,1,2013-1,21-01-2013, Test Case
75300,360,7,1,2013-1,22-01-2013, Bug
75320,360,6,1,2013-1,21-01-2013, Bug
75332,360,2,1,2013-1,21-01-2013, Bug
75340,360,1,1,2013-1,21-01-2013, Bug
75348,360,1,1,2013-1,22-01-2013, Bug
75361,360,30,1,2013-1,22-01-2013, Bug
75362,360,0,1,2013-1,22-01-2013, Bug
75367,360,6,1,2013-1,22-01-2013, Bug
75385,360,31,1,2013-1,22-01-2013, Bug
75400,360,2,1,2013-1,22-01-2013, Bug
75417,360,1,1,2013-1,22-01-2013, Bug
75570,360,0,1,2013-1,04-02-2013, Test Case
75571,360,0,1,2013-1,04-02-2013, Test Case
75572,360,0,1,2013-1,04-02-2013, Test Case
75626,360,0,1,2013-1,04-02-2013, Test Case
75627,360,0,1,2013-1,04-02-2013, Test Case
75735,360,0,1,2013-1,04-02-2013, Test Case
76323,360,5,1,2013-1,18-02-2013, Bug
76357,360,11,1,2013-1,19-02-2013, Bug
76364,360,1,1,2013-1,19-02-2013, Bug
77102,360,0,1,2013-1,18-03-2013, Test Case
77103,360,0,1,2013-1,18-03-2013, Test Case
77236,360,0,1,2013-1,27-03-2013, Test Case
77254,360,0,1,2013-2,01-04-2013, Test Case
77375,360,0,1,2013-2,02-04-2013, Bug
77395,360,5,1,2013-1,29-03-2013, Bug
77397,360,66,1,2013-2,02-04-2013, Bug
77401,360,0,1,2013-2,02-04-2013, Bug
77406,360,430,1,2013-2,02-04-2013, Bug
77408,360,0,1,2013-1,29-03-2013, Test Case
77412,360,0,1,2013-1,29-03-2013, Test Case
77436,360,9,1,2013-2,01-04-2013, Bug
27211,360,1,2,2011-4,06-11-2011, Bug
32653,360,1,2,2010-4,06-12-2010, Bug
40405,360,0,2,2011-1,09-02-2011, Feature
40411,360,0,2,2011-1,02-02-2011, Feature
40412,360,0,2,2011-1,02-02-2011, Feature
40427,360,0,2,2011-1,07-02-2011, Feature
40429,360,0,2,2011-1,08-02-2011, Feature
40430,360,0,2,2011-1,07-02-2011, Feature
40434,360,0,2,2011-1,09-02-2011, Feature
40438,360,0,2,2011-1,08-02-2011, Feature
40439,360,0,2,2011-1,02-02-2011, Feature
40440,360,0,2,2011-1,08-02-2011, Feature
40446,360,0,2,2011-1,07-02-2011, Feature
40451,360,0,2,2011-1,02-02-2011, Feature
51241,360,0,2,2011-2,19-04-2011, Feature
51287,360,0,2,2011-2,27-04-2011, Feature
52032,360,0,2,2011-2,20-04-2011, Feature
52097,360,0,2,2011-2,27-04-2011, Feature
52098,360,0,2,2011-2,27-04-2011, Feature
52099,360,0,2,2011-2,26-04-2011, Feature
55260,360,126,2,2011-2,05-04-2011, Bug
55332,360,14,2,2011-2,06-04-2011, Bug
55576,360,18,2,2011-2,27-04-2011, Bug
55775,360,28,2,2011-2,07-04-2011, Bug
55776,360,0,2,2011-2,12-04-2011, Bug
55792,360,14,2,2011-2,14-04-2011, Bug
55827,360,2,2,2011-2,14-04-2011, Bug
56005,360,2,2,2011-2,27-04-2011, Bug
56063,360,1,2,2011-2,12-04-2011, Bug
56545,360,0,2,2011-2,14-04-2011, Bug
56801,360,0,2,2011-2,14-04-2011, Bug
56851,360,43,2,2011-2,14-04-2011, Bug
56881,360,0,2,2011-2,27-04-2011, Bug
56999,360,11,2,2011-2,26-04-2011, Bug
57025,360,1,2,2011-2,26-04-2011, Bug
57031,360,10,2,2011-2,27-04-2011, Bug
57033,360,4,2,2011-2,27-04-2011, Bug
57039,360,5,2,2011-2,27-04-2011, Bug
57040,360,14,2,2011-2,27-04-2011, Bug
57059,360,20,2,2011-2,28-04-2011, Bug
57060,360,49,2,2011-2,28-04-2011, Feature
57181,360,1,2,2011-2,03-05-2011, Bug
57194,360,0,2,2011-2,04-05-2011, Feature
57195,360,0,2,2011-2,05-05-2011, Feature
57197,360,204,2,2011-2,03-05-2011, Bug
57205,360,0,2,2011-2,04-05-2011, Feature
57213,360,74,2,2011-2,03-05-2011, Bug
57234,360,0,2,2011-2,05-05-2011, Feature
57252,360,603,2,2011-2,04-05-2011, Bug
57254,360,0,2,2011-2,04-05-2011, Bug
57256,360,0,2,2011-2,04-05-2011, Bug
57265,360,241,2,2011-2,05-05-2011, Bug
58362,360,0,2,2011-2,14-06-2011, Feature
58364,360,0,2,2011-2,14-06-2011, Feature
58493,360,0,2,2011-2,16-06-2011, Feature
58691,360,9,2,2011-4,05-11-2011, Bug
60973,360,0,2,2011-4,19-10-2011, Feature
60976,360,0,2,2011-4,03-11-2011, Feature
60980,360,0,2,2011-4,03-11-2011, Feature
60986,360,0,2,2011-4,03-11-2011, Feature
60988,360,0,2,2011-4,02-11-2011, Feature
61006,360,0,2,2011-4,02-11-2011, Feature
61013,360,50,2,2011-4,06-11-2011, Feature
61016,360,0,2,2011-4,05-11-2011, Feature
61379,360,87,2,2011-4,06-11-2011, Bug
61617,360,1,2,2011-4,03-11-2011, Bug
61634,360,40,2,2011-4,03-11-2011, Bug
61639,360,50,2,2011-4,24-10-2011, Bug
61644,360,8,2,2011-4,02-11-2011, Bug
61663,360,3,2,2011-4,19-10-2011, Bug
61711,360,15,2,2011-4,07-11-2011, Bug
61795,360,8,2,2011-4,25-10-2011, Bug
61799,360,21,2,2011-4,25-10-2011, Bug
61801,360,22,2,2011-4,02-11-2011, Bug
61802,360,1,2,2011-4,25-10-2011, Bug
61803,360,9,2,2011-4,25-10-2011, Bug
61830,360,191,2,2011-4,05-11-2011, Bug
61874,360,2,2,2011-4,31-10-2011, Bug
61876,360,1,2,2011-4,31-10-2011, Bug
61895,360,4,2,2011-4,02-11-2011, Bug
61936,360,21,2,2011-4,02-11-2011, Bug
61991,360,1,2,2011-4,01-11-2011, Bug
62001,360,390,2,2011-4,04-11-2011, Bug
62018,360,0,2,2011-4,02-11-2011, Bug
62028,360,0,2,2011-4,03-11-2011, Bug
62069,360,43,2,2011-4,02-11-2011, Bug
62071,360,390,2,2011-4,04-11-2011, Bug
62072,360,1,2,2011-4,03-11-2011, Bug
62073,360,390,2,2011-4,04-11-2011, Bug
62075,360,40,2,2011-4,04-11-2011, Bug
62076,360,16,2,2011-4,03-11-2011, Bug
62078,360,13,2,2011-4,04-11-2011, Bug
62081,360,19,2,2011-4,04-11-2011, Bug
62082,360,19,2,2011-4,04-11-2011, Bug
62088,360,5,2,2011-4,03-11-2011, Bug
62091,360,11,2,2011-4,03-11-2011, Bug
62100,360,1,2,2011-4,04-11-2011, Bug
62104,360,21,2,2011-4,03-11-2011, Bug
62119,360,0,2,2011-4,07-11-2011, Feature
62121,360,0,2,2011-4,04-11-2011, Feature
62147,360,0,2,2011-4,05-11-2011, Feature
62155,360,0,2,2011-4,05-11-2011, Feature
62158,360,0,2,2011-4,05-11-2011, Feature
62162,360,356,2,2011-4,05-11-2011, Feature
62164,360,0,2,2011-4,07-11-2011, Feature
62165,360,102,2,2011-4,05-11-2011, Bug
62170,360,5,2,2011-4,05-11-2011, Bug
62174,360,5,2,2011-4,05-11-2011, Bug
62181,360,359,2,2011-4,05-11-2011, Bug
62186,360,12,2,2011-4,06-11-2011, Bug
62192,360,33,2,2011-4,06-11-2011, Bug
62194,360,6,2,2011-4,06-11-2011, Bug
62195,360,145,2,2011-4,06-11-2011, Bug
62197,360,57,2,2011-4,06-11-2011, Bug
62207,360,22,2,2011-4,06-11-2011, Bug
62209,360,94,2,2011-4,06-11-2011, Bug
62210,360,12,2,2011-4,07-11-2011, Bug
62211,360,44,2,2011-4,07-11-2011, Bug
62221,360,9,2,2011-4,07-11-2011, Bug
62242,360,19,2,2011-4,07-11-2011, Bug
62246,360,6,2,2011-4,07-11-2011, Bug
62248,360,175,2,2011-4,07-11-2011, Bug
62250,360,5,2,2011-4,07-11-2011, Bug
62251,360,53,2,2011-4,07-11-2011, Bug
62252,360,22,2,2011-4,07-11-2011, Bug
62255,360,79,2,2011-4,07-11-2011, Bug
62264,360,1,2,2011-4,08-11-2011, Bug
62298,360,93,2,2011-4,08-11-2011, Bug
62306,360,21,2,2011-4,08-11-2011, Bug
62326,360,0,2,2011-4,08-11-2011, Bug
62479,360,64,2,2011-4,14-11-2011, Bug
62480,360,63,2,2011-4,14-11-2011, Bug
63881,360,0,2,2012-1,24-01-2012, Feature
63882,360,0,2,2012-1,23-01-2012, Feature
63884,360,0,2,2012-1,30-01-2012, Feature
63890,360,0,2,2012-1,01-02-2012, Feature
63891,360,0,2,2012-1,16-01-2012, Feature
63893,360,0,2,2012-1,16-01-2012, Feature
63895,360,0,2,2012-1,24-01-2012, Feature
63901,360,0,2,2012-1,19-01-2012, Feature
63910,360,0,2,2012-1,16-01-2012, Feature
63912,360,0,2,2012-1,30-01-2012, Feature
63915,360,0,2,2012-1,23-01-2012, Feature
63920,360,0,2,2012-1,30-01-2012, Feature
63933,360,0,2,2012-1,23-01-2012, Feature
63935,360,0,2,2012-1,17-01-2012, Feature
63939,360,0,2,2012-1,01-02-2012, Feature
63944,360,0,2,2012-1,18-01-2012, Feature
63984,360,0,2,2012-1,24-01-2012, Feature
64234,360,0,2,2012-1,02-02-2012, Feature
64237,360,0,2,2012-1,31-01-2012, Feature
64240,360,0,2,2012-1,16-01-2012, Feature
64242,360,0,2,2012-1,16-01-2012, Feature
64281,360,0,2,2012-1,31-01-2012, Feature
64327,360,58,2,2012-1,16-01-2012, Bug
64368,360,0,2,2012-1,16-01-2012, Feature
64370,360,0,2,2012-1,19-01-2012, Feature
64375,360,32,2,2012-1,16-01-2012, Bug
64378,360,117,2,2012-1,17-01-2012, Bug
64416,360,113,2,2012-1,18-01-2012, Bug
64435,360,24,2,2012-1,18-01-2012, Bug
64485,360,6,2,2012-1,19-01-2012, Bug
64608,360,74,2,2012-1,25-01-2012, Bug
64623,360,2,2,2012-1,24-01-2012, Bug
64628,360,2,2,2012-1,23-01-2012, Bug
64640,360,314,2,2012-1,24-01-2012, Feature
64709,360,116,2,2012-1,26-01-2012, Bug
64725,360,23,2,2012-1,30-01-2012, Bug
64773,360,3,2,2012-1,31-01-2012, Bug
64775,360,1,2,2012-1,30-01-2012, Feature
64778,360,8,2,2012-1,30-01-2012, Bug
64784,360,67,2,2012-1,31-01-2012, Bug
64785,360,67,2,2012-1,31-01-2012, Bug
64789,360,122,2,2012-1,31-01-2012, Bug
64805,360,6,2,2012-1,31-01-2012, Bug
64865,360,9,2,2012-1,01-02-2012, Bug
65076,360,82,2,2012-1,15-02-2012, Bug
66073,360,6,2,2012-1,06-03-2012, Bug
67776,360,2003,2,2012-2,08-05-2012, Feature
67977,360,16,2,2012-2,20-06-2012, Feature
68089,360,90,2,2012-2,19-06-2012, Bug
68205,360,0,2,2012-2,26-06-2012, Feature
68213,360,0,2,2012-2,18-06-2012, Feature
68218,360,0,2,2012-2,27-06-2012, Feature
68226,360,0,2,2012-2,28-06-2012, Feature
68232,360,0,2,2012-2,20-06-2012, Feature
68235,360,0,2,2012-2,15-06-2012, Feature
68236,360,0,2,2012-2,21-06-2012, Feature
68238,360,0,2,2012-2,28-06-2012, Feature
68242,360,0,2,2012-2,18-06-2012, Feature
68248,360,0,2,2012-2,26-06-2012, Feature
68250,360,0,2,2012-2,21-06-2012, Feature
68255,360,0,2,2012-2,18-06-2012, Feature
68258,360,0,2,2012-2,20-06-2012, Feature
68259,360,0,2,2012-2,28-06-2012, Feature
68266,360,0,2,2012-2,26-06-2012, Feature
68271,360,0,2,2012-2,19-06-2012, Feature
68274,360,0,2,2012-2,26-06-2012, Feature
68640,360,92,2,2012-2,19-06-2012, Bug
68785,360,5,2,2012-2,26-06-2012, Bug
68883,360,0,2,2012-2,20-06-2012, Feature
68945,360,81,2,2012-2,18-06-2012, Bug
68947,360,64,2,2012-2,19-06-2012, Bug
68954,360,29,2,2012-2,18-06-2012, Feature
68956,360,4,2,2012-2,18-06-2012, Bug
68957,360,116,2,2012-2,19-06-2012, Bug
68962,360,22,2,2012-2,21-06-2012, Bug
68968,360,1,2,2012-2,18-06-2012, Bug
68972,360,1,2,2012-2,19-06-2012, Bug
68975,360,14,2,2012-2,18-06-2012, Bug
68978,360,6,2,2012-2,19-06-2012, Bug
69022,360,71,2,2012-2,19-06-2012, Bug
69030,360,210,2,2012-2,19-06-2012, Feature
69036,360,0,2,2012-2,20-06-2012, Bug
69040,360,82,2,2012-2,19-06-2012, Bug
69053,360,17,2,2012-2,20-06-2012, Bug
69068,360,22,2,2012-2,20-06-2012, Bug
69078,360,6,2,2012-2,20-06-2012, Bug
69097,360,16,2,2012-2,20-06-2012, Bug
69112,360,2,2,2012-2,21-06-2012, Bug
69166,360,40,2,2012-2,26-06-2012, Bug
69194,360,11,2,2012-2,26-06-2012, Bug
69201,360,0,2,2012-2,26-06-2012, Bug
69206,360,0,2,2012-2,26-06-2012, Feature
69215,360,12,2,2012-2,26-06-2012, Bug
69234,360,4,2,2012-2,27-06-2012, Bug
69242,360,33,2,2012-2,27-06-2012, Bug
69244,360,2,2,2012-2,27-06-2012, Bug
69250,360,0,2,2012-2,27-06-2012, Feature
69257,360,9,2,2012-2,27-06-2012, Bug
69265,360,29,2,2012-2,27-06-2012, Bug
69266,360,7,2,2012-2,27-06-2012, Bug
69267,360,6,2,2012-2,27-06-2012, Bug
69274,360,11,2,2012-2,27-06-2012, Bug
69283,360,11,2,2012-2,27-06-2012, Bug
69285,360,47,2,2012-2,28-06-2012, Bug
69287,360,34,2,2012-2,28-06-2012, Feature
69288,360,1,2,2012-2,28-06-2012, Bug
69296,360,142,2,2012-2,28-06-2012, Bug
69297,360,10,2,2012-2,28-06-2012, Bug
69330,360,364,2,2012-2,28-06-2012, Feature
69332,360,155,2,2012-2,28-06-2012, Feature
69334,360,13,2,2012-2,28-06-2012, Bug
69353,360,0,2,2012-2,29-06-2012, Feature
69399,360,24,2,2012-2,30-06-2012, Bug
69400,360,1,2,2012-2,30-06-2012, Bug
69403,360,0,2,2012-3,01-07-2012, Feature
69404,360,0,2,2012-3,01-07-2012, Feature
69406,360,0,2,2012-3,01-07-2012, Feature
69408,360,0,2,2012-3,02-07-2012, Feature
69409,360,0,2,2012-3,01-07-2012, Feature
69424,360,0,2,2012-3,02-07-2012, Feature
69425,360,0,2,2012-3,02-07-2012, Feature
69427,360,0,2,2012-3,03-07-2012, Feature
69445,360,0,2,2012-3,03-07-2012, Feature
70503,360,2,2,2012-3,28-08-2012, Feature
71081,360,2,2,2012-3,06-09-2012, Bug
72664,360,0,2,2012-4,12-12-2012, Feature
72665,360,0,2,2012-4,12-12-2012, Feature
73046,360,0,2,2012-4,20-12-2012, Feature
73051,360,0,2,2012-4,19-12-2012, Feature
73974,360,0,2,2012-4,12-12-2012, Feature
74082,360,0,2,2012-4,12-12-2012, Feature
74132,360,0,2,2012-4,18-12-2012, Feature
74134,360,0,2,2012-4,12-12-2012, Feature
74137,360,0,2,2012-4,12-12-2012, Feature
74138,360,0,2,2012-4,12-12-2012, Feature
74141,360,0,2,2012-4,17-12-2012, Feature
74166,360,0,2,2012-4,12-12-2012, Feature
74168,360,0,2,2012-4,21-12-2012, Feature
74173,360,0,2,2012-4,17-12-2012, Feature
74176,360,0,2,2012-4,12-12-2012, Feature
74180,360,0,2,2012-4,18-12-2012, Feature
74184,360,0,2,2012-4,20-12-2012, Feature
74191,360,0,2,2012-4,12-12-2012, Feature
74196,360,0,2,2012-4,12-12-2012, Feature
74203,360,0,2,2012-4,12-12-2012, Feature
74239,360,0,2,2012-4,12-12-2012, Feature
74255,360,0,2,2012-4,12-12-2012, Feature
74282,360,0,2,2012-4,12-12-2012, Bug
74326,360,52,2,2012-4,13-12-2012, Bug
74397,360,17,2,2012-4,17-12-2012, Bug
74404,360,40,2,2012-4,17-12-2012, Bug
74462,360,113,2,2012-4,18-12-2012, Feature
74463,360,0,2,2012-4,18-12-2012, Feature
74469,360,0,2,2012-4,20-12-2012, Bug
74478,360,12,2,2012-4,19-12-2012, Bug
74503,360,14,2,2012-4,19-12-2012, Bug
74515,360,8,2,2012-4,19-12-2012, Bug
74522,360,20,2,2012-4,20-12-2012, Bug
74548,360,6,2,2012-4,20-12-2012, Bug
74616,360,0,2,2012-4,29-12-2012, Bug
74617,360,146,2,2012-4,29-12-2012, Bug
74621,360,0,2,2012-4,26-12-2012, Feature
74629,360,3,2,2012-4,24-12-2012, Bug
75264,360,0,2,2013-1,21-01-2013, Test Case
75322,360,2,2,2013-1,22-01-2013, Bug
75346,360,8,2,2013-1,21-01-2013, Bug
75628,360,0,2,2013-1,04-02-2013, Test Case
75726,360,0,2,2013-1,04-02-2013, Test Case
76220,360,10,2,2013-1,18-02-2013, Bug
77095,360,0,2,2013-1,18-03-2013, Test Case
77096,360,0,2,2013-1,18-03-2013, Test Case
77097,360,0,2,2013-1,18-03-2013, Test Case
77098,360,0,2,2013-1,18-03-2013, Test Case
77104,360,0,2,2013-1,18-03-2013, Test Case
77105,360,0,2,2013-1,18-03-2013, Test Case
77106,360,0,2,2013-1,18-03-2013, Test Case
77234,360,0,2,2013-1,27-03-2013, Test Case
77238,360,0,2,2013-1,27-03-2013, Test Case
77240,360,0,2,2013-1,27-03-2013, Test Case
77243,360,0,2,2013-1,27-03-2013, Test Case
77253,360,0,2,2013-1,27-03-2013, Test Case
77369,360,0,2,2013-1,27-03-2013, Test Case
77384,360,31,2,2013-1,28-03-2013, Bug
77393,360,10,2,2013-1,28-03-2013, Bug
77425,360,19,2,2013-2,02-04-2013, Bug
77433,360,2,2,2013-2,02-04-2013, Bug
77450,360,0,2,2013-2,02-04-2013, Bug
40435,360,0,3,2011-1,02-02-2011, Feature
51238,360,0,3,2011-2,25-04-2011, Feature
52035,360,0,3,2011-2,05-04-2011, Feature
52039,360,0,3,2011-2,05-04-2011, Feature
52066,360,0,3,2011-2,04-04-2011, Feature
52069,360,0,3,2011-2,04-04-2011, Feature
52073,360,0,3,2011-2,06-04-2011, Feature
52091,360,0,3,2011-2,25-04-2011, Feature
55289,360,13,3,2011-2,05-04-2011, Bug
55502,360,0,3,2011-2,26-04-2011, Feature
55507,360,0,3,2011-2,06-04-2011, Bug
55976,360,14,3,2011-2,12-04-2011, Bug
56001,360,51,3,2011-2,18-04-2011, Bug
56065,360,63,3,2011-2,12-04-2011, Bug
56792,360,56,3,2011-2,12-04-2011, Bug
56832,360,0,3,2011-2,12-04-2011, Feature
56882,360,36,3,2011-2,26-04-2011, Bug
56923,360,28,3,2011-2,27-04-2011, Bug
56956,360,8,3,2011-2,19-04-2011, Bug
57036,360,453,3,2011-2,27-04-2011, Bug
57080,360,52,3,2011-2,29-04-2011, Bug
57081,360,56,3,2011-2,29-04-2011, Bug
57082,360,0,3,2011-2,02-05-2011, Feature
57086,360,7,3,2011-2,29-04-2011, Bug
57144,360,4,3,2011-2,29-04-2011, Bug
57145,360,1,3,2011-2,29-04-2011, Bug
57151,360,245,3,2011-2,02-05-2011, Bug
57154,360,43,3,2011-2,01-05-2011, Feature
57216,360,56,3,2011-2,03-05-2011, Bug
58365,360,0,3,2011-2,14-06-2011, Feature
58367,360,0,3,2011-2,14-06-2011, Feature
58368,360,0,3,2011-2,14-06-2011, Feature
58373,360,0,3,2011-2,14-06-2011, Feature
58374,360,0,3,2011-2,15-06-2011, Feature
60030,360,338,3,2011-4,05-11-2011, Bug
60962,360,18,3,2011-4,02-11-2011, Feature
60987,360,0,3,2011-4,19-10-2011, Feature
60992,360,10,3,2011-4,28-10-2011, Feature
60994,360,0,3,2011-4,02-11-2011, Feature
60995,360,0,3,2011-4,19-10-2011, Feature
60999,360,0,3,2011-4,02-11-2011, Feature
61010,360,0,3,2011-4,31-10-2011, Feature
61373,360,10,3,2012-1,30-01-2012, Bug
61452,360,0,3,2012-1,17-01-2012, Feature
61667,360,0,3,2011-4,02-11-2011, Feature
61684,360,11,3,2011-4,21-10-2011, Bug
61742,360,25,3,2011-4,01-11-2011, Bug
61751,360,17,3,2011-4,31-10-2011, Bug
61806,360,146,3,2011-4,06-11-2011, Bug
61906,360,6,3,2011-4,28-10-2011, Bug
61918,360,8,3,2011-4,03-11-2011, Bug
61933,360,5,3,2011-4,28-10-2011, Bug
61940,360,1,3,2011-4,02-11-2011, Bug
61955,360,22,3,2011-4,02-11-2011, Bug
62035,360,113,3,2011-4,02-11-2011, Bug
62089,360,12,3,2011-4,03-11-2011, Bug
62122,360,0,3,2011-4,05-11-2011, Feature
62123,360,0,3,2011-4,05-11-2011, Feature
62124,360,0,3,2011-4,04-11-2011, Feature
62126,360,113,3,2011-4,04-11-2011, Feature
62131,360,14,3,2011-4,04-11-2011, Bug
62142,360,0,3,2011-4,05-11-2011, Feature
62150,360,0,3,2011-4,05-11-2011, Feature
62159,360,0,3,2011-4,07-11-2011, Feature
62161,360,12,3,2011-4,05-11-2011, Bug
62178,360,12,3,2011-4,05-11-2011, Bug
62187,360,292,3,2011-4,07-11-2011, Bug
62188,360,35,3,2011-4,06-11-2011, Bug
62200,360,2295,3,2011-4,06-11-2011, Bug
62626,360,9,3,2012-1,10-03-2012, Bug
62677,360,0,3,2012-2,05-05-2012, Feature
63388,360,114,3,2011-4,12-12-2011, Bug
63878,360,0,3,2012-1,23-01-2012, Feature
63879,360,0,3,2012-1,30-01-2012, Feature
63886,360,0,3,2012-1,16-01-2012, Feature
63888,360,0,3,2012-1,18-01-2012, Feature
63896,360,0,3,2012-1,25-01-2012, Feature
63897,360,0,3,2012-1,25-01-2012, Feature
63899,360,0,3,2012-1,25-01-2012, Feature
63905,360,0,3,2012-1,31-01-2012, Feature
63924,360,0,3,2012-1,16-01-2012, Feature
63927,360,0,3,2012-1,23-01-2012, Feature
63931,360,0,3,2012-1,31-01-2012, Feature
63936,360,0,3,2012-1,17-01-2012, Feature
63937,360,0,3,2012-1,25-01-2012, Feature
64165,360,0,3,2012-1,23-01-2012, Feature
64239,360,0,3,2012-1,16-01-2012, Feature
64241,360,0,3,2012-1,16-01-2012, Feature
64288,360,0,3,2012-1,01-02-2012, Feature
64295,360,0,3,2012-1,30-01-2012, Feature
64362,360,0,3,2012-1,17-01-2012, Feature
64366,360,80,3,2012-1,16-01-2012, Bug
64383,360,9,3,2012-1,17-01-2012, Bug
64410,360,438,3,2012-1,18-01-2012, Bug
64436,360,176,3,2012-1,18-01-2012, Bug
64438,360,181,3,2012-1,18-01-2012, Bug
64579,360,1,3,2012-1,20-01-2012, Bug
64582,360,8,3,2012-1,23-01-2012, Bug
64606,360,6,3,2012-1,25-01-2012, Bug
64646,360,82406,3,2012-1,25-01-2012, Bug
64702,360,59,3,2012-1,25-01-2012, Bug
64729,360,84,3,2012-1,15-02-2012, Bug
64731,360,10,3,2012-1,27-01-2012, Feature
64771,360,33,3,2012-1,30-01-2012, Feature
64777,360,94,3,2012-1,31-01-2012, Bug
64803,360,62,3,2012-1,31-01-2012, Bug
64928,360,5,3,2012-1,03-02-2012, Bug
64935,360,63,3,2012-1,06-02-2012, Bug
65810,360,95,3,2012-1,20-03-2012, Bug
65949,360,2,3,2012-1,05-03-2012, Bug
66043,360,172,3,2012-1,06-03-2012, Bug
66133,360,109,3,2012-1,09-03-2012, Feature
66134,360,96,3,2012-1,09-03-2012, Feature
66288,360,34,3,2012-1,12-03-2012, Bug
66333,360,2,3,2012-1,13-03-2012, Bug
66354,360,793,3,2012-1,13-03-2012, Feature
66468,360,128,3,2012-1,19-03-2012, Bug
67513,360,2,3,2012-2,08-05-2012, Bug
68212,360,0,3,2012-2,23-06-2012, Feature
68215,360,0,3,2012-2,19-06-2012, Feature
68220,360,0,3,2012-2,23-06-2012, Feature
68221,360,0,3,2012-2,23-06-2012, Feature
68228,360,0,3,2012-2,27-06-2012, Feature
68234,360,0,3,2012-2,20-06-2012, Feature
68240,360,0,3,2012-2,19-06-2012, Feature
68241,360,0,3,2012-2,26-06-2012, Feature
68254,360,0,3,2012-2,19-06-2012, Feature
68272,360,0,3,2012-2,16-06-2012, Feature
68377,360,28,3,2012-2,16-06-2012, Bug
68876,360,0,3,2012-2,16-06-2012, Feature
68878,360,0,3,2012-2,16-06-2012, Feature
68882,360,0,3,2012-2,26-06-2012, Feature
68923,360,15,3,2012-2,16-06-2012, Bug
68960,360,18,3,2012-2,18-06-2012, Bug
68983,360,22,3,2012-2,20-06-2012, Bug
69032,360,1,3,2012-2,19-06-2012, Bug
69045,360,2,3,2012-2,20-06-2012, Bug
69051,360,67,3,2012-2,20-06-2012, Bug
69075,360,0,3,2012-2,23-06-2012, Feature
69151,360,92,3,2012-2,22-06-2012, Bug
69153,360,1,3,2012-2,22-06-2012, Bug
69162,360,29,3,2012-2,26-06-2012, Bug
69169,360,8,3,2012-2,26-06-2012, Bug
69173,360,2,3,2012-2,22-06-2012, Bug
69176,360,0,3,2012-2,25-06-2012, Feature
69236,360,31,3,2012-2,28-06-2012, Bug
69252,360,38,3,2012-2,27-06-2012, Bug
69294,360,227,3,2012-2,28-06-2012, Bug
69359,360,0,3,2012-2,29-06-2012, Bug
69361,360,1,3,2012-2,29-06-2012, Bug
69370,360,11,3,2012-2,29-06-2012, Bug
69384,360,2,3,2012-2,29-06-2012, Bug
69387,360,138,3,2012-2,30-06-2012, Bug
69388,360,24,3,2012-2,29-06-2012, Bug
69389,360,21,3,2012-2,29-06-2012, Bug
69391,360,13,3,2012-2,29-06-2012, Bug
69394,360,26,3,2012-2,29-06-2012, Bug
69396,360,182,3,2012-2,30-06-2012, Bug
69397,360,5,3,2012-2,30-06-2012, Bug
69398,360,90,3,2012-2,30-06-2012, Bug
70003,360,0,3,2012-3,15-09-2012, Feature
70076,360,0,3,2012-3,15-09-2012, Feature
70078,360,0,3,2012-3,15-09-2012, Feature
70079,360,0,3,2012-3,15-09-2012, Feature
70094,360,0,3,2012-3,15-09-2012, Feature
70104,360,0,3,2012-3,15-09-2012, Feature
70136,360,0,3,2012-3,15-09-2012, Feature
70465,360,75,3,2012-3,21-08-2012, Feature
70790,360,9,3,2012-3,04-09-2012, Bug
71051,360,2,3,2012-3,05-09-2012, Bug
72480,360,0,3,2012-4,18-12-2012, Feature
72666,360,0,3,2012-4,17-12-2012, Feature
73976,360,0,3,2012-4,17-12-2012, Feature
74080,360,0,3,2012-4,12-12-2012, Feature
74129,360,0,3,2012-4,12-12-2012, Feature
74160,360,0,3,2012-4,12-12-2012, Feature
74177,360,0,3,2012-4,12-12-2012, Feature
74183,360,0,3,2012-4,17-12-2012, Feature
74192,360,0,3,2012-4,12-12-2012, Feature
74194,360,0,3,2012-4,12-12-2012, Feature
74202,360,0,3,2012-4,12-12-2012, Feature
74204,360,0,3,2012-4,14-12-2012, Feature
74206,360,0,3,2012-4,12-12-2012, Feature
74238,360,0,3,2012-4,18-12-2012, Feature
74254,360,0,3,2012-4,12-12-2012, Feature
74339,360,231,3,2012-4,14-12-2012, Bug
74345,360,6,3,2012-4,14-12-2012, Bug
74461,360,164,3,2012-4,18-12-2012, Feature
74582,360,0,3,2012-4,22-12-2012, Feature
74609,360,64,3,2012-4,21-12-2012, Bug
74618,360,0,3,2012-4,24-12-2012, Feature
74622,360,0,3,2012-4,24-12-2012, Feature
74624,360,8,3,2012-4,24-12-2012, Feature
75997,360,0,3,2013-1,15-02-2013, Test Case
76240,360,0,3,2013-1,15-02-2013, Test Case
76259,360,0,3,2013-1,15-02-2013, Test Case
77233,360,0,3,2013-1,27-03-2013, Test Case
77237,360,0,3,2013-1,27-03-2013, Test Case
77239,360,0,3,2013-1,27-03-2013, Test Case
77250,360,0,3,2013-1,25-03-2013, Test Case
77288,360,0,3,2013-1,26-03-2013, Test Case
77389,360,11,3,2013-1,27-03-2013, Bug
40431,360,0,4,2011-1,04-02-2011, Feature
51240,360,0,4,2011-2,18-04-2011, Feature
52036,360,0,4,2011-2,21-04-2011, Feature
52082,360,0,4,2011-2,15-04-2011, Feature
52088,360,0,4,2011-2,26-04-2011, Feature
52092,360,0,4,2011-2,12-04-2011, Feature
52100,360,0,4,2011-2,26-04-2011, Feature
55117,360,0,4,2011-2,05-04-2011, Bug
55599,360,64,4,2011-2,11-04-2011, Bug
56581,360,10,4,2011-2,11-04-2011, Bug
56906,360,5,4,2011-2,14-04-2011, Bug
56908,360,0,4,2011-2,25-04-2011, Feature
57050,360,0,4,2011-2,28-04-2011, Feature
57058,360,29,4,2011-2,29-04-2011, Bug
57066,360,115,4,2011-2,28-04-2011, Feature
57072,360,33,4,2011-2,29-04-2011, Bug
57083,360,0,4,2011-2,02-05-2011, Feature
57084,360,27,4,2011-2,29-04-2011, Bug
60977,360,0,4,2011-4,31-10-2011, Feature
60983,360,0,4,2011-4,28-10-2011, Feature
60991,360,0,4,2011-4,28-10-2011, Feature
60993,360,0,4,2011-4,18-10-2011, Feature
61015,360,0,4,2011-4,05-11-2011, Feature
61534,360,0,4,2011-4,05-11-2011, Feature
61804,360,6,4,2011-4,26-10-2011, Bug
61805,360,6,4,2011-4,26-10-2011, Bug
61849,360,41,4,2011-4,27-10-2011, Bug
61877,360,14,4,2011-4,31-10-2011, Bug
61902,360,69,4,2011-4,28-10-2011, Bug
61912,360,56,4,2011-4,29-10-2011, Bug
61937,360,27,4,2011-4,31-10-2011, Bug
61984,360,0,4,2011-4,02-11-2011, Bug
62050,360,168,4,2011-4,04-11-2011, Bug
62095,360,20,4,2011-4,03-11-2011, Bug
62134,360,0,4,2011-4,06-11-2011, Feature
62172,360,217,4,2011-4,05-11-2011, Bug
62184,360,40,4,2011-4,06-11-2011, Bug
62932,360,40,4,2012-1,20-03-2012, Bug
63883,360,49,4,2012-1,31-01-2012, Feature
63903,360,0,4,2012-1,19-01-2012, Feature
63909,360,0,4,2012-1,30-01-2012, Feature
63914,360,0,4,2012-1,27-01-2012, Feature
63917,360,0,4,2012-1,20-01-2012, Feature
63928,360,0,4,2012-1,20-01-2012, Feature
63929,360,0,4,2012-1,27-01-2012, Feature
63932,360,0,4,2012-1,27-01-2012, Feature
64236,360,0,4,2012-1,20-01-2012, Feature
64243,360,0,4,2012-1,20-01-2012, Feature
64282,360,0,4,2012-1,31-01-2012, Feature
64371,360,6,4,2012-1,17-01-2012, Bug
64491,360,277,4,2012-1,19-01-2012, Bug
64510,360,742,4,2012-1,24-01-2012, Bug
64515,360,20,4,2012-1,20-01-2012, Bug
64633,360,1,4,2012-1,23-01-2012, Bug
64736,360,12,4,2012-1,27-01-2012, Bug
64807,360,245,4,2012-1,31-01-2012, Feature
64835,360,86,4,2012-1,31-01-2012, Bug
64932,360,1,4,2012-1,03-02-2012, Bug
64940,360,5,4,2012-1,03-02-2012, Bug
65103,360,0,4,2012-1,17-03-2012, Bug
65380,360,1,4,2012-1,03-03-2012, Bug
65842,360,3,4,2012-1,03-03-2012, Bug
65901,360,1,4,2012-1,03-03-2012, Bug
65902,360,1,4,2012-1,03-03-2012, Bug
66135,360,96,4,2012-1,09-03-2012, Feature
66362,360,16,4,2012-1,16-03-2012, Bug
66401,360,16,4,2012-1,16-03-2012, Bug
66462,360,16,4,2012-1,16-03-2012, Bug
67738,360,8,4,2012-2,04-05-2012, Bug
67754,360,109,4,2012-2,04-05-2012, Feature
68190,360,0,4,2012-2,15-06-2012, Feature
68192,360,0,4,2012-2,16-06-2012, Feature
68196,360,0,4,2012-2,15-06-2012, Feature
68197,360,0,4,2012-2,16-06-2012, Feature
68203,360,0,4,2012-2,15-06-2012, Feature
68210,360,0,4,2012-2,23-06-2012, Feature
68214,360,0,4,2012-2,16-06-2012, Feature
68224,360,0,4,2012-2,23-06-2012, Feature
68231,360,0,4,2012-2,15-06-2012, Feature
68237,360,1,4,2012-2,25-06-2012, Feature
68243,360,0,4,2012-2,22-06-2012, Feature
68244,360,0,4,2012-2,23-06-2012, Feature
68247,360,0,4,2012-2,16-06-2012, Feature
68265,360,0,4,2012-2,15-06-2012, Feature
68267,360,0,4,2012-2,16-06-2012, Feature
68269,360,0,4,2012-2,23-06-2012, Feature
68763,360,0,4,2012-2,23-06-2012, Feature
68877,360,0,4,2012-2,16-06-2012, Feature
68891,360,5,4,2012-2,15-06-2012, Bug
68892,360,31,4,2012-2,15-06-2012, Bug
68893,360,0,4,2012-2,15-06-2012, Bug
68911,360,0,4,2012-2,15-06-2012, Bug
68921,360,177,4,2012-2,16-06-2012, Bug
68924,360,106,4,2012-2,16-06-2012, Bug
68955,360,28,4,2012-2,19-06-2012, Bug
68976,360,0,4,2012-2,19-06-2012, Bug
69006,360,33,4,2012-2,22-06-2012, Bug
69008,360,32,4,2012-2,22-06-2012, Bug
69013,360,125,4,2012-2,19-06-2012, Bug
69060,360,2,4,2012-2,21-06-2012, Bug
69069,360,0,4,2012-2,23-06-2012, Feature
69071,360,0,4,2012-2,22-06-2012, Feature
69074,360,0,4,2012-2,23-06-2012, Feature
69080,360,0,4,2012-2,23-06-2012, Bug
69098,360,14,4,2012-2,26-06-2012, Bug
69101,360,1,4,2012-2,22-06-2012, Bug
69122,360,5,4,2012-2,22-06-2012, Bug
69131,360,22,4,2012-2,21-06-2012, Bug
69144,360,402,4,2012-2,22-06-2012, Feature
69149,360,7,4,2012-2,22-06-2012, Bug
69156,360,2,4,2012-2,23-06-2012, Bug
69164,360,0,4,2012-2,23-06-2012, Bug
69167,360,9,4,2012-2,23-06-2012, Bug
69175,360,2,4,2012-2,26-06-2012, Bug
69197,360,39,4,2012-2,25-06-2012, Bug
69199,360,99,4,2012-2,25-06-2012, Bug
69207,360,6,4,2012-2,26-06-2012, Bug
69301,360,7,4,2012-2,29-06-2012, Bug
69311,360,0,4,2012-2,29-06-2012, Bug
69331,360,90,4,2012-2,28-06-2012, Feature
69337,360,227,4,2012-2,28-06-2012, Bug
69362,360,3,4,2012-2,29-06-2012, Bug
69366,360,45,4,2012-2,29-06-2012, Bug
70838,360,9,4,2012-3,04-09-2012, Bug
71133,360,3,4,2012-3,29-09-2012, Bug
71173,360,59,4,2012-3,22-09-2012, Bug
71175,360,69,4,2012-3,22-09-2012, Bug
74135,360,0,4,2012-4,15-12-2012, Feature
74159,360,0,4,2012-4,14-12-2012, Feature
74316,360,1,4,2012-4,14-12-2012, Bug
74382,360,30,4,2012-4,14-12-2012, Bug
74541,360,6,4,2012-4,21-12-2012, Bug
74583,360,0,4,2012-4,21-12-2012, Feature
75140,360,0,4,2013-1,18-01-2013, Test Case
75142,360,0,4,2013-1,18-01-2013, Test Case
75144,360,0,4,2013-1,18-01-2013, Test Case
75145,360,0,4,2013-1,18-01-2013, Test Case
75146,360,0,4,2013-1,18-01-2013, Test Case
75223,360,0,4,2013-1,18-01-2013, Test Case
75261,360,0,4,2013-1,18-01-2013, Test Case
75265,360,0,4,2013-1,18-01-2013, Test Case
75266,360,0,4,2013-1,18-01-2013, Test Case
75269,360,0,4,2013-1,18-01-2013, Test Case
75270,360,0,4,2013-1,18-01-2013, Test Case
75983,360,0,4,2013-1,15-02-2013, Test Case
75991,360,0,4,2013-1,15-02-2013, Test Case
75992,360,0,4,2013-1,15-02-2013, Test Case
75993,360,0,4,2013-1,15-02-2013, Test Case
75994,360,0,4,2013-1,15-02-2013, Test Case
76242,360,0,4,2013-1,15-02-2013, Test Case
76245,360,0,4,2013-1,15-02-2013, Test Case
76246,360,0,4,2013-1,15-02-2013, Test Case
76250,360,0,4,2013-1,15-02-2013, Test Case
76260,360,0,4,2013-1,15-02-2013, Test Case
76261,360,0,4,2013-1,15-02-2013, Test Case
77247,360,0,4,2013-1,25-03-2013, Test Case
77248,360,0,4,2013-1,25-03-2013, Test Case
77249,360,0,4,2013-1,25-03-2013, Test Case
77251,360,0,4,2013-1,25-03-2013, Test Case
77257,360,0,4,2013-1,25-03-2013, Test Case
77368,360,0,4,2013-1,29-03-2013, Test Case
77405,360,13,4,2013-1,29-03-2013, Bug
77407,360,32,4,2013-1,28-03-2013, Bug
40413,360,0,5,2011-1,04-02-2011, Feature
40432,360,0,5,2011-1,04-02-2011, Feature
40444,360,0,5,2011-1,03-02-2011, Feature
51244,360,0,5,2011-2,25-04-2011, Feature
51249,360,0,5,2011-2,15-04-2011, Feature
52033,360,0,5,2011-2,21-04-2011, Feature
52086,360,0,5,2011-2,07-04-2011, Feature
55316,360,7,5,2011-2,06-04-2011, Feature
55540,360,7,5,2011-2,06-04-2011, Bug
56064,360,17,5,2011-2,11-04-2011, Bug
56530,360,1,5,2011-2,11-04-2011, Bug
56841,360,1,5,2011-2,14-04-2011, Bug
56876,360,3,5,2011-2,13-04-2011, Bug
56880,360,52,5,2011-2,14-04-2011, Bug
56890,360,45,5,2011-2,14-04-2011, Bug
57044,360,421,5,2011-2,27-04-2011, Bug
57045,360,442,5,2011-2,27-04-2011, Bug
57053,360,1,5,2011-2,28-04-2011, Bug
57054,360,7,5,2011-2,27-04-2011, Bug
57140,360,191,5,2011-2,29-04-2011, Bug
59857,360,2,5,2011-3,17-08-2011, Bug
60966,360,0,5,2011-4,27-10-2011, Feature
60979,360,0,5,2011-4,24-10-2011, Feature
60981,360,0,5,2011-4,31-10-2011, Feature
61005,360,0,5,2011-4,04-11-2011, Feature
61962,360,1,5,2011-4,31-10-2011, Bug
62108,360,255,5,2011-4,04-11-2011, Bug
63922,360,0,5,2012-1,19-01-2012, Feature
63925,360,0,5,2012-1,19-01-2012, Feature
63938,360,0,5,2012-1,26-01-2012, Feature
63940,360,0,5,2012-1,30-01-2012, Feature
64455,360,20,5,2012-1,23-01-2012, Bug
64479,360,6,5,2012-1,18-01-2012, Bug
64682,360,2,5,2012-1,25-01-2012, Bug
64699,360,22,5,2012-1,25-01-2012, Bug
64704,360,56,5,2012-1,25-01-2012, Bug
65228,360,0,5,2012-1,25-02-2012, Bug
65230,360,0,5,2012-1,25-02-2012, Bug
68194,360,0,5,2012-2,16-06-2012, Feature
68211,360,0,5,2012-2,23-06-2012, Feature
68222,360,0,5,2012-2,15-06-2012, Feature
68229,360,0,5,2012-2,22-06-2012, Feature
68245,360,0,5,2012-2,23-06-2012, Feature
68249,360,0,5,2012-2,21-06-2012, Feature
68527,360,4,5,2012-2,07-06-2012, Bug
68761,360,0,5,2012-2,23-06-2012, Feature
68879,360,0,5,2012-2,16-06-2012, Feature
68880,360,0,5,2012-2,23-06-2012, Feature
68884,360,0,5,2012-2,21-06-2012, Feature
68885,360,0,5,2012-2,23-06-2012, Feature
68903,360,60,5,2012-2,15-06-2012, Bug
69011,360,0,5,2012-2,22-06-2012, Feature
69100,360,76,5,2012-2,21-06-2012, Bug
69108,360,0,5,2012-2,21-06-2012, Bug
69118,360,61,5,2012-2,21-06-2012, Bug
69123,360,18,5,2012-2,21-06-2012, Bug
69126,360,30,5,2012-2,22-06-2012, Bug
69148,360,8,5,2012-2,23-06-2012, Bug
69154,360,76,5,2012-2,22-06-2012, Bug
69186,360,241,5,2012-2,25-06-2012, Feature
70088,360,0,5,2012-3,15-09-2012, Feature
70329,360,0,5,2012-3,01-09-2012, Feature
70821,360,198,5,2012-3,29-08-2012, Feature
73047,360,0,5,2012-4,20-12-2012, Feature
74171,360,0,5,2012-4,12-12-2012, Feature
74172,360,0,5,2012-4,13-12-2012, Feature
74175,360,0,5,2012-4,12-12-2012, Feature
74178,360,0,5,2012-4,14-12-2012, Feature
74189,360,0,5,2012-4,12-12-2012, Feature
74193,360,0,5,2012-4,14-12-2012, Feature
74296,360,67,5,2012-4,12-12-2012, Feature
74298,360,115,5,2012-4,12-12-2012, Bug
74389,360,144,5,2012-4,17-12-2012, Bug
74646,360,0,5,2012-4,27-12-2012, Feature
74648,360,0,5,2012-4,27-12-2012, Feature
74649,360,0,5,2012-4,27-12-2012, Feature
75141,360,0,5,2013-1,18-01-2013, Test Case
75143,360,0,5,2013-1,18-01-2013, Test Case
75259,360,0,5,2013-1,18-01-2013, Test Case
75267,360,0,5,2013-1,18-01-2013, Test Case
75984,360,0,5,2013-1,15-02-2013, Test Case
75985,360,0,5,2013-1,15-02-2013, Test Case
75987,360,0,5,2013-1,15-02-2013, Test Case
76236,360,0,5,2013-1,15-02-2013, Test Case
76237,360,0,5,2013-1,15-02-2013, Test Case
76247,360,0,5,2013-1,15-02-2013, Test Case
76248,360,0,5,2013-1,15-02-2013, Test Case
76262,360,0,5,2013-1,15-02-2013, Test Case
77259,360,0,5,2013-1,28-03-2013, Test Case
40409,360,0,6,2011-1,02-02-2011, Feature
40417,360,0,6,2011-1,04-02-2011, Feature
40422,360,0,6,2011-1,04-02-2011, Feature
40437,360,0,6,2011-1,03-02-2011, Feature
40442,360,0,6,2011-1,02-02-2011, Feature
40450,360,0,6,2011-1,04-02-2011, Feature
51239,360,0,6,2011-2,15-04-2011, Feature
51247,360,0,6,2011-2,20-04-2011, Feature
52037,360,0,6,2011-2,13-04-2011, Feature
52068,360,0,6,2011-2,07-04-2011, Feature
52077,360,0,6,2011-2,13-04-2011, Feature
52094,360,0,6,2011-2,21-04-2011, Feature
54470,360,1,6,2011-2,06-04-2011, Bug
55508,360,75,6,2011-2,07-04-2011, Bug
55509,360,103,6,2011-2,07-04-2011, Bug
55544,360,3,6,2011-2,13-04-2011, Bug
56902,360,0,6,2011-2,20-04-2011, Feature
56987,360,37,6,2011-2,20-04-2011, Feature
56996,360,2,6,2011-2,21-04-2011, Bug
56997,360,33,6,2011-2,27-04-2011, Bug
57057,360,179,6,2011-2,28-04-2011, Bug
59814,360,0,6,2011-4,02-11-2011, Bug
60967,360,0,6,2011-4,26-10-2011, Feature
60997,360,0,6,2011-4,28-10-2011, Feature
61716,360,25,6,2011-4,21-10-2011, Bug
61922,360,0,6,2011-4,28-10-2011, Feature
63930,360,3,6,2012-1,19-01-2012, Feature
64456,360,9,6,2012-1,18-01-2012, Feature
64518,360,39,6,2012-1,20-01-2012, Bug
64689,360,17,6,2012-1,25-01-2012, Bug
64710,360,79,6,2012-1,26-01-2012, Bug
65137,360,0,6,2012-1,10-02-2012, Bug
65664,360,31,6,2012-1,22-02-2012, Bug
65666,360,6,6,2012-1,22-02-2012, Bug
65771,360,8,6,2012-1,29-02-2012, Bug
65793,360,57,6,2012-1,02-03-2012, Bug
67004,360,13,6,2012-1,30-03-2012, Bug
67358,360,0,6,2012-2,18-04-2012, Feature
68195,360,0,6,2012-2,20-06-2012, Feature
68223,360,0,6,2012-2,20-06-2012, Feature
68227,360,0,6,2012-2,29-06-2012, Feature
68268,360,0,6,2012-2,16-06-2012, Feature
68370,360,1,6,2012-2,01-06-2012, Bug
68376,360,28,6,2012-2,16-06-2012, Bug
68424,360,0,6,2012-2,16-06-2012, Bug
68437,360,26,6,2012-2,01-06-2012, Bug
68758,360,50,6,2012-2,16-06-2012, Bug
68764,360,0,6,2012-2,26-06-2012, Bug
68894,360,49,6,2012-2,15-06-2012, Bug
69043,360,0,6,2012-2,22-06-2012, Bug
69046,360,25,6,2012-2,19-06-2012, Feature
69047,360,26,6,2012-2,20-06-2012, Bug
69081,360,132,6,2012-2,20-06-2012, Bug
69110,360,486,6,2012-2,21-06-2012, Bug
69111,360,97,6,2012-2,23-06-2012, Feature
70342,360,98,6,2012-3,14-09-2012, Bug
70343,360,105,6,2012-3,14-09-2012, Bug
70657,360,0,6,2012-3,24-08-2012, Feature
71691,360,4,6,2012-3,26-09-2012, Bug
74096,360,0,6,2012-4,12-12-2012, Feature
74098,360,0,6,2012-4,12-12-2012, Feature
74165,360,0,6,2012-4,12-12-2012, Feature
74167,360,0,6,2012-4,12-12-2012, Feature
74186,360,0,6,2012-4,12-12-2012, Feature
74198,360,0,6,2012-4,12-12-2012, Feature
74527,360,3992,6,2012-4,21-12-2012, Bug
76358,360,11,6,2013-1,19-02-2013, Bug
77232,360,0,6,2013-1,27-03-2013, Test Case
40426,360,0,7,2011-1,03-02-2011, Feature
40447,360,0,7,2011-1,02-02-2011, Feature
40457,360,0,7,2011-1,03-02-2011, Feature
51250,360,0,7,2011-2,01-04-2011, Feature
52034,360,0,7,2011-2,05-04-2011, Feature
52065,360,0,7,2011-2,05-04-2011, Feature
55339,360,25,7,2011-2,06-04-2011, Bug
56526,360,27,7,2011-2,13-04-2011, Bug
57008,360,162,7,2011-2,26-04-2011, Bug
58372,360,0,7,2011-2,14-06-2011, Feature
60969,360,0,7,2011-4,28-10-2011, Feature
61666,360,86,7,2011-4,21-10-2011, Feature
61713,360,5,7,2011-4,25-10-2011, Bug
61797,360,43,7,2011-4,28-10-2011, Bug
61881,360,13,7,2011-4,27-10-2011, Bug
64412,360,42,7,2012-1,17-01-2012, Feature
64631,360,117,7,2012-1,24-01-2012, Bug
64645,360,4,7,2012-1,25-01-2012, Bug
64671,360,134,7,2012-1,25-01-2012, Bug
64672,360,36,7,2012-1,25-01-2012, Feature
64779,360,47,7,2012-1,31-01-2012, Bug
66218,360,1,7,2012-1,09-03-2012, Bug
67808,360,15,7,2012-2,16-06-2012, Bug
68225,360,0,7,2012-2,21-06-2012, Feature
68953,360,67,7,2012-2,18-06-2012, Bug
69139,360,3,7,2012-2,21-06-2012, Feature
70048,360,0,7,2012-3,07-08-2012, Feature
70659,360,0,7,2012-3,30-08-2012, Feature
71329,360,0,7,2012-3,19-09-2012, Feature
74081,360,0,7,2012-4,12-12-2012, Feature
74083,360,0,7,2012-4,12-12-2012, Feature
74131,360,0,7,2012-4,12-12-2012, Feature
74170,360,0,7,2012-4,12-12-2012, Feature
74181,360,0,7,2012-4,12-12-2012, Feature
74205,360,0,7,2012-4,12-12-2012, Feature
77100,360,0,7,2013-1,18-03-2013, Test Case
77241,360,0,7,2013-1,27-03-2013, Test Case
77255,360,0,7,2013-1,27-03-2013, Test Case
40407,360,0,8,2011-1,02-02-2011, Feature
40433,360,0,8,2011-1,02-02-2011, Feature
40443,360,0,8,2011-1,02-02-2011, Feature
51237,360,0,8,2011-2,19-04-2011, Feature
51248,360,0,8,2011-2,18-04-2011, Feature
52074,360,0,8,2011-2,12-04-2011, Feature
56012,360,48,8,2011-2,13-04-2011, Bug
56055,360,71,8,2011-2,11-04-2011, Bug
56924,360,7,8,2011-2,18-04-2011, Bug
56974,360,81,8,2011-2,19-04-2011, Bug
60972,360,0,8,2011-4,28-10-2011, Feature
61008,360,0,8,2011-4,28-10-2011, Feature
61012,360,0,8,2011-4,26-10-2011, Feature
61875,360,40,8,2011-4,28-10-2011, Bug
61897,360,8,8,2011-4,28-10-2011, Bug
61910,360,51,8,2011-4,28-10-2011, Feature
63660,360,0,8,2012-1,08-02-2012, Bug
63733,360,192,8,2012-1,25-01-2012, Bug
63911,360,0,8,2012-1,30-01-2012, Feature
63942,360,0,8,2012-1,20-01-2012, Feature
63997,360,373,8,2012-1,26-01-2012, Bug
64229,360,0,8,2012-1,24-01-2012, Feature
64363,360,0,8,2012-1,30-01-2012, Feature
64466,360,111,8,2012-1,21-02-2012, Feature
64627,360,155,8,2012-1,23-01-2012, Bug
64683,360,123,8,2012-1,25-01-2012, Feature
64723,360,118,8,2012-1,27-01-2012, Bug
64897,360,8,8,2012-1,14-03-2012, Bug
66070,360,54,8,2012-1,09-03-2012, Bug
68447,360,13,8,2012-2,14-06-2012, Bug
68748,360,45,8,2012-2,12-06-2012, Feature
68917,360,31,8,2012-2,19-06-2012, Bug
68974,360,2,8,2012-2,18-06-2012, Bug
68980,360,1482,8,2012-2,18-06-2012, Bug
71212,360,62,8,2012-3,11-09-2012, Bug
73858,360,5488,8,2013-1,14-01-2013, Bug
73968,360,0,8,2012-4,12-12-2012, Feature
73970,360,0,8,2012-4,12-12-2012, Feature
73971,360,0,8,2012-4,12-12-2012, Feature
73975,360,0,8,2012-4,13-12-2012, Feature
73979,360,0,8,2012-4,12-12-2012, Feature
74099,360,0,8,2012-4,12-12-2012, Feature
74161,360,0,8,2012-4,12-12-2012, Feature
74174,360,0,8,2012-4,12-12-2012, Feature
74201,360,0,8,2012-4,12-12-2012, Feature
77242,360,0,8,2013-1,25-03-2013, Test Case
77252,360,0,8,2013-1,25-03-2013, Test Case
40421,360,0,9,2011-1,08-02-2011, Feature
40436,360,0,9,2011-1,08-02-2011, Feature
40445,360,0,9,2011-1,03-02-2011, Feature
51242,360,0,9,2011-2,18-04-2011, Feature
52087,360,0,9,2011-2,07-04-2011, Feature
56916,360,10,9,2011-2,19-04-2011, Bug
57055,360,169,9,2011-2,28-04-2011, Bug
57935,360,10,9,2011-2,21-06-2011, Bug
60984,360,0,9,2011-4,26-10-2011, Feature
60998,360,0,9,2011-4,20-10-2011, Feature
61521,360,0,9,2011-4,26-10-2011, Feature
61887,360,94,9,2011-4,27-10-2011, Bug
64238,360,0,9,2012-1,26-01-2012, Feature
65014,360,153,9,2012-1,08-03-2012, Bug
65189,360,93,9,2012-1,16-02-2012, Bug
65750,360,1,9,2012-1,29-02-2012, Bug
65757,360,1,9,2012-1,28-02-2012, Bug
65912,360,19,9,2012-1,03-03-2012, Bug
65913,360,19,9,2012-1,03-03-2012, Bug
65914,360,19,9,2012-1,03-03-2012, Bug
66329,360,1593,9,2012-1,13-03-2012, Feature
66396,360,27,9,2012-1,21-03-2012, Bug
68090,360,34,9,2012-2,22-05-2012, Bug
69021,360,438,9,2012-2,19-06-2012, Bug
74130,360,0,9,2012-4,12-12-2012, Feature
74187,360,0,9,2012-4,12-12-2012, Feature
74188,360,0,9,2012-4,12-12-2012, Feature
74190,360,0,9,2012-4,12-12-2012, Feature
77244,360,0,9,2013-1,25-03-2013, Test Case
40410,360,0,10,2011-1,02-02-2011, Feature
40452,360,0,10,2011-1,02-02-2011, Feature
55485,360,2,10,2011-2,06-04-2011, Bug
60961,360,0,10,2011-4,28-10-2011, Feature
60971,360,0,10,2011-4,26-10-2011, Feature
60978,360,0,10,2011-4,19-10-2011, Feature
61011,360,0,10,2011-4,28-10-2011, Feature
61455,360,0,10,2011-4,26-10-2011, Feature
61531,360,0,10,2011-4,26-10-2011, Feature
61739,360,8,10,2011-4,21-10-2011, Bug
62183,360,27,10,2012-1,25-01-2012, Feature
63017,360,12,10,2012-1,07-02-2012, Bug
64403,360,14,10,2012-1,18-01-2012, Bug
64586,360,247,10,2012-1,23-01-2012, Bug
66313,360,27,10,2012-1,20-03-2012, Bug
67239,360,87,10,2012-2,23-06-2012, Feature
68375,360,40,10,2012-2,08-06-2012, Bug
68857,360,198,10,2012-2,19-06-2012, Feature
68863,360,0,10,2012-2,23-06-2012, Feature
70106,360,0,10,2012-3,25-08-2012, Feature
76255,360,1,10,2013-1,15-02-2013, Test Case
52096,360,0,11,2011-2,04-04-2011, Feature
60985,360,0,11,2011-4,18-10-2011, Feature
63134,360,49,11,2012-2,21-06-2012, Feature
67400,360,0,11,2012-2,28-04-2012, Feature
68246,360,0,11,2012-2,23-06-2012, Feature
68742,360,0,11,2012-2,23-06-2012, Feature
70130,360,0,11,2012-3,15-09-2012, Feature
51236,360,0,12,2011-2,14-04-2011, Feature
52070,360,0,12,2011-2,07-04-2011, Feature
56910,360,112,12,2011-2,15-04-2011, Bug
56912,360,6,12,2011-2,14-04-2011, Bug
56928,360,36,12,2011-2,15-04-2011, Bug
58133,360,0,12,2011-2,09-06-2011, Bug
61001,360,0,12,2011-4,24-10-2011, Feature
63235,360,118,12,2012-1,17-02-2012, Bug
63236,360,118,12,2012-1,17-02-2012, Bug
63480,360,0,12,2012-1,23-02-2012, Bug
64285,360,0,12,2012-1,26-01-2012, Feature
67084,360,1,12,2012-2,12-04-2012, Bug
70071,360,0,12,2012-3,25-08-2012, Feature
70127,360,0,12,2012-3,15-09-2012, Feature
74253,360,0,12,2012-4,12-12-2012, Feature
19752,360,13,13,2010-3,24-09-2010, Bug
56872,360,3,13,2011-2,14-04-2011, Bug
56879,360,1,13,2011-2,13-04-2011, Bug
56894,360,1,13,2011-2,14-04-2011, Bug
61226,360,26,13,2012-1,17-02-2012, Bug
62774,360,10,13,2012-1,08-02-2012, Bug
63231,360,0,13,2012-1,08-02-2012, Bug
63349,360,2,13,2012-1,08-02-2012, Bug
64900,360,111,13,2012-1,03-02-2012, Bug
67421,360,1,13,2012-2,12-05-2012, Feature
70037,360,0,13,2012-3,05-09-2012, Feature
70658,360,0,13,2012-3,24-08-2012, Feature
73977,360,0,13,2012-4,12-12-2012, Feature
74169,360,0,13,2012-4,12-12-2012, Feature
56887,360,2,14,2011-2,14-04-2011, Bug
58460,360,2,14,2011-4,19-10-2011, Bug
58827,360,1,14,2011-4,05-11-2011, Bug
60960,360,0,14,2011-4,20-10-2011, Feature
61530,360,44,14,2011-4,26-10-2011, Feature
61661,360,11,14,2011-4,19-10-2011, Bug
63477,360,23,14,2012-1,07-02-2012, Bug
64721,360,84,14,2012-1,15-02-2012, Bug
70068,360,0,14,2012-3,10-08-2012, Feature
27509,360,59,15,2010-4,03-11-2010, Bug
40453,360,0,15,2011-1,04-02-2011, Feature
52031,360,0,15,2011-1,25-03-2011, Feature
61650,360,2,15,2011-4,19-10-2011, Bug
62327,360,226,15,2012-1,14-02-2012, Bug
64291,360,158,15,2012-1,02-02-2012, Feature
64365,360,11,15,2012-1,16-01-2012, Bug
64420,360,83,15,2012-1,18-01-2012, Bug
70980,360,6,15,2012-3,10-09-2012, Bug
71052,360,4,15,2012-3,05-09-2012, Bug
71172,360,59,15,2012-3,10-09-2012, Bug
71174,360,69,15,2012-3,10-09-2012, Bug
58008,360,0,16,2011-2,30-05-2011, Bug
61680,360,65,16,2011-4,20-10-2011, Bug
67023,360,20,16,2012-2,02-04-2012, Feature
70073,360,0,16,2012-3,14-08-2012, Feature
56627,360,75,17,2011-2,11-04-2011, Bug
60990,360,0,17,2011-4,18-10-2011, Feature
65713,360,121,18,2012-1,24-02-2012, Feature
70082,360,0,18,2012-3,31-08-2012, Feature
19483,360,0,19,2010-3,06-09-2010, Feature
65006,360,6,19,2012-1,24-02-2012, Bug
68409,360,6,19,2012-2,31-05-2012, Bug
70538,360,3,19,2012-3,29-09-2012, Bug
55292,360,735,20,2011-2,07-04-2011, Bug
63714,360,48,20,2012-1,15-02-2012, Bug
64754,360,5,20,2012-1,09-02-2012, Bug
71658,360,3,20,2012-3,26-09-2012, Bug
55320,360,157,21,2011-2,06-04-2011, Bug
64656,360,34,21,2012-1,08-02-2012, Bug
66906,360,43,21,2012-2,21-06-2012, Feature
67409,360,19,21,2012-2,12-05-2012, Feature
67414,360,986,21,2012-2,12-05-2012, Feature
70096,360,0,21,2012-3,28-08-2012, Feature
71690,360,4,21,2012-3,26-09-2012, Bug
19456,360,0,22,2010-3,06-09-2010, Feature
64674,360,6,22,2012-1,06-02-2012, Bug
65175,360,296,22,2012-1,15-02-2012, Bug
68282,360,9,22,2012-2,31-05-2012, Feature
68408,360,0,22,2012-2,31-05-2012, Bug
40406,360,0,23,2011-1,08-02-2011, Feature
19417,360,115,25,2010-3,06-09-2010, Feature
70066,360,0,25,2012-3,01-09-2012, Feature
67422,360,976,26,2012-2,12-05-2012, Feature
63509,360,0,27,2012-1,15-02-2012, Bug
67411,360,1001,27,2012-2,12-05-2012, Feature
70062,360,0,27,2012-3,08-08-2012, Feature
70081,360,0,27,2012-3,22-08-2012, Feature
70095,360,0,27,2012-3,22-08-2012, Feature
66803,360,67,28,2012-1,24-03-2012, Bug
70552,360,92,28,2012-3,25-08-2012, Feature
61766,360,49,30,2011-4,02-11-2011, Bug
70086,360,0,30,2012-3,07-08-2012, Feature
71719,360,40,30,2012-3,26-09-2012, Bug
67415,360,1034,32,2012-2,12-05-2012, Feature
67417,360,976,32,2012-2,12-05-2012, Feature
67418,360,976,32,2012-2,12-05-2012, Feature
67420,360,976,32,2012-2,12-05-2012, Feature
67423,360,976,32,2012-2,12-05-2012, Feature
70060,360,0,32,2012-3,06-08-2012, Feature
70061,360,0,32,2012-3,06-08-2012, Feature
71618,360,40,34,2012-3,26-09-2012, Bug
64493,360,0,35,2012-1,08-02-2012, Bug
67416,360,976,36,2012-2,07-05-2012, Feature
71132,360,3,41,2012-3,07-09-2012, Bug
68110,360,90,42,2012-2,23-05-2012, Bug
70077,360,0,42,2012-3,07-08-2012, Feature
43337,360,0,43,2011-1,07-02-2011, Feature
65138,360,299,43,2012-1,08-02-2012, Bug
70063,360,0,43,2012-3,06-08-2012, Feature
70075,360,0,43,2012-3,06-08-2012, Feature
71157,360,30,44,2012-3,25-09-2012, Bug
24413,360,4,48,2010-3,17-09-2010, Bug
67419,360,976,48,2012-2,26-04-2012, Feature
67617,360,85,49,2012-2,30-04-2012, Bug
67081,360,0,51,2012-3,05-07-2012, Bug
65822,360,0,55,2012-1,28-03-2012, Bug
68973,360,9,63,2012-2,22-06-2012, Bug
65062,360,69,64,2012-2,29-05-2012, Bug
68621,360,0,68,2012-2,28-06-2012, Feature
17743,360,79,84,2012-2,12-04-2012, Feature
68443,360,147,85,2012-2,06-06-2012, Bug
66058,360,0,86,2012-2,13-06-2012, Bug
68661,360,3498,86,2012-2,12-06-2012, Bug
68659,360,18,87,2012-2,11-06-2012, Bug
68660,360,17,87,2012-2,12-06-2012, Bug
13981,360,826,90,2011-4,06-11-2011, Feature
70070,360,0,100,2012-3,08-08-2012, Feature
68459,360,172,106,2012-2,12-06-2012, Bug
67412,360,998,118,2012-2,12-05-2012, Feature
57148,360,8,126,2011-2,29-04-2011, Bug
66698,360,1,126,2012-2,13-04-2012, Feature
60815,360,0,129,2011-4,05-11-2011, Bug
67398,360,788,132,2012-2,28-04-2012, Feature
62929,360,73,139,2011-4,25-11-2011, Bug
61913,360,0,144,2011-4,21-11-2011, Bug
66691,360,115,149,2012-2,11-04-2012, Feature
69138,360,6,173,2012-2,25-06-2012, Bug
57024,360,0,197,2011-2,26-04-2011, Feature
62544,360,38,211,2012-1,09-02-2012, Bug
62543,360,0,252,2012-1,09-02-2012, Bug
