19752,360,2-2010,27-04-2010,24-09-2010,false
22201,360,3-2010,20-07-2010,27-08-2010,true
22205,360,3-2010,20-07-2010,27-08-2010,true
22421,360,3-2010,27-07-2010,24-08-2010,true
22903,360,3-2010,16-08-2010,23-08-2010,true
22918,360,3-2010,17-08-2010,30-08-2010,true
23088,360,3-2010,25-08-2010,25-08-2010,true
23300,360,3-2010,31-08-2010,01-09-2010,true
23301,360,3-2010,31-08-2010,31-08-2010,true
24413,360,3-2010,17-09-2010,17-09-2010,true
27211,360,4-2010,02-11-2010,06-11-2011,true
27509,360,4-2010,03-11-2010,03-11-2010,true
28550,360,4-2010,09-11-2010,09-11-2010,true
32653,360,4-2010,03-12-2010,06-12-2010,true
54470,360,2-2011,01-04-2011,06-04-2011,true
55117,360,2-2011,04-04-2011,05-04-2011,true
55260,360,2-2011,05-04-2011,05-04-2011,true
55289,360,2-2011,05-04-2011,05-04-2011,true
55292,360,2-2011,05-04-2011,07-04-2011,true
55303,360,2-2011,05-04-2011,12-04-2011,true
55320,360,2-2011,05-04-2011,06-04-2011,true
55332,360,2-2011,05-04-2011,06-04-2011,true
55339,360,2-2011,05-04-2011,06-04-2011,true
55485,360,2-2011,06-04-2011,06-04-2011,true
55507,360,2-2011,06-04-2011,06-04-2011,true
55508,360,2-2011,06-04-2011,07-04-2011,true
55509,360,2-2011,06-04-2011,08-04-2011,true
55517,360,2-2011,06-04-2011,06-04-2011,true
55526,360,2-2011,06-04-2011,06-04-2011,true
55540,360,2-2011,06-04-2011,06-04-2011,true
55544,360,2-2011,06-04-2011,13-04-2011,true
55562,360,2-2011,06-04-2011,12-04-2011,true
55576,360,2-2011,06-04-2011,27-04-2011,true
55599,360,2-2011,06-04-2011,11-04-2011,true
55775,360,2-2011,07-04-2011,07-04-2011,true
55776,360,2-2011,07-04-2011,12-04-2011,true
55792,360,2-2011,07-04-2011,14-04-2011,true
55820,360,2-2011,07-04-2011,11-04-2011,true
55827,360,2-2011,07-04-2011,14-04-2011,true
55976,360,2-2011,08-04-2011,12-04-2011,true
56001,360,2-2011,08-04-2011,18-04-2011,true
56004,360,2-2011,08-04-2011,11-04-2011,true
56005,360,2-2011,08-04-2011,27-04-2011,true
56012,360,2-2011,08-04-2011,13-04-2011,true
56055,360,2-2011,08-04-2011,11-04-2011,true
56063,360,2-2011,08-04-2011,12-04-2011,true
56064,360,2-2011,08-04-2011,11-04-2011,true
56065,360,2-2011,08-04-2011,12-04-2011,true
56526,360,2-2011,11-04-2011,13-04-2011,true
56530,360,2-2011,11-04-2011,11-04-2011,true
56545,360,2-2011,11-04-2011,14-04-2011,true
56581,360,2-2011,11-04-2011,11-04-2011,true
56627,360,2-2011,11-04-2011,11-04-2011,true
56792,360,2-2011,12-04-2011,12-04-2011,true
56801,360,2-2011,12-04-2011,14-04-2011,true
56841,360,2-2011,12-04-2011,14-04-2011,true
56842,360,2-2011,12-04-2011,13-04-2011,true
56851,360,2-2011,12-04-2011,14-04-2011,true
56872,360,2-2011,13-04-2011,14-04-2011,true
56876,360,2-2011,13-04-2011,13-04-2011,true
56877,360,2-2011,13-04-2011,15-04-2011,true
56879,360,2-2011,13-04-2011,13-04-2011,true
56880,360,2-2011,14-04-2011,14-04-2011,true
56881,360,2-2011,14-04-2011,27-04-2011,true
56882,360,2-2011,14-04-2011,26-04-2011,true
56887,360,2-2011,14-04-2011,14-04-2011,true
56890,360,2-2011,14-04-2011,14-04-2011,true
56894,360,2-2011,14-04-2011,14-04-2011,true
56906,360,2-2011,14-04-2011,14-04-2011,true
56909,360,2-2011,14-04-2011,14-04-2011,true
56910,360,2-2011,14-04-2011,15-04-2011,true
56912,360,2-2011,14-04-2011,14-04-2011,true
56916,360,2-2011,15-04-2011,19-04-2011,true
56923,360,2-2011,15-04-2011,27-04-2011,true
56924,360,2-2011,15-04-2011,18-04-2011,true
56928,360,2-2011,15-04-2011,15-04-2011,true
56956,360,2-2011,18-04-2011,19-04-2011,true
56974,360,2-2011,19-04-2011,19-04-2011,true
56983,360,2-2011,20-04-2011,20-04-2011,true
56996,360,2-2011,20-04-2011,21-04-2011,true
56997,360,2-2011,20-04-2011,27-04-2011,true
56999,360,2-2011,21-04-2011,26-04-2011,true
57008,360,2-2011,25-04-2011,26-04-2011,true
57017,360,2-2011,26-04-2011,26-04-2011,true
57025,360,2-2011,26-04-2011,26-04-2011,true
57027,360,2-2011,26-04-2011,26-04-2011,true
57028,360,2-2011,26-04-2011,27-04-2011,true
57029,360,2-2011,26-04-2011,27-04-2011,true
57031,360,2-2011,26-04-2011,27-04-2011,true
57033,360,2-2011,27-04-2011,27-04-2011,true
57036,360,2-2011,27-04-2011,27-04-2011,true
57037,360,2-2011,27-04-2011,27-04-2011,true
57039,360,2-2011,27-04-2011,27-04-2011,true
57040,360,2-2011,27-04-2011,27-04-2011,true
57044,360,2-2011,27-04-2011,27-04-2011,true
57045,360,2-2011,27-04-2011,27-04-2011,true
57051,360,2-2011,27-04-2011,27-04-2011,true
57053,360,2-2011,27-04-2011,28-04-2011,true
57054,360,2-2011,27-04-2011,27-04-2011,true
57055,360,2-2011,27-04-2011,28-04-2011,true
57056,360,2-2011,27-04-2011,28-04-2011,true
57057,360,2-2011,27-04-2011,28-04-2011,true
57058,360,2-2011,27-04-2011,29-04-2011,true
57059,360,2-2011,28-04-2011,28-04-2011,true
57063,360,2-2011,28-04-2011,03-05-2011,true
57072,360,2-2011,28-04-2011,29-04-2011,true
57073,360,2-2011,28-04-2011,02-05-2011,true
57080,360,2-2011,29-04-2011,29-04-2011,true
57081,360,2-2011,29-04-2011,29-04-2011,true
57084,360,2-2011,29-04-2011,29-04-2011,true
57086,360,2-2011,29-04-2011,29-04-2011,true
57140,360,2-2011,29-04-2011,29-04-2011,true
57144,360,2-2011,29-04-2011,29-04-2011,true
57145,360,2-2011,29-04-2011,29-04-2011,true
57148,360,2-2011,29-04-2011,29-04-2011,true
57151,360,2-2011,29-04-2011,02-05-2011,true
57155,360,2-2011,01-05-2011,01-05-2011,true
57165,360,2-2011,02-05-2011,02-05-2011,true
57173,360,2-2011,02-05-2011,02-05-2011,true
57181,360,2-2011,02-05-2011,03-05-2011,true
57182,360,2-2011,02-05-2011,03-05-2011,true
57185,360,2-2011,02-05-2011,02-05-2011,true
57186,360,2-2011,03-05-2011,03-05-2011,true
57187,360,2-2011,03-05-2011,03-05-2011,true
57188,360,2-2011,03-05-2011,03-05-2011,true
57190,360,2-2011,03-05-2011,03-05-2011,true
57197,360,2-2011,03-05-2011,03-05-2011,true
57198,360,2-2011,03-05-2011,03-05-2011,true
57199,360,2-2011,03-05-2011,03-05-2011,true
57207,360,2-2011,03-05-2011,03-05-2011,true
57213,360,2-2011,03-05-2011,03-05-2011,true
57216,360,2-2011,03-05-2011,03-05-2011,true
57233,360,2-2011,04-05-2011,04-05-2011,true
57252,360,2-2011,04-05-2011,04-05-2011,true
57254,360,2-2011,04-05-2011,04-05-2011,true
57256,360,2-2011,04-05-2011,04-05-2011,true
57259,360,2-2011,05-05-2011,05-05-2011,true
57260,360,2-2011,05-05-2011,05-05-2011,true
57265,360,2-2011,05-05-2011,05-05-2011,true
57284,360,2-2011,06-05-2011,06-05-2011,true
57305,360,2-2011,06-05-2011,06-05-2011,true
57935,360,2-2011,27-05-2011,21-06-2011,true
58008,360,2-2011,30-05-2011,30-05-2011,true
58133,360,2-2011,01-06-2011,09-06-2011,true
58460,360,2-2011,15-06-2011,19-10-2011,false
58691,360,2-2011,17-06-2011,05-11-2011,false
58827,360,2-2011,21-06-2011,05-11-2011,false
59814,360,3-2011,15-08-2011,02-11-2011,false
59857,360,3-2011,17-08-2011,17-08-2011,true
60030,360,3-2011,23-08-2011,05-11-2011,false
60407,360,3-2011,07-09-2011,28-05-2012,false
60815,360,3-2011,20-09-2011,05-11-2011,false
61373,360,4-2011,11-10-2011,30-01-2012,false
61379,360,4-2011,11-10-2011,06-11-2011,true
61617,360,4-2011,18-10-2011,03-11-2011,true
61634,360,4-2011,19-10-2011,03-11-2011,true
61639,360,4-2011,19-10-2011,24-10-2011,true
61644,360,4-2011,19-10-2011,02-11-2011,true
61650,360,4-2011,19-10-2011,19-10-2011,true
61661,360,4-2011,19-10-2011,19-10-2011,true
61663,360,4-2011,19-10-2011,19-10-2011,true
61680,360,4-2011,20-10-2011,20-10-2011,true
61684,360,4-2011,20-10-2011,21-10-2011,true
61711,360,4-2011,20-10-2011,07-11-2011,true
61713,360,4-2011,21-10-2011,25-10-2011,true
61716,360,4-2011,21-10-2011,21-10-2011,true
61720,360,4-2011,21-10-2011,24-10-2011,true
61739,360,4-2011,21-10-2011,21-10-2011,true
61742,360,4-2011,21-10-2011,01-11-2011,true
61751,360,4-2011,21-10-2011,31-10-2011,true
61758,360,4-2011,21-10-2011,03-11-2011,true
61766,360,4-2011,24-10-2011,02-11-2011,true
61774,360,4-2011,24-10-2011,24-10-2011,true
61789,360,4-2011,24-10-2011,24-10-2011,true
61791,360,4-2011,24-10-2011,25-10-2011,true
61792,360,4-2011,24-10-2011,24-10-2011,true
61794,360,4-2011,24-10-2011,25-10-2011,true
61795,360,4-2011,24-10-2011,25-10-2011,true
61796,360,4-2011,24-10-2011,24-10-2011,true
61797,360,4-2011,24-10-2011,28-10-2011,true
61799,360,4-2011,24-10-2011,25-10-2011,true
61800,360,4-2011,24-10-2011,25-10-2011,true
61801,360,4-2011,24-10-2011,02-11-2011,true
61802,360,4-2011,24-10-2011,25-10-2011,true
61803,360,4-2011,24-10-2011,25-10-2011,true
61804,360,4-2011,24-10-2011,26-10-2011,true
61805,360,4-2011,24-10-2011,26-10-2011,true
61806,360,4-2011,24-10-2011,06-11-2011,true
61807,360,4-2011,24-10-2011,24-10-2011,true
61817,360,4-2011,25-10-2011,25-10-2011,true
61818,360,4-2011,25-10-2011,25-10-2011,true
61828,360,4-2011,25-10-2011,31-10-2011,true
61830,360,4-2011,25-10-2011,05-11-2011,true
61847,360,4-2011,26-10-2011,02-11-2011,true
61849,360,4-2011,26-10-2011,27-10-2011,true
61874,360,4-2011,26-10-2011,31-10-2011,true
61875,360,4-2011,26-10-2011,28-10-2011,true
61876,360,4-2011,26-10-2011,31-10-2011,true
61877,360,4-2011,27-10-2011,31-10-2011,true
61881,360,4-2011,27-10-2011,27-10-2011,true
61887,360,4-2011,27-10-2011,27-10-2011,true
61895,360,4-2011,28-10-2011,02-11-2011,true
61897,360,4-2011,28-10-2011,28-10-2011,true
61899,360,4-2011,28-10-2011,31-10-2011,true
61902,360,4-2011,28-10-2011,28-10-2011,true
61904,360,4-2011,28-10-2011,04-11-2011,true
61906,360,4-2011,28-10-2011,28-10-2011,true
61912,360,4-2011,28-10-2011,29-10-2011,true
61913,360,4-2011,28-10-2011,21-11-2011,true
61914,360,4-2011,28-10-2011,02-11-2011,true
61918,360,4-2011,28-10-2011,03-11-2011,true
61933,360,4-2011,28-10-2011,28-10-2011,true
61936,360,4-2011,28-10-2011,02-11-2011,true
61937,360,4-2011,28-10-2011,31-10-2011,true
61940,360,4-2011,31-10-2011,02-11-2011,true
61955,360,4-2011,31-10-2011,02-11-2011,true
61962,360,4-2011,31-10-2011,31-10-2011,true
61982,360,4-2011,01-11-2011,02-11-2011,true
61984,360,4-2011,01-11-2011,02-11-2011,true
61989,360,4-2011,01-11-2011,01-11-2011,true
61991,360,4-2011,01-11-2011,01-11-2011,true
61996,360,4-2011,01-11-2011,01-11-2011,true
62001,360,4-2011,01-11-2011,04-11-2011,true
62018,360,4-2011,02-11-2011,02-11-2011,true
62019,360,4-2011,02-11-2011,05-11-2011,true
62028,360,4-2011,02-11-2011,03-11-2011,true
62035,360,4-2011,02-11-2011,02-11-2011,true
62045,360,4-2011,02-11-2011,02-11-2011,true
62050,360,4-2011,02-11-2011,04-11-2011,true
62069,360,4-2011,03-11-2011,02-11-2011,true
62071,360,4-2011,03-11-2011,04-11-2011,true
62072,360,4-2011,03-11-2011,03-11-2011,true
62073,360,4-2011,03-11-2011,04-11-2011,true
62075,360,4-2011,03-11-2011,04-11-2011,true
62076,360,4-2011,03-11-2011,03-11-2011,true
62078,360,4-2011,03-11-2011,04-11-2011,true
62079,360,4-2011,03-11-2011,03-11-2011,true
62081,360,4-2011,03-11-2011,04-11-2011,true
62082,360,4-2011,03-11-2011,04-11-2011,true
62087,360,4-2011,03-11-2011,03-11-2011,true
62088,360,4-2011,03-11-2011,03-11-2011,true
62089,360,4-2011,03-11-2011,03-11-2011,true
62090,360,4-2011,03-11-2011,05-11-2011,true
62091,360,4-2011,03-11-2011,03-11-2011,true
62093,360,4-2011,03-11-2011,03-11-2011,true
62095,360,4-2011,03-11-2011,03-11-2011,true
62097,360,4-2011,03-11-2011,03-11-2011,true
62098,360,4-2011,03-11-2011,03-11-2011,true
62099,360,4-2011,03-11-2011,04-11-2011,true
62100,360,4-2011,03-11-2011,04-11-2011,true
62104,360,4-2011,03-11-2011,03-11-2011,true
62108,360,4-2011,04-11-2011,04-11-2011,true
62117,360,4-2011,04-11-2011,04-11-2011,true
62131,360,4-2011,04-11-2011,04-11-2011,true
62132,360,4-2011,04-11-2011,04-11-2011,true
62161,360,4-2011,05-11-2011,05-11-2011,true
62165,360,4-2011,05-11-2011,05-11-2011,true
62170,360,4-2011,05-11-2011,05-11-2011,true
62172,360,4-2011,05-11-2011,05-11-2011,true
62174,360,4-2011,05-11-2011,05-11-2011,true
62178,360,4-2011,05-11-2011,05-11-2011,true
62180,360,4-2011,05-11-2011,05-11-2011,true
62181,360,4-2011,05-11-2011,05-11-2011,true
62184,360,4-2011,05-11-2011,06-11-2011,true
62186,360,4-2011,05-11-2011,06-11-2011,true
62187,360,4-2011,05-11-2011,07-11-2011,true
62188,360,4-2011,05-11-2011,06-11-2011,true
62189,360,4-2011,05-11-2011,05-11-2011,true
62192,360,4-2011,06-11-2011,06-11-2011,true
62194,360,4-2011,06-11-2011,06-11-2011,true
62195,360,4-2011,06-11-2011,06-11-2011,true
62197,360,4-2011,06-11-2011,06-11-2011,true
62200,360,4-2011,06-11-2011,06-11-2011,true
62201,360,4-2011,06-11-2011,06-11-2011,true
62203,360,4-2011,06-11-2011,06-11-2011,true
62204,360,4-2011,06-11-2011,06-11-2011,true
62207,360,4-2011,06-11-2011,06-11-2011,true
62208,360,4-2011,06-11-2011,07-11-2011,true
62209,360,4-2011,06-11-2011,06-11-2011,true
62210,360,4-2011,06-11-2011,07-11-2011,true
62211,360,4-2011,07-11-2011,07-11-2011,true
62221,360,4-2011,07-11-2011,07-11-2011,true
62223,360,4-2011,07-11-2011,07-11-2011,true
62238,360,4-2011,07-11-2011,07-11-2011,true
62241,360,4-2011,07-11-2011,07-11-2011,true
62242,360,4-2011,07-11-2011,07-11-2011,true
62246,360,4-2011,07-11-2011,07-11-2011,true
62248,360,4-2011,07-11-2011,07-11-2011,true
62250,360,4-2011,07-11-2011,07-11-2011,true
62251,360,4-2011,07-11-2011,07-11-2011,true
62252,360,4-2011,07-11-2011,07-11-2011,true
62254,360,4-2011,07-11-2011,07-11-2011,true
62255,360,4-2011,07-11-2011,07-11-2011,true
62260,360,4-2011,07-11-2011,07-11-2011,true
62262,360,4-2011,07-11-2011,07-11-2011,true
62263,360,4-2011,08-11-2011,07-11-2011,true
62264,360,4-2011,08-11-2011,08-11-2011,true
62265,360,4-2011,08-11-2011,08-11-2011,true
62298,360,4-2011,08-11-2011,08-11-2011,true
62306,360,4-2011,08-11-2011,08-11-2011,true
62324,360,4-2011,08-11-2011,08-11-2011,true
62326,360,4-2011,08-11-2011,08-11-2011,true
62350,360,4-2011,09-11-2011,09-11-2011,true
62352,360,4-2011,09-11-2011,09-11-2011,true
62479,360,4-2011,14-11-2011,14-11-2011,true
62480,360,4-2011,14-11-2011,14-11-2011,true
62543,360,4-2011,15-11-2011,09-02-2012,false
62544,360,4-2011,15-11-2011,09-02-2012,false
62929,360,4-2011,25-11-2011,25-11-2011,true
63253,360,4-2011,07-12-2011,07-12-2011,true
63388,360,4-2011,11-12-2011,12-12-2011,true
63733,360,4-2011,23-12-2011,25-01-2012,false
63948,360,1-2012,04-01-2012,16-01-2012,true
63997,360,1-2012,05-01-2012,26-01-2012,true
64327,360,1-2012,16-01-2012,16-01-2012,true
64361,360,1-2012,16-01-2012,23-01-2012,true
64365,360,1-2012,16-01-2012,16-01-2012,true
64366,360,1-2012,16-01-2012,16-01-2012,true
64371,360,1-2012,16-01-2012,17-01-2012,true
64375,360,1-2012,17-01-2012,16-01-2012,true
64378,360,1-2012,17-01-2012,17-01-2012,true
64383,360,1-2012,17-01-2012,17-01-2012,true
64403,360,1-2012,17-01-2012,18-01-2012,true
64406,360,1-2012,17-01-2012,17-01-2012,true
64408,360,1-2012,17-01-2012,18-01-2012,true
64410,360,1-2012,17-01-2012,18-01-2012,true
64416,360,1-2012,17-01-2012,18-01-2012,true
64420,360,1-2012,17-01-2012,18-01-2012,true
64435,360,1-2012,18-01-2012,18-01-2012,true
64436,360,1-2012,18-01-2012,18-01-2012,true
64438,360,1-2012,18-01-2012,18-01-2012,true
64455,360,1-2012,18-01-2012,23-01-2012,true
64479,360,1-2012,18-01-2012,18-01-2012,true
64485,360,1-2012,19-01-2012,19-01-2012,true
64491,360,1-2012,19-01-2012,19-01-2012,true
64507,360,1-2012,19-01-2012,19-01-2012,true
64510,360,1-2012,19-01-2012,24-01-2012,true
64512,360,1-2012,19-01-2012,19-01-2012,true
64515,360,1-2012,19-01-2012,20-01-2012,true
64518,360,1-2012,19-01-2012,20-01-2012,true
64523,360,1-2012,20-01-2012,23-01-2012,true
64579,360,1-2012,20-01-2012,20-01-2012,true
64582,360,1-2012,20-01-2012,23-01-2012,true
64586,360,1-2012,23-01-2012,23-01-2012,true
64605,360,1-2012,23-01-2012,23-01-2012,true
64606,360,1-2012,23-01-2012,25-01-2012,true
64608,360,1-2012,23-01-2012,25-01-2012,true
64609,360,1-2012,23-01-2012,23-01-2012,true
64615,360,1-2012,23-01-2012,23-01-2012,true
64623,360,1-2012,23-01-2012,24-01-2012,true
64627,360,1-2012,23-01-2012,23-01-2012,true
64628,360,1-2012,23-01-2012,23-01-2012,true
64631,360,1-2012,23-01-2012,24-01-2012,true
64633,360,1-2012,23-01-2012,23-01-2012,true
64645,360,1-2012,24-01-2012,25-01-2012,true
64646,360,1-2012,24-01-2012,25-01-2012,true
64649,360,1-2012,24-01-2012,24-01-2012,true
64671,360,1-2012,25-01-2012,25-01-2012,true
64682,360,1-2012,25-01-2012,25-01-2012,true
64689,360,1-2012,25-01-2012,25-01-2012,true
64690,360,1-2012,25-01-2012,30-01-2012,true
64699,360,1-2012,25-01-2012,25-01-2012,true
64702,360,1-2012,25-01-2012,25-01-2012,true
64704,360,1-2012,26-01-2012,25-01-2012,true
64707,360,1-2012,26-01-2012,26-01-2012,true
64709,360,1-2012,26-01-2012,26-01-2012,true
64710,360,1-2012,26-01-2012,26-01-2012,true
64723,360,1-2012,27-01-2012,27-01-2012,true
64725,360,1-2012,27-01-2012,30-01-2012,true
64736,360,1-2012,27-01-2012,27-01-2012,true
64773,360,1-2012,30-01-2012,31-01-2012,true
64777,360,1-2012,30-01-2012,31-01-2012,true
64778,360,1-2012,30-01-2012,30-01-2012,true
64779,360,1-2012,30-01-2012,31-01-2012,true
64784,360,1-2012,31-01-2012,31-01-2012,true
64785,360,1-2012,31-01-2012,31-01-2012,true
64789,360,1-2012,31-01-2012,31-01-2012,true
64802,360,1-2012,31-01-2012,31-01-2012,true
64803,360,1-2012,31-01-2012,31-01-2012,true
64805,360,1-2012,31-01-2012,31-01-2012,true
64835,360,1-2012,31-01-2012,31-01-2012,true
64857,360,1-2012,01-02-2012,01-02-2012,true
64863,360,1-2012,01-02-2012,01-02-2012,true
64865,360,1-2012,01-02-2012,01-02-2012,true
64871,360,1-2012,01-02-2012,01-02-2012,true
64893,360,1-2012,02-02-2012,02-02-2012,true
64896,360,1-2012,02-02-2012,02-02-2012,true
64900,360,1-2012,02-02-2012,03-02-2012,true
64919,360,1-2012,03-02-2012,03-02-2012,true
64928,360,1-2012,03-02-2012,03-02-2012,true
64932,360,1-2012,03-02-2012,03-02-2012,true
64940,360,1-2012,03-02-2012,03-02-2012,true
64983,360,1-2012,06-02-2012,06-02-2012,true
64985,360,1-2012,06-02-2012,06-02-2012,true
65062,360,1-2012,07-02-2012,29-05-2012,false
65822,360,1-2012,29-02-2012,28-03-2012,true
66050,360,1-2012,06-03-2012,07-05-2012,false
66058,360,1-2012,06-03-2012,13-06-2012,false
67081,360,2-2012,03-04-2012,05-07-2012,false
68659,360,2-2012,10-06-2012,11-06-2012,true
68660,360,2-2012,10-06-2012,12-06-2012,true
68661,360,2-2012,11-06-2012,12-06-2012,true
68764,360,2-2012,12-06-2012,26-06-2012,true
68785,360,2-2012,12-06-2012,26-06-2012,true
68886,360,2-2012,15-06-2012,21-06-2012,true
68891,360,2-2012,15-06-2012,15-06-2012,true
68892,360,2-2012,15-06-2012,15-06-2012,true
68893,360,2-2012,15-06-2012,15-06-2012,true
68894,360,2-2012,15-06-2012,15-06-2012,true
68903,360,2-2012,15-06-2012,15-06-2012,true
68904,360,2-2012,15-06-2012,15-06-2012,true
68911,360,2-2012,15-06-2012,15-06-2012,true
68915,360,2-2012,15-06-2012,19-06-2012,true
68917,360,2-2012,15-06-2012,19-06-2012,true
68921,360,2-2012,16-06-2012,18-06-2012,true
68923,360,2-2012,16-06-2012,16-06-2012,true
68924,360,2-2012,16-06-2012,18-06-2012,true
68940,360,2-2012,18-06-2012,18-06-2012,true
68944,360,2-2012,18-06-2012,18-06-2012,true
68945,360,2-2012,18-06-2012,18-06-2012,true
68947,360,2-2012,18-06-2012,19-06-2012,true
68953,360,2-2012,18-06-2012,18-06-2012,true
68956,360,2-2012,18-06-2012,18-06-2012,true
68957,360,2-2012,18-06-2012,19-06-2012,true
68960,360,2-2012,18-06-2012,18-06-2012,true
68962,360,2-2012,18-06-2012,21-06-2012,true
68968,360,2-2012,18-06-2012,18-06-2012,true
68972,360,2-2012,18-06-2012,19-06-2012,true
68973,360,2-2012,18-06-2012,22-06-2012,true
68974,360,2-2012,18-06-2012,18-06-2012,true
68975,360,2-2012,18-06-2012,18-06-2012,true
68976,360,2-2012,18-06-2012,19-06-2012,true
68977,360,2-2012,18-06-2012,18-06-2012,true
68978,360,2-2012,18-06-2012,19-06-2012,true
68980,360,2-2012,18-06-2012,18-06-2012,true
68982,360,2-2012,18-06-2012,18-06-2012,true
68983,360,2-2012,19-06-2012,20-06-2012,true
69006,360,2-2012,19-06-2012,22-06-2012,true
69008,360,2-2012,19-06-2012,22-06-2012,true
69013,360,2-2012,19-06-2012,19-06-2012,true
69014,360,2-2012,19-06-2012,19-06-2012,true
69015,360,2-2012,19-06-2012,19-06-2012,true
69021,360,2-2012,19-06-2012,19-06-2012,true
69022,360,2-2012,19-06-2012,19-06-2012,true
69026,360,2-2012,19-06-2012,19-06-2012,true
69032,360,2-2012,19-06-2012,19-06-2012,true
69036,360,2-2012,19-06-2012,20-06-2012,true
69040,360,2-2012,19-06-2012,19-06-2012,true
69043,360,2-2012,19-06-2012,22-06-2012,true
69045,360,2-2012,19-06-2012,20-06-2012,true
69047,360,2-2012,20-06-2012,20-06-2012,true
69051,360,2-2012,20-06-2012,20-06-2012,true
69053,360,2-2012,20-06-2012,20-06-2012,true
69058,360,2-2012,20-06-2012,20-06-2012,true
69060,360,2-2012,20-06-2012,21-06-2012,true
69068,360,2-2012,20-06-2012,20-06-2012,true
69076,360,2-2012,20-06-2012,20-06-2012,true
69078,360,2-2012,20-06-2012,20-06-2012,true
69080,360,2-2012,20-06-2012,25-06-2012,true
69081,360,2-2012,20-06-2012,20-06-2012,true
69089,360,2-2012,20-06-2012,20-06-2012,true
69097,360,2-2012,20-06-2012,20-06-2012,true
69098,360,2-2012,20-06-2012,26-06-2012,true
69100,360,2-2012,20-06-2012,21-06-2012,true
69101,360,2-2012,20-06-2012,22-06-2012,true
69103,360,2-2012,20-06-2012,21-06-2012,true
69108,360,2-2012,21-06-2012,21-06-2012,true
69110,360,2-2012,21-06-2012,21-06-2012,true
69112,360,2-2012,21-06-2012,21-06-2012,true
69118,360,2-2012,21-06-2012,21-06-2012,true
69122,360,2-2012,21-06-2012,22-06-2012,true
69123,360,2-2012,21-06-2012,21-06-2012,true
69126,360,2-2012,21-06-2012,22-06-2012,true
69128,360,2-2012,21-06-2012,21-06-2012,true
69131,360,2-2012,21-06-2012,21-06-2012,true
69138,360,2-2012,21-06-2012,25-06-2012,true
69148,360,2-2012,22-06-2012,25-06-2012,true
69149,360,2-2012,22-06-2012,22-06-2012,true
69151,360,2-2012,22-06-2012,22-06-2012,true
69153,360,2-2012,22-06-2012,22-06-2012,true
69154,360,2-2012,22-06-2012,22-06-2012,true
69156,360,2-2012,22-06-2012,25-06-2012,true
69162,360,2-2012,22-06-2012,26-06-2012,true
69164,360,2-2012,22-06-2012,25-06-2012,true
69166,360,2-2012,22-06-2012,26-06-2012,true
69167,360,2-2012,22-06-2012,25-06-2012,true
69169,360,2-2012,22-06-2012,26-06-2012,true
69173,360,2-2012,25-06-2012,22-06-2012,true
69175,360,2-2012,25-06-2012,26-06-2012,true
69194,360,2-2012,25-06-2012,26-06-2012,true
69197,360,2-2012,25-06-2012,25-06-2012,true
69199,360,2-2012,25-06-2012,25-06-2012,true
69201,360,2-2012,25-06-2012,26-06-2012,true
69207,360,2-2012,25-06-2012,26-06-2012,true
69214,360,2-2012,25-06-2012,25-06-2012,true
69215,360,2-2012,25-06-2012,26-06-2012,true
69230,360,2-2012,26-06-2012,27-06-2012,true
69234,360,2-2012,26-06-2012,27-06-2012,true
69236,360,2-2012,26-06-2012,28-06-2012,true
69242,360,2-2012,26-06-2012,27-06-2012,true
69244,360,2-2012,26-06-2012,27-06-2012,true
69247,360,2-2012,26-06-2012,26-06-2012,true
69248,360,2-2012,26-06-2012,26-06-2012,true
69252,360,2-2012,26-06-2012,27-06-2012,true
69253,360,2-2012,26-06-2012,26-06-2012,true
69257,360,2-2012,27-06-2012,27-06-2012,true
69265,360,2-2012,27-06-2012,27-06-2012,true
69266,360,2-2012,27-06-2012,27-06-2012,true
69267,360,2-2012,27-06-2012,27-06-2012,true
69272,360,2-2012,27-06-2012,28-06-2012,true
69274,360,2-2012,27-06-2012,27-06-2012,true
69276,360,2-2012,27-06-2012,27-06-2012,true
69283,360,2-2012,27-06-2012,27-06-2012,true
69285,360,2-2012,27-06-2012,28-06-2012,true
69288,360,2-2012,27-06-2012,28-06-2012,true
69289,360,2-2012,27-06-2012,28-06-2012,true
69293,360,2-2012,27-06-2012,29-06-2012,true
69294,360,2-2012,27-06-2012,28-06-2012,true
69296,360,2-2012,28-06-2012,28-06-2012,true
69297,360,2-2012,28-06-2012,28-06-2012,true
69301,360,2-2012,28-06-2012,29-06-2012,true
69307,360,2-2012,28-06-2012,02-07-2012,false
69311,360,2-2012,28-06-2012,29-06-2012,true
69334,360,2-2012,28-06-2012,28-06-2012,true
69337,360,2-2012,28-06-2012,28-06-2012,true
69359,360,2-2012,29-06-2012,29-06-2012,true
69361,360,2-2012,29-06-2012,29-06-2012,true
69362,360,2-2012,29-06-2012,29-06-2012,true
69363,360,2-2012,29-06-2012,29-06-2012,true
69366,360,2-2012,29-06-2012,29-06-2012,true
69370,360,2-2012,29-06-2012,29-06-2012,true
69372,360,2-2012,29-06-2012,29-06-2012,true
69381,360,2-2012,29-06-2012,29-06-2012,true
69384,360,2-2012,29-06-2012,29-06-2012,true
69387,360,2-2012,29-06-2012,30-06-2012,true
69388,360,2-2012,29-06-2012,29-06-2012,true
69389,360,2-2012,29-06-2012,29-06-2012,true
69391,360,2-2012,29-06-2012,29-06-2012,true
69392,360,2-2012,29-06-2012,29-06-2012,true
69394,360,2-2012,30-06-2012,29-06-2012,true
69396,360,2-2012,30-06-2012,30-06-2012,true
69397,360,2-2012,30-06-2012,30-06-2012,true
69398,360,2-2012,30-06-2012,30-06-2012,true
69399,360,2-2012,30-06-2012,30-06-2012,true
69400,360,3-2012,01-07-2012,30-06-2012,false
69412,360,3-2012,02-07-2012,02-07-2012,true
69418,360,3-2012,02-07-2012,02-07-2012,true
69436,360,3-2012,02-07-2012,02-07-2012,true
69439,360,3-2012,02-07-2012,02-07-2012,true
69462,360,3-2012,03-07-2012,03-07-2012,true
69468,360,3-2012,03-07-2012,03-07-2012,true
69470,360,3-2012,03-07-2012,03-07-2012,true
69471,360,3-2012,03-07-2012,03-07-2012,true
69473,360,3-2012,03-07-2012,03-07-2012,true
69474,360,3-2012,04-07-2012,03-07-2012,true
69475,360,3-2012,04-07-2012,04-07-2012,true
70341,360,3-2012,15-08-2012,06-09-2012,true
70344,360,3-2012,15-08-2012,06-09-2012,true
70538,360,3-2012,21-08-2012,01-10-2012,false
71132,360,3-2012,07-09-2012,07-09-2012,true
71133,360,3-2012,07-09-2012,01-10-2012,false
73676,360,4-2012,26-11-2012,14-12-2012,true
74280,360,4-2012,12-12-2012,12-12-2012,true
74282,360,4-2012,12-12-2012,12-12-2012,true
74298,360,4-2012,12-12-2012,12-12-2012,true
74316,360,4-2012,13-12-2012,14-12-2012,true
74326,360,4-2012,13-12-2012,13-12-2012,true
74339,360,4-2012,13-12-2012,14-12-2012,true
74345,360,4-2012,14-12-2012,14-12-2012,true
74382,360,4-2012,17-12-2012,14-12-2012,true
74389,360,4-2012,17-12-2012,17-12-2012,true
74393,360,4-2012,17-12-2012,17-12-2012,true
74397,360,4-2012,17-12-2012,17-12-2012,true
74404,360,4-2012,18-12-2012,17-12-2012,true
74456,360,4-2012,18-12-2012,18-12-2012,true
74469,360,4-2012,18-12-2012,20-12-2012,true
74477,360,4-2012,18-12-2012,18-12-2012,true
74478,360,4-2012,18-12-2012,19-12-2012,true
74490,360,4-2012,18-12-2012,18-12-2012,true
74503,360,4-2012,19-12-2012,19-12-2012,true
74510,360,4-2012,19-12-2012,20-12-2012,true
74515,360,4-2012,19-12-2012,19-12-2012,true
74522,360,4-2012,19-12-2012,20-12-2012,true
74527,360,4-2012,19-12-2012,21-12-2012,true
74541,360,4-2012,20-12-2012,21-12-2012,true
74547,360,4-2012,20-12-2012,20-12-2012,true
74548,360,4-2012,20-12-2012,20-12-2012,true
74570,360,4-2012,20-12-2012,21-12-2012,true
74574,360,4-2012,20-12-2012,20-12-2012,true
74575,360,4-2012,20-12-2012,20-12-2012,true
74609,360,4-2012,21-12-2012,21-12-2012,true
74616,360,4-2012,21-12-2012,30-12-2012,true
74617,360,4-2012,24-12-2012,30-12-2012,true
74629,360,4-2012,26-12-2012,24-12-2012,true
