5521,Neon,1-2009,09-02-2009,25-07-2012,false
8429,Neon,2-2009,13-05-2009,30-05-2011,true
16664,Neon,1-2010,06-01-2010,30-11-2010,false
17559,Neon,1-2010,11-02-2010,18-10-2010,false
17563,Neon,1-2010,11-02-2010,16-02-2011,true
18175,Neon,1-2010,02-03-2010,21-02-2011,true
19586,Neon,2-2010,21-04-2010,14-10-2010,false
19754,Neon,2-2010,27-04-2010,09-02-2011,false
19762,Neon,2-2010,27-04-2010,09-02-2011,false
19797,Neon,2-2010,28-04-2010,29-10-2010,false
20230,Neon,2-2010,11-05-2010,18-10-2010,false
20587,Neon,2-2010,25-05-2010,14-10-2010,false
21090,Neon,2-2010,08-06-2010,27-09-2010,false
21126,Neon,2-2010,08-06-2010,28-09-2010,false
21388,Neon,2-2010,15-06-2010,19-07-2011,false
21389,Neon,2-2010,15-06-2010,01-10-2010,false
21391,Neon,2-2010,15-06-2010,06-02-2012,false
21780,Neon,3-2010,02-07-2010,08-10-2010,false
21835,Neon,3-2010,08-07-2010,21-09-2010,true
22884,Neon,3-2010,16-08-2010,16-09-2010,true
22973,Neon,3-2010,23-08-2010,06-09-2010,true
23048,Neon,3-2010,24-08-2010,12-10-2010,false
23152,Neon,3-2010,27-08-2010,17-09-2010,true
23154,Neon,3-2010,27-08-2010,20-09-2010,true
23216,Neon,3-2010,30-08-2010,16-09-2010,true
23266,Neon,3-2010,30-08-2010,16-09-2010,true
23482,Neon,3-2010,07-09-2010,16-12-2010,false
23991,Neon,3-2010,07-09-2010,07-09-2010,true
24264,Neon,3-2010,14-09-2010,15-09-2010,true
24293,Neon,3-2010,14-09-2010,14-09-2010,true
24336,Neon,3-2010,15-09-2010,15-09-2010,true
24348,Neon,3-2010,15-09-2010,15-09-2010,true
24349,Neon,3-2010,15-09-2010,15-09-2010,true
24373,Neon,3-2010,16-09-2010,16-09-2010,true
24393,Neon,3-2010,16-09-2010,14-10-2010,false
24399,Neon,3-2010,16-09-2010,16-09-2010,true
24400,Neon,3-2010,16-09-2010,16-09-2010,true
24405,Neon,3-2010,16-09-2010,16-09-2010,true
24437,Neon,3-2010,18-09-2010,18-09-2010,true
24457,Neon,3-2010,20-09-2010,20-09-2010,true
24511,Neon,3-2010,21-09-2010,24-05-2011,false
24567,Neon,3-2010,22-09-2010,18-10-2010,false
24587,Neon,3-2010,22-09-2010,22-09-2010,true
24588,Neon,3-2010,22-09-2010,22-09-2010,true
24629,Neon,3-2010,23-09-2010,23-09-2010,true
24630,Neon,3-2010,23-09-2010,23-09-2010,true
24719,Neon,3-2010,27-09-2010,28-09-2010,true
24756,Neon,3-2010,28-09-2010,17-02-2011,false
24758,Neon,3-2010,28-09-2010,02-11-2010,false
24760,Neon,3-2010,28-09-2010,08-07-2011,true
24825,Neon,3-2010,29-09-2010,07-10-2010,false
24827,Neon,3-2010,29-09-2010,01-10-2010,false
24832,Neon,3-2010,29-09-2010,08-10-2010,false
24834,Neon,3-2010,29-09-2010,29-09-2010,true
24836,Neon,3-2010,29-09-2010,11-10-2010,false
24838,Neon,3-2010,29-09-2010,30-09-2010,true
24844,Neon,3-2010,29-09-2010,29-09-2010,true
24846,Neon,3-2010,29-09-2010,06-10-2010,false
24851,Neon,3-2010,29-09-2010,12-10-2010,false
24856,Neon,3-2010,29-09-2010,05-10-2010,false
24861,Neon,3-2010,29-09-2010,06-10-2010,false
24863,Neon,3-2010,29-09-2010,12-10-2010,false
24864,Neon,3-2010,29-09-2010,12-10-2010,false
24865,Neon,3-2010,29-09-2010,12-10-2010,false
24866,Neon,3-2010,29-09-2010,12-10-2010,false
24867,Neon,3-2010,29-09-2010,13-10-2010,false
24868,Neon,3-2010,29-09-2010,13-10-2010,false
24878,Neon,3-2010,30-09-2010,30-09-2010,true
24879,Neon,3-2010,30-09-2010,30-09-2010,true
24881,Neon,3-2010,30-09-2010,20-10-2010,false
24947,Neon,4-2010,04-10-2010,04-10-2010,true
24960,Neon,4-2010,04-10-2010,18-10-2010,true
24973,Neon,4-2010,04-10-2010,18-10-2010,true
24998,Neon,4-2010,05-10-2010,18-10-2010,true
25007,Neon,4-2010,05-10-2010,02-08-2011,false
25011,Neon,4-2010,05-10-2010,27-10-2010,true
25076,Neon,4-2010,06-10-2010,08-10-2010,true
25078,Neon,4-2010,06-10-2010,10-10-2010,true
25084,Neon,4-2010,06-10-2010,15-10-2010,true
25089,Neon,4-2010,06-10-2010,12-10-2010,true
25117,Neon,4-2010,06-10-2010,07-10-2010,true
25140,Neon,4-2010,07-10-2010,02-11-2010,true
25142,Neon,4-2010,07-10-2010,02-11-2010,true
25265,Neon,4-2010,13-10-2010,13-10-2010,true
25337,Neon,4-2010,14-10-2010,14-10-2010,true
25368,Neon,4-2010,16-10-2010,16-10-2010,true
25369,Neon,4-2010,16-10-2010,18-10-2010,true
25370,Neon,4-2010,18-10-2010,25-10-2010,true
25377,Neon,4-2010,18-10-2010,18-10-2010,true
25380,Neon,4-2010,18-10-2010,18-10-2010,true
25385,Neon,4-2010,18-10-2010,06-01-2011,false
25386,Neon,4-2010,18-10-2010,18-10-2010,true
25387,Neon,4-2010,18-10-2010,18-10-2010,true
25481,Neon,4-2010,20-10-2010,26-10-2010,true
25557,Neon,4-2010,22-10-2010,25-10-2010,true
25575,Neon,4-2010,22-10-2010,24-11-2010,true
25652,Neon,4-2010,25-10-2010,27-10-2010,true
25822,Neon,4-2010,26-10-2010,05-01-2011,false
25825,Neon,4-2010,26-10-2010,07-01-2011,false
26143,Neon,4-2010,27-10-2010,27-10-2010,true
26298,Neon,4-2010,28-10-2010,28-10-2010,true
26299,Neon,4-2010,28-10-2010,28-10-2010,true
26304,Neon,4-2010,28-10-2010,03-03-2011,false
26559,Neon,4-2010,29-10-2010,16-12-2010,true
27201,Neon,4-2010,02-11-2010,06-07-2011,false
27568,Neon,4-2010,04-11-2010,04-11-2010,true
28547,Neon,4-2010,09-11-2010,03-01-2011,false
28775,Neon,4-2010,10-11-2010,10-11-2010,true
28789,Neon,4-2010,10-11-2010,11-11-2010,true
29268,Neon,4-2010,12-11-2010,12-11-2010,true
29342,Neon,4-2010,12-11-2010,21-01-2011,false
29680,Neon,4-2010,15-11-2010,23-11-2010,true
29968,Neon,4-2010,16-11-2010,28-12-2010,true
29975,Neon,4-2010,16-11-2010,10-02-2011,false
29978,Neon,4-2010,16-11-2010,04-01-2011,false
29980,Neon,4-2010,16-11-2010,07-01-2011,false
29981,Neon,4-2010,16-11-2010,28-02-2012,false
30064,Neon,4-2010,16-11-2010,24-11-2010,true
30066,Neon,4-2010,16-11-2010,24-11-2010,true
30067,Neon,4-2010,16-11-2010,24-11-2010,true
30090,Neon,4-2010,16-11-2010,17-11-2010,true
30180,Neon,4-2010,17-11-2010,21-11-2010,true
30213,Neon,4-2010,17-11-2010,21-11-2010,true
30214,Neon,4-2010,17-11-2010,21-11-2010,true
30235,Neon,4-2010,17-11-2010,18-11-2010,true
30355,Neon,4-2010,18-11-2010,18-11-2010,true
30388,Neon,4-2010,18-11-2010,18-01-2011,false
30534,Neon,4-2010,19-11-2010,04-01-2011,false
30892,Neon,4-2010,22-11-2010,22-11-2010,true
30893,Neon,4-2010,22-11-2010,22-11-2010,true
31104,Neon,4-2010,23-11-2010,23-11-2010,true
31120,Neon,4-2010,23-11-2010,10-01-2011,false
31121,Neon,4-2010,23-11-2010,10-01-2011,false
31123,Neon,4-2010,23-11-2010,11-01-2011,false
31124,Neon,4-2010,23-11-2010,11-01-2011,false
31255,Neon,4-2010,24-11-2010,30-11-2010,true
31280,Neon,4-2010,24-11-2010,24-11-2010,true
31355,Neon,4-2010,25-11-2010,25-11-2010,true
31474,Neon,4-2010,25-11-2010,25-11-2010,true
32120,Neon,4-2010,30-11-2010,24-01-2011,false
32161,Neon,4-2010,30-11-2010,30-11-2010,true
32312,Neon,4-2010,01-12-2010,02-12-2010,true
32320,Neon,4-2010,01-12-2010,02-12-2010,true
32321,Neon,4-2010,01-12-2010,02-12-2010,true
32456,Neon,4-2010,02-12-2010,05-01-2011,false
32459,Neon,4-2010,02-12-2010,02-12-2010,true
33330,Neon,4-2010,07-12-2010,21-02-2011,false
33334,Neon,4-2010,07-12-2010,11-02-2011,false
33344,Neon,4-2010,07-12-2010,07-01-2011,false
33345,Neon,4-2010,07-12-2010,15-02-2011,false
33421,Neon,4-2010,08-12-2010,04-01-2011,false
33422,Neon,4-2010,08-12-2010,08-12-2010,true
33423,Neon,4-2010,08-12-2010,08-12-2010,true
33424,Neon,4-2010,08-12-2010,08-12-2010,true
33471,Neon,4-2010,08-12-2010,04-01-2011,false
33558,Neon,4-2010,09-12-2010,24-02-2011,false
33580,Neon,4-2010,09-12-2010,23-02-2011,false
33621,Neon,4-2010,09-12-2010,15-12-2010,true
33743,Neon,4-2010,10-12-2010,24-02-2011,false
34568,Neon,4-2010,16-12-2010,16-12-2010,true
34585,Neon,4-2010,16-12-2010,16-12-2010,true
34602,Neon,4-2010,16-12-2010,16-12-2010,true
34748,Neon,4-2010,17-12-2010,15-02-2011,false
34749,Neon,4-2010,17-12-2010,15-02-2011,false
34750,Neon,4-2010,17-12-2010,17-02-2011,false
35182,Neon,4-2010,22-12-2010,21-02-2011,false
35203,Neon,4-2010,22-12-2010,23-12-2010,true
35296,Neon,4-2010,23-12-2010,23-12-2010,true
37303,Neon,1-2011,04-01-2011,01-02-2011,true
37499,Neon,1-2011,05-01-2011,15-02-2011,true
37509,Neon,1-2011,05-01-2011,09-02-2011,true
37516,Neon,1-2011,05-01-2011,16-02-2011,true
37517,Neon,1-2011,05-01-2011,09-02-2011,true
37669,Neon,1-2011,06-01-2011,11-02-2011,true
37674,Neon,1-2011,06-01-2011,21-01-2011,true
38698,Neon,1-2011,11-01-2011,23-02-2011,true
38915,Neon,1-2011,12-01-2011,17-01-2011,true
39079,Neon,1-2011,13-01-2011,14-01-2011,true
39101,Neon,1-2011,13-01-2011,20-01-2011,true
39102,Neon,1-2011,13-01-2011,20-01-2011,true
39103,Neon,1-2011,13-01-2011,17-01-2011,true
39791,Neon,1-2011,17-01-2011,18-01-2011,true
40059,Neon,1-2011,18-01-2011,11-05-2011,false
40189,Neon,1-2011,19-01-2011,19-01-2011,true
40198,Neon,1-2011,19-01-2011,19-01-2011,true
40661,Neon,1-2011,21-01-2011,21-01-2011,true
41159,Neon,1-2011,24-01-2011,24-01-2011,true
41160,Neon,1-2011,24-01-2011,24-01-2011,true
41385,Neon,1-2011,25-01-2011,30-05-2011,false
41409,Neon,1-2011,25-01-2011,31-01-2011,true
41410,Neon,1-2011,25-01-2011,31-01-2011,true
41418,Neon,1-2011,25-01-2011,31-01-2011,true
41426,Neon,1-2011,25-01-2011,31-01-2011,true
41874,Neon,1-2011,28-01-2011,28-01-2011,true
41905,Neon,1-2011,28-01-2011,01-02-2011,true
42270,Neon,1-2011,30-01-2011,30-01-2011,true
42426,Neon,1-2011,31-01-2011,31-01-2011,true
42607,Neon,1-2011,01-02-2011,08-02-2011,true
42808,Neon,1-2011,02-02-2011,02-02-2011,true
42829,Neon,1-2011,02-02-2011,11-03-2011,true
42874,Neon,1-2011,02-02-2011,07-02-2011,true
43109,Neon,1-2011,03-02-2011,03-02-2011,true
43122,Neon,1-2011,03-02-2011,09-02-2011,true
43804,Neon,1-2011,07-02-2011,16-02-2011,true
43812,Neon,1-2011,07-02-2011,14-02-2011,true
43855,Neon,1-2011,07-02-2011,14-02-2011,true
43869,Neon,1-2011,07-02-2011,01-03-2011,true
43871,Neon,1-2011,07-02-2011,11-02-2011,true
44112,Neon,1-2011,08-02-2011,02-06-2011,false
44337,Neon,1-2011,09-02-2011,09-02-2011,true
44338,Neon,1-2011,09-02-2011,09-02-2011,true
44588,Neon,1-2011,10-02-2011,11-02-2011,true
44816,Neon,1-2011,11-02-2011,16-02-2011,true
45163,Neon,1-2011,15-02-2011,30-05-2011,false
45172,Neon,1-2011,15-02-2011,25-05-2011,false
45173,Neon,1-2011,15-02-2011,24-05-2011,false
45812,Neon,1-2011,18-02-2011,22-02-2011,true
45859,Neon,1-2011,18-02-2011,18-02-2011,true
45860,Neon,1-2011,18-02-2011,21-02-2011,true
46513,Neon,1-2011,22-02-2011,22-02-2011,true
46517,Neon,1-2011,22-02-2011,22-02-2011,true
46549,Neon,1-2011,22-02-2011,22-02-2011,true
46551,Neon,1-2011,22-02-2011,22-02-2011,true
46581,Neon,1-2011,22-02-2011,16-05-2011,false
46584,Neon,1-2011,22-02-2011,07-03-2011,true
46585,Neon,1-2011,22-02-2011,08-03-2011,true
46750,Neon,1-2011,23-02-2011,23-02-2011,true
46772,Neon,1-2011,23-02-2011,09-03-2011,true
47013,Neon,1-2011,24-02-2011,24-02-2011,true
47014,Neon,1-2011,24-02-2011,24-02-2011,true
47251,Neon,1-2011,25-02-2011,01-03-2011,true
47253,Neon,1-2011,25-02-2011,01-03-2011,true
47267,Neon,1-2011,25-02-2011,25-02-2011,true
47756,Neon,1-2011,28-02-2011,28-02-2011,true
47799,Neon,1-2011,28-02-2011,28-02-2011,true
47800,Neon,1-2011,28-02-2011,28-02-2011,true
47801,Neon,1-2011,28-02-2011,28-02-2011,true
48012,Neon,1-2011,01-03-2011,01-03-2011,true
48013,Neon,1-2011,01-03-2011,03-03-2011,true
48015,Neon,1-2011,01-03-2011,03-06-2011,false
48017,Neon,1-2011,01-03-2011,10-03-2011,true
48261,Neon,1-2011,02-03-2011,11-05-2011,false
48688,Neon,1-2011,04-03-2011,10-03-2011,true
49234,Neon,1-2011,07-03-2011,24-06-2011,false
49422,Neon,1-2011,08-03-2011,23-05-2011,false
49449,Neon,1-2011,08-03-2011,31-03-2011,true
49464,Neon,1-2011,08-03-2011,13-05-2011,false
50097,Neon,1-2011,11-03-2011,11-03-2011,true
50626,Neon,1-2011,14-03-2011,15-03-2011,true
50815,Neon,1-2011,15-03-2011,15-03-2011,true
50869,Neon,1-2011,15-03-2011,15-03-2011,true
50905,Neon,1-2011,15-03-2011,15-03-2011,true
50906,Neon,1-2011,15-03-2011,15-03-2011,true
50907,Neon,1-2011,15-03-2011,15-03-2011,true
50911,Neon,1-2011,15-03-2011,15-03-2011,true
50925,Neon,1-2011,15-03-2011,15-03-2011,true
50928,Neon,1-2011,15-03-2011,17-03-2011,true
51022,Neon,1-2011,16-03-2011,16-03-2011,true
51072,Neon,1-2011,16-03-2011,21-03-2011,true
51086,Neon,1-2011,16-03-2011,16-03-2011,true
51087,Neon,1-2011,16-03-2011,16-03-2011,true
51234,Neon,1-2011,17-03-2011,17-03-2011,true
51257,Neon,1-2011,17-03-2011,30-03-2011,true
51258,Neon,1-2011,17-03-2011,28-03-2011,true
52141,Neon,1-2011,21-03-2011,21-03-2011,true
52142,Neon,1-2011,21-03-2011,21-03-2011,true
52143,Neon,1-2011,21-03-2011,21-03-2011,true
52150,Neon,1-2011,21-03-2011,28-03-2011,true
52152,Neon,1-2011,21-03-2011,21-03-2011,true
52153,Neon,1-2011,21-03-2011,21-03-2011,true
52366,Neon,1-2011,22-03-2011,11-05-2011,false
52791,Neon,1-2011,24-03-2011,24-03-2011,true
53491,Neon,1-2011,28-03-2011,28-03-2011,true
53523,Neon,1-2011,28-03-2011,29-03-2011,true
53525,Neon,1-2011,28-03-2011,28-03-2011,true
53528,Neon,1-2011,28-03-2011,28-03-2011,true
53547,Neon,1-2011,28-03-2011,30-03-2011,true
53549,Neon,1-2011,28-03-2011,29-03-2011,true
53812,Neon,1-2011,29-03-2011,29-03-2011,true
53816,Neon,1-2011,29-03-2011,31-03-2011,true
54047,Neon,1-2011,30-03-2011,31-03-2011,true
54243,Neon,1-2011,31-03-2011,31-03-2011,true
54410,Neon,2-2011,01-04-2011,01-04-2011,true
55030,Neon,2-2011,04-04-2011,06-04-2011,true
55036,Neon,2-2011,04-04-2011,06-04-2011,true
55043,Neon,2-2011,04-04-2011,18-05-2011,true
55313,Neon,2-2011,05-04-2011,22-09-2011,false
55337,Neon,2-2011,05-04-2011,08-04-2011,true
55340,Neon,2-2011,05-04-2011,07-04-2011,true
55341,Neon,2-2011,05-04-2011,03-08-2011,false
55349,Neon,2-2011,05-04-2011,23-06-2011,true
55352,Neon,2-2011,05-04-2011,07-04-2011,true
56839,Neon,2-2011,12-04-2011,26-05-2011,true
57047,Neon,2-2011,27-04-2011,08-06-2011,true
57229,Neon,2-2011,04-05-2011,09-05-2011,true
57237,Neon,2-2011,04-05-2011,13-05-2011,true
57241,Neon,2-2011,04-05-2011,11-05-2011,true
57242,Neon,2-2011,04-05-2011,27-05-2011,true
57258,Neon,2-2011,05-05-2011,09-05-2011,true
57335,Neon,2-2011,09-05-2011,09-05-2011,true
57367,Neon,2-2011,09-05-2011,09-05-2011,true
57370,Neon,2-2011,09-05-2011,18-05-2011,true
57378,Neon,2-2011,10-05-2011,10-05-2011,true
57413,Neon,2-2011,11-05-2011,18-05-2011,true
57422,Neon,2-2011,11-05-2011,11-05-2011,true
57426,Neon,2-2011,11-05-2011,08-06-2011,true
57435,Neon,2-2011,11-05-2011,17-05-2011,true
57436,Neon,2-2011,11-05-2011,20-05-2011,true
57437,Neon,2-2011,11-05-2011,12-05-2011,true
57438,Neon,2-2011,11-05-2011,18-05-2011,true
57442,Neon,2-2011,11-05-2011,12-05-2011,true
57479,Neon,2-2011,12-05-2011,13-05-2011,true
57484,Neon,2-2011,12-05-2011,12-05-2011,true
57486,Neon,2-2011,12-05-2011,13-05-2011,true
57495,Neon,2-2011,13-05-2011,13-05-2011,true
57496,Neon,2-2011,13-05-2011,13-05-2011,true
57501,Neon,2-2011,13-05-2011,13-05-2011,true
57511,Neon,2-2011,13-05-2011,24-05-2011,true
57517,Neon,2-2011,13-05-2011,17-05-2011,true
57542,Neon,2-2011,16-05-2011,16-05-2011,true
57546,Neon,2-2011,16-05-2011,16-05-2011,true
57572,Neon,2-2011,18-05-2011,18-05-2011,true
57573,Neon,2-2011,18-05-2011,18-05-2011,true
57576,Neon,2-2011,18-05-2011,18-05-2011,true
57577,Neon,2-2011,18-05-2011,18-05-2011,true
57598,Neon,2-2011,19-05-2011,20-05-2011,true
57606,Neon,2-2011,19-05-2011,23-06-2011,true
57609,Neon,2-2011,19-05-2011,19-05-2011,true
57638,Neon,2-2011,20-05-2011,26-05-2011,true
57645,Neon,2-2011,20-05-2011,21-09-2011,false
57656,Neon,2-2011,20-05-2011,23-05-2011,true
57662,Neon,2-2011,20-05-2011,27-05-2011,true
57693,Neon,2-2011,20-05-2011,27-05-2011,true
57729,Neon,2-2011,23-05-2011,30-05-2011,true
57730,Neon,2-2011,23-05-2011,23-05-2011,true
57743,Neon,2-2011,23-05-2011,07-06-2011,true
57783,Neon,2-2011,24-05-2011,25-05-2011,true
57785,Neon,2-2011,24-05-2011,06-06-2011,true
57791,Neon,2-2011,24-05-2011,30-05-2011,true
57792,Neon,2-2011,24-05-2011,30-05-2011,true
57798,Neon,2-2011,24-05-2011,08-06-2011,true
57801,Neon,2-2011,24-05-2011,07-06-2011,true
57819,Neon,2-2011,24-05-2011,31-05-2011,true
57824,Neon,2-2011,24-05-2011,17-06-2011,true
57838,Neon,2-2011,24-05-2011,24-05-2011,true
57839,Neon,2-2011,24-05-2011,24-05-2011,true
57840,Neon,2-2011,24-05-2011,24-05-2011,true
57841,Neon,2-2011,24-05-2011,30-05-2011,true
57843,Neon,2-2011,24-05-2011,25-05-2011,true
57876,Neon,2-2011,25-05-2011,25-05-2011,true
57877,Neon,2-2011,25-05-2011,25-05-2011,true
57895,Neon,2-2011,26-05-2011,24-06-2011,true
57904,Neon,2-2011,26-05-2011,27-05-2011,true
57905,Neon,2-2011,26-05-2011,27-05-2011,true
57910,Neon,2-2011,26-05-2011,29-06-2011,true
57981,Neon,2-2011,30-05-2011,01-06-2011,true
57990,Neon,2-2011,30-05-2011,30-05-2011,true
57993,Neon,2-2011,30-05-2011,30-05-2011,true
57994,Neon,2-2011,30-05-2011,30-05-2011,true
57995,Neon,2-2011,30-05-2011,30-05-2011,true
57996,Neon,2-2011,30-05-2011,30-05-2011,true
57997,Neon,2-2011,30-05-2011,30-05-2011,true
58007,Neon,2-2011,30-05-2011,07-06-2011,true
58085,Neon,2-2011,31-05-2011,31-05-2011,true
58091,Neon,2-2011,31-05-2011,03-06-2011,true
58093,Neon,2-2011,31-05-2011,31-05-2011,true
58094,Neon,2-2011,31-05-2011,31-05-2011,true
58095,Neon,2-2011,31-05-2011,23-02-2012,false
58098,Neon,2-2011,31-05-2011,31-05-2011,true
58099,Neon,2-2011,31-05-2011,31-05-2011,true
58132,Neon,2-2011,01-06-2011,21-06-2011,true
58134,Neon,2-2011,01-06-2011,29-06-2011,true
58143,Neon,2-2011,01-06-2011,02-06-2011,true
58159,Neon,2-2011,01-06-2011,15-08-2011,false
58169,Neon,2-2011,02-06-2011,02-06-2011,true
58177,Neon,2-2011,03-06-2011,03-06-2011,true
58178,Neon,2-2011,03-06-2011,03-06-2011,true
58188,Neon,2-2011,03-06-2011,03-06-2011,true
58195,Neon,2-2011,03-06-2011,07-06-2011,true
58196,Neon,2-2011,06-06-2011,08-06-2011,true
58230,Neon,2-2011,06-06-2011,07-06-2011,true
58234,Neon,2-2011,07-06-2011,23-06-2011,true
58273,Neon,2-2011,08-06-2011,08-06-2011,true
58274,Neon,2-2011,08-06-2011,08-06-2011,true
58280,Neon,2-2011,08-06-2011,08-06-2011,true
58282,Neon,2-2011,08-06-2011,05-07-2011,false
58283,Neon,2-2011,08-06-2011,09-06-2011,true
58299,Neon,2-2011,08-06-2011,08-06-2011,true
58342,Neon,2-2011,09-06-2011,23-06-2011,true
58348,Neon,2-2011,09-06-2011,23-06-2011,true
58371,Neon,2-2011,10-06-2011,23-06-2011,true
58381,Neon,2-2011,10-06-2011,23-06-2011,true
58445,Neon,2-2011,14-06-2011,14-06-2011,true
58446,Neon,2-2011,14-06-2011,14-06-2011,true
58463,Neon,2-2011,15-06-2011,19-04-2012,true
58464,Neon,2-2011,15-06-2011,20-09-2011,false
58471,Neon,2-2011,15-06-2011,16-06-2011,true
58481,Neon,2-2011,15-06-2011,16-06-2011,true
58527,Neon,2-2011,15-06-2011,15-06-2011,true
58536,Neon,2-2011,16-06-2011,17-06-2011,true
58634,Neon,2-2011,16-06-2011,16-06-2011,true
58635,Neon,2-2011,16-06-2011,16-06-2011,true
58636,Neon,2-2011,16-06-2011,16-06-2011,true
58663,Neon,2-2011,17-06-2011,16-06-2011,true
58673,Neon,2-2011,17-06-2011,17-06-2011,true
58674,Neon,2-2011,17-06-2011,17-06-2011,true
58676,Neon,2-2011,17-06-2011,17-06-2011,true
58679,Neon,2-2011,17-06-2011,17-06-2011,true
58697,Neon,2-2011,17-06-2011,17-06-2011,true
58698,Neon,2-2011,17-06-2011,20-06-2011,true
58699,Neon,2-2011,20-06-2011,20-06-2011,true
58730,Neon,2-2011,20-06-2011,20-06-2011,true
58739,Neon,2-2011,20-06-2011,21-06-2011,true
58740,Neon,2-2011,20-06-2011,21-06-2011,true
58794,Neon,2-2011,21-06-2011,23-06-2011,true
58808,Neon,2-2011,21-06-2011,23-06-2011,true
58809,Neon,2-2011,21-06-2011,21-06-2011,true
58822,Neon,2-2011,21-06-2011,21-06-2011,true
58824,Neon,2-2011,21-06-2011,21-06-2011,true
58831,Neon,2-2011,21-06-2011,19-09-2011,false
58840,Neon,2-2011,22-06-2011,22-06-2011,true
58842,Neon,2-2011,22-06-2011,22-06-2011,true
58874,Neon,2-2011,23-06-2011,23-06-2011,true
58922,Neon,2-2011,24-06-2011,24-06-2011,true
58969,Neon,2-2011,27-06-2011,27-06-2011,true
58970,Neon,2-2011,27-06-2011,27-06-2011,true
58975,Neon,2-2011,27-06-2011,27-06-2011,true
58976,Neon,2-2011,27-06-2011,27-06-2011,true
59029,Neon,2-2011,28-06-2011,28-06-2011,true
59030,Neon,2-2011,28-06-2011,28-06-2011,true
59032,Neon,2-2011,28-06-2011,29-06-2011,true
59083,Neon,2-2011,29-06-2011,30-06-2011,true
59127,Neon,3-2011,01-07-2011,01-07-2011,true
59128,Neon,3-2011,01-07-2011,01-07-2011,true
59129,Neon,3-2011,01-07-2011,01-07-2011,true
59150,Neon,3-2011,01-07-2011,01-07-2011,true
59151,Neon,3-2011,01-07-2011,01-07-2011,true
59152,Neon,3-2011,01-07-2011,01-07-2011,true
59153,Neon,3-2011,01-07-2011,01-07-2011,true
59162,Neon,3-2011,04-07-2011,01-07-2011,true
59217,Neon,3-2011,05-07-2011,05-07-2011,true
59274,Neon,3-2011,07-07-2011,07-07-2011,true
59304,Neon,3-2011,08-07-2011,08-07-2011,true
59306,Neon,3-2011,08-07-2011,08-07-2011,true
59343,Neon,3-2011,12-07-2011,11-07-2011,true
59412,Neon,3-2011,13-07-2011,13-07-2011,true
59426,Neon,3-2011,14-07-2011,15-07-2011,true
59434,Neon,3-2011,14-07-2011,08-08-2011,true
59466,Neon,3-2011,15-07-2011,15-07-2011,true
59476,Neon,3-2011,18-07-2011,19-09-2011,true
59515,Neon,3-2011,20-07-2011,25-07-2011,true
59543,Neon,3-2011,22-07-2011,26-08-2011,true
59637,Neon,3-2011,01-08-2011,19-09-2011,true
59638,Neon,3-2011,01-08-2011,19-09-2011,true
59644,Neon,3-2011,02-08-2011,02-08-2011,true
59648,Neon,3-2011,02-08-2011,02-08-2011,true
59690,Neon,3-2011,05-08-2011,04-08-2011,true
59707,Neon,3-2011,05-08-2011,05-08-2011,true
59708,Neon,3-2011,05-08-2011,05-08-2011,true
59710,Neon,3-2011,08-08-2011,05-08-2011,true
59748,Neon,3-2011,08-08-2011,08-08-2011,true
59774,Neon,3-2011,09-08-2011,09-08-2011,true
59844,Neon,3-2011,16-08-2011,22-08-2011,true
59846,Neon,3-2011,17-08-2011,17-08-2011,true
59862,Neon,3-2011,17-08-2011,22-08-2011,true
59864,Neon,3-2011,17-08-2011,22-08-2011,true
59912,Neon,3-2011,19-08-2011,02-10-2011,false
59914,Neon,3-2011,19-08-2011,17-10-2011,false
59921,Neon,3-2011,19-08-2011,22-08-2011,true
59960,Neon,3-2011,22-08-2011,22-08-2011,true
59983,Neon,3-2011,22-08-2011,22-08-2011,true
60007,Neon,3-2011,23-08-2011,26-08-2011,true
60008,Neon,3-2011,23-08-2011,26-08-2011,true
60024,Neon,3-2011,23-08-2011,21-02-2012,false
60025,Neon,3-2011,23-08-2011,22-09-2011,true
60027,Neon,3-2011,23-08-2011,23-08-2011,true
60034,Neon,3-2011,23-08-2011,13-10-2011,false
60036,Neon,3-2011,23-08-2011,25-08-2011,true
60038,Neon,3-2011,23-08-2011,30-08-2011,true
60060,Neon,3-2011,24-08-2011,12-03-2012,false
60086,Neon,3-2011,25-08-2011,26-08-2011,true
60130,Neon,3-2011,26-08-2011,26-08-2011,true
60183,Neon,3-2011,30-08-2011,30-08-2011,true
60195,Neon,3-2011,30-08-2011,31-08-2011,true
60200,Neon,3-2011,30-08-2011,09-03-2012,false
60204,Neon,3-2011,30-08-2011,04-11-2011,false
60210,Neon,3-2011,30-08-2011,17-02-2012,false
60220,Neon,3-2011,31-08-2011,01-09-2011,true
60223,Neon,3-2011,31-08-2011,31-08-2011,true
60225,Neon,3-2011,31-08-2011,31-08-2011,true
60226,Neon,3-2011,31-08-2011,31-08-2011,true
60244,Neon,3-2011,31-08-2011,31-08-2011,true
60252,Neon,3-2011,01-09-2011,01-09-2011,true
60344,Neon,3-2011,05-09-2011,06-09-2011,true
60356,Neon,3-2011,05-09-2011,05-09-2011,true
60399,Neon,3-2011,06-09-2011,23-07-2012,true
60419,Neon,3-2011,07-09-2011,12-09-2011,true
60420,Neon,3-2011,07-09-2011,13-09-2011,true
60424,Neon,3-2011,07-09-2011,17-10-2011,false
60551,Neon,3-2011,12-09-2011,14-09-2011,true
60579,Neon,3-2011,12-09-2011,14-09-2011,true
60595,Neon,3-2011,13-09-2011,14-09-2011,true
60598,Neon,3-2011,13-09-2011,14-09-2011,true
60599,Neon,3-2011,13-09-2011,13-10-2011,false
60600,Neon,3-2011,13-09-2011,27-09-2011,true
60601,Neon,3-2011,13-09-2011,17-10-2011,false
60602,Neon,3-2011,13-09-2011,27-10-2011,false
60607,Neon,3-2011,13-09-2011,04-10-2011,false
60615,Neon,3-2011,13-09-2011,29-11-2011,false
60617,Neon,3-2011,13-09-2011,13-09-2011,true
60620,Neon,3-2011,13-09-2011,14-09-2011,true
60623,Neon,3-2011,13-09-2011,14-09-2011,true
60628,Neon,3-2011,13-09-2011,13-09-2011,true
60630,Neon,3-2011,13-09-2011,14-09-2011,true
60638,Neon,3-2011,14-09-2011,14-09-2011,true
60661,Neon,3-2011,14-09-2011,14-09-2011,true
60665,Neon,3-2011,14-09-2011,03-10-2011,false
60666,Neon,3-2011,14-09-2011,02-01-2012,false
60669,Neon,3-2011,15-09-2011,21-12-2011,false
60712,Neon,3-2011,16-09-2011,16-09-2011,true
60785,Neon,3-2011,19-09-2011,19-09-2011,true
60787,Neon,3-2011,19-09-2011,19-09-2011,true
60793,Neon,3-2011,19-09-2011,19-09-2011,true
60796,Neon,3-2011,19-09-2011,25-10-2011,false
60822,Neon,3-2011,20-09-2011,20-09-2011,true
60825,Neon,3-2011,20-09-2011,20-09-2011,true
60829,Neon,3-2011,20-09-2011,20-09-2011,true
60839,Neon,3-2011,20-09-2011,20-09-2011,true
60867,Neon,3-2011,21-09-2011,26-10-2011,false
60868,Neon,3-2011,21-09-2011,11-10-2011,false
60870,Neon,3-2011,21-09-2011,26-09-2011,true
60871,Neon,3-2011,21-09-2011,27-09-2011,true
60874,Neon,3-2011,21-09-2011,28-09-2011,true
60916,Neon,3-2011,23-09-2011,27-09-2011,true
60954,Neon,3-2011,26-09-2011,30-09-2011,true
61030,Neon,3-2011,27-09-2011,11-10-2011,false
61048,Neon,3-2011,27-09-2011,06-03-2012,false
61050,Neon,3-2011,27-09-2011,06-03-2012,false
61084,Neon,3-2011,28-09-2011,29-09-2011,true
61103,Neon,3-2011,29-09-2011,29-09-2011,true
61120,Neon,3-2011,30-09-2011,30-09-2011,true
61140,Neon,3-2011,30-09-2011,03-10-2011,false
61142,Neon,3-2011,30-09-2011,30-09-2011,true
61186,Neon,4-2011,03-10-2011,27-10-2011,true
61188,Neon,4-2011,03-10-2011,09-03-2012,false
61196,Neon,4-2011,04-10-2011,04-10-2011,true
61215,Neon,4-2011,04-10-2011,16-01-2012,false
61218,Neon,4-2011,04-10-2011,28-02-2012,false
61227,Neon,4-2011,04-10-2011,06-10-2011,true
61271,Neon,4-2011,07-10-2011,14-11-2011,true
61279,Neon,4-2011,07-10-2011,19-10-2011,true
61280,Neon,4-2011,07-10-2011,07-10-2011,true
61319,Neon,4-2011,10-10-2011,10-10-2011,true
61357,Neon,4-2011,11-10-2011,11-10-2011,true
61363,Neon,4-2011,11-10-2011,11-10-2011,true
61366,Neon,4-2011,11-10-2011,11-10-2011,true
61386,Neon,4-2011,11-10-2011,11-10-2011,true
61417,Neon,4-2011,12-10-2011,13-10-2011,true
61451,Neon,4-2011,13-10-2011,24-02-2012,false
61454,Neon,4-2011,13-10-2011,15-10-2011,true
61495,Neon,4-2011,13-10-2011,13-10-2011,true
61511,Neon,4-2011,14-10-2011,17-10-2011,true
61541,Neon,4-2011,15-10-2011,15-10-2011,true
61586,Neon,4-2011,17-10-2011,18-10-2011,true
61602,Neon,4-2011,18-10-2011,18-10-2011,true
61604,Neon,4-2011,18-10-2011,09-11-2011,true
61615,Neon,4-2011,18-10-2011,19-10-2011,true
61623,Neon,4-2011,18-10-2011,19-10-2011,true
61628,Neon,4-2011,19-10-2011,25-10-2011,true
61654,Neon,4-2011,19-10-2011,19-10-2011,true
61670,Neon,4-2011,20-10-2011,22-03-2012,false
61679,Neon,4-2011,20-10-2011,31-10-2011,true
61689,Neon,4-2011,20-10-2011,21-10-2011,true
61692,Neon,4-2011,20-10-2011,26-10-2011,true
61695,Neon,4-2011,20-10-2011,25-10-2011,true
61697,Neon,4-2011,20-10-2011,23-10-2011,true
61723,Neon,4-2011,21-10-2011,04-11-2011,true
61753,Neon,4-2011,21-10-2011,26-10-2011,true
61763,Neon,4-2011,23-10-2011,23-10-2011,true
61764,Neon,4-2011,24-10-2011,24-10-2011,true
61833,Neon,4-2011,25-10-2011,08-02-2012,false
61839,Neon,4-2011,26-10-2011,10-11-2011,true
61920,Neon,4-2011,28-10-2011,08-11-2011,true
61923,Neon,4-2011,28-10-2011,10-11-2011,true
61960,Neon,4-2011,31-10-2011,13-12-2011,true
61961,Neon,4-2011,31-10-2011,08-12-2011,true
61998,Neon,4-2011,01-11-2011,27-02-2012,false
62002,Neon,4-2011,01-11-2011,14-02-2012,false
62003,Neon,4-2011,01-11-2011,02-12-2011,true
62007,Neon,4-2011,01-11-2011,25-11-2011,true
62030,Neon,4-2011,02-11-2011,02-11-2011,true
62083,Neon,4-2011,03-11-2011,04-11-2011,true
62118,Neon,4-2011,04-11-2011,04-11-2011,true
62303,Neon,4-2011,08-11-2011,10-11-2011,true
62322,Neon,4-2011,08-11-2011,06-03-2012,false
62361,Neon,4-2011,09-11-2011,12-12-2011,true
62362,Neon,4-2011,09-11-2011,11-11-2011,true
62363,Neon,4-2011,09-11-2011,11-11-2011,true
62364,Neon,4-2011,09-11-2011,17-11-2011,true
62365,Neon,4-2011,09-11-2011,16-11-2011,true
62367,Neon,4-2011,09-11-2011,06-03-2012,false
62368,Neon,4-2011,09-11-2011,08-12-2011,true
62369,Neon,4-2011,10-11-2011,16-11-2011,true
62372,Neon,4-2011,10-11-2011,06-03-2012,false
62388,Neon,4-2011,10-11-2011,06-12-2011,true
62426,Neon,4-2011,11-11-2011,15-11-2011,true
62432,Neon,4-2011,11-11-2011,15-11-2011,true
62445,Neon,4-2011,11-11-2011,28-11-2011,true
62464,Neon,4-2011,14-11-2011,28-11-2011,true
62465,Neon,4-2011,14-11-2011,16-11-2011,true
62541,Neon,4-2011,15-11-2011,21-02-2012,false
62542,Neon,4-2011,15-11-2011,07-03-2012,false
62601,Neon,4-2011,16-11-2011,16-11-2011,true
62603,Neon,4-2011,16-11-2011,28-11-2011,true
62634,Neon,4-2011,17-11-2011,18-11-2011,true
62643,Neon,4-2011,17-11-2011,24-02-2012,false
62650,Neon,4-2011,17-11-2011,02-12-2011,true
62653,Neon,4-2011,17-11-2011,21-11-2011,true
62716,Neon,4-2011,21-11-2011,29-02-2012,false
62721,Neon,4-2011,21-11-2011,23-11-2011,true
62722,Neon,4-2011,21-11-2011,12-12-2011,true
62758,Neon,4-2011,22-11-2011,20-02-2012,false
62800,Neon,4-2011,22-11-2011,23-11-2011,true
62806,Neon,4-2011,22-11-2011,23-11-2011,true
62813,Neon,4-2011,23-11-2011,23-11-2011,true
62915,Neon,4-2011,24-11-2011,19-12-2011,true
62924,Neon,4-2011,24-11-2011,24-11-2011,true
63011,Neon,4-2011,29-11-2011,07-12-2011,true
63021,Neon,4-2011,29-11-2011,07-12-2011,true
63023,Neon,4-2011,29-11-2011,07-12-2011,true
63031,Neon,4-2011,29-11-2011,03-10-2012,true
63046,Neon,4-2011,30-11-2011,02-12-2011,true
63080,Neon,4-2011,01-12-2011,02-12-2011,true
63166,Neon,4-2011,05-12-2011,06-12-2011,true
63206,Neon,4-2011,05-12-2011,05-12-2011,true
63208,Neon,4-2011,06-12-2011,06-12-2011,true
63226,Neon,4-2011,06-12-2011,12-12-2011,true
63228,Neon,4-2011,06-12-2011,07-12-2011,true
63249,Neon,4-2011,06-12-2011,31-01-2012,false
63251,Neon,4-2011,06-12-2011,18-01-2012,false
63280,Neon,4-2011,07-12-2011,12-06-2012,false
63299,Neon,4-2011,07-12-2011,08-12-2011,true
63300,Neon,4-2011,07-12-2011,08-12-2011,true
63302,Neon,4-2011,08-12-2011,08-12-2011,true
63303,Neon,4-2011,08-12-2011,08-12-2011,true
63393,Neon,4-2011,12-12-2011,13-12-2011,true
63405,Neon,4-2011,12-12-2011,17-01-2012,false
63454,Neon,4-2011,13-12-2011,13-12-2011,true
63479,Neon,4-2011,13-12-2011,20-02-2012,false
63486,Neon,4-2011,13-12-2011,27-02-2012,false
63492,Neon,4-2011,13-12-2011,13-12-2011,true
63500,Neon,4-2011,13-12-2011,13-12-2011,true
63604,Neon,4-2011,19-12-2011,09-02-2012,false
63629,Neon,4-2011,19-12-2011,16-02-2012,false
63631,Neon,4-2011,20-12-2011,21-12-2011,true
63638,Neon,4-2011,20-12-2011,23-04-2012,false
63658,Neon,4-2011,20-12-2011,21-02-2012,false
63667,Neon,4-2011,20-12-2011,27-07-2012,false
63669,Neon,4-2011,20-12-2011,20-02-2012,false
63677,Neon,4-2011,20-12-2011,20-12-2011,true
63678,Neon,4-2011,20-12-2011,20-12-2011,true
63695,Neon,4-2011,21-12-2011,21-03-2012,false
63813,Neon,1-2012,02-01-2012,02-01-2012,true
63828,Neon,1-2012,02-01-2012,10-01-2012,true
63832,Neon,1-2012,03-01-2012,12-01-2012,true
63855,Neon,1-2012,03-01-2012,08-03-2012,true
63859,Neon,1-2012,03-01-2012,28-02-2012,true
63958,Neon,1-2012,04-01-2012,12-01-2012,true
64021,Neon,1-2012,05-01-2012,09-01-2012,true
64159,Neon,1-2012,10-01-2012,12-01-2012,true
64163,Neon,1-2012,10-01-2012,11-01-2012,true
64164,Neon,1-2012,10-01-2012,16-01-2012,true
64177,Neon,1-2012,10-01-2012,16-02-2012,true
64178,Neon,1-2012,10-01-2012,29-02-2012,true
64221,Neon,1-2012,11-01-2012,11-01-2012,true
64222,Neon,1-2012,11-01-2012,11-01-2012,true
64224,Neon,1-2012,11-01-2012,11-01-2012,true
64258,Neon,1-2012,12-01-2012,12-01-2012,true
64260,Neon,1-2012,12-01-2012,12-01-2012,true
64261,Neon,1-2012,12-01-2012,16-01-2012,true
64263,Neon,1-2012,12-01-2012,13-01-2012,true
64265,Neon,1-2012,12-01-2012,12-01-2012,true
64267,Neon,1-2012,12-01-2012,16-01-2012,true
64275,Neon,1-2012,12-01-2012,13-01-2012,true
64299,Neon,1-2012,13-01-2012,16-01-2012,true
64513,Neon,1-2012,19-01-2012,19-01-2012,true
64598,Neon,1-2012,23-01-2012,07-02-2012,true
64622,Neon,1-2012,23-01-2012,22-03-2012,true
64644,Neon,1-2012,24-01-2012,25-01-2012,true
64647,Neon,1-2012,24-01-2012,22-03-2012,true
64681,Neon,1-2012,25-01-2012,03-05-2012,false
64695,Neon,1-2012,25-01-2012,27-01-2012,true
64774,Neon,1-2012,30-01-2012,24-04-2012,false
64780,Neon,1-2012,31-01-2012,30-01-2012,true
64813,Neon,1-2012,31-01-2012,10-04-2012,false
64814,Neon,1-2012,31-01-2012,13-02-2012,true
64818,Neon,1-2012,31-01-2012,18-04-2012,false
64920,Neon,1-2012,03-02-2012,04-06-2012,false
64953,Neon,1-2012,06-02-2012,10-02-2012,true
64954,Neon,1-2012,06-02-2012,15-02-2012,true
64955,Neon,1-2012,06-02-2012,08-02-2012,true
64956,Neon,1-2012,06-02-2012,15-02-2012,true
64957,Neon,1-2012,06-02-2012,09-02-2012,true
64958,Neon,1-2012,06-02-2012,08-02-2012,true
64959,Neon,1-2012,06-02-2012,08-02-2012,true
64960,Neon,1-2012,06-02-2012,14-02-2012,true
64961,Neon,1-2012,06-02-2012,08-02-2012,true
64964,Neon,1-2012,06-02-2012,13-02-2012,true
64966,Neon,1-2012,06-02-2012,14-02-2012,true
64967,Neon,1-2012,06-02-2012,14-02-2012,true
64968,Neon,1-2012,06-02-2012,10-02-2012,true
64971,Neon,1-2012,06-02-2012,14-02-2012,true
64973,Neon,1-2012,06-02-2012,10-02-2012,true
64975,Neon,1-2012,06-02-2012,10-02-2012,true
65009,Neon,1-2012,07-02-2012,07-02-2012,true
65163,Neon,1-2012,09-02-2012,09-02-2012,true
65164,Neon,1-2012,09-02-2012,09-02-2012,true
65172,Neon,1-2012,09-02-2012,15-02-2012,true
65207,Neon,1-2012,10-02-2012,07-03-2012,true
65287,Neon,1-2012,14-02-2012,19-04-2012,false
65291,Neon,1-2012,14-02-2012,08-05-2012,false
65292,Neon,1-2012,14-02-2012,27-02-2012,true
65317,Neon,1-2012,15-02-2012,09-03-2012,true
65333,Neon,1-2012,15-02-2012,15-02-2012,true
65337,Neon,1-2012,15-02-2012,15-02-2012,true
65370,Neon,1-2012,16-02-2012,04-05-2012,false
65372,Neon,1-2012,16-02-2012,16-02-2012,true
65373,Neon,1-2012,16-02-2012,16-02-2012,true
65433,Neon,1-2012,20-02-2012,03-05-2012,false
65476,Neon,1-2012,21-02-2012,09-03-2012,true
65477,Neon,1-2012,21-02-2012,07-03-2012,true
65586,Neon,1-2012,21-02-2012,08-03-2012,true
65587,Neon,1-2012,21-02-2012,21-02-2012,true
65724,Neon,1-2012,27-02-2012,28-02-2012,true
65729,Neon,1-2012,27-02-2012,26-05-2012,false
65755,Neon,1-2012,28-02-2012,28-02-2012,true
65832,Neon,1-2012,01-03-2012,01-03-2012,true
65833,Neon,1-2012,01-03-2012,01-03-2012,true
65855,Neon,1-2012,01-03-2012,04-05-2012,false
65872,Neon,1-2012,02-03-2012,02-03-2012,true
65895,Neon,1-2012,02-03-2012,02-03-2012,true
65896,Neon,1-2012,02-03-2012,02-03-2012,true
65907,Neon,1-2012,02-03-2012,05-03-2012,true
66015,Neon,1-2012,06-03-2012,06-03-2012,true
66047,Neon,1-2012,06-03-2012,27-03-2012,true
66048,Neon,1-2012,06-03-2012,20-03-2012,true
66052,Neon,1-2012,06-03-2012,30-03-2012,true
66057,Neon,1-2012,06-03-2012,08-03-2012,true
66061,Neon,1-2012,06-03-2012,08-03-2012,true
66332,Neon,1-2012,13-03-2012,14-05-2012,false
66336,Neon,1-2012,13-03-2012,25-05-2012,false
66337,Neon,1-2012,13-03-2012,09-04-2012,false
66339,Neon,1-2012,13-03-2012,19-04-2012,false
66413,Neon,1-2012,15-03-2012,15-03-2012,true
66417,Neon,1-2012,15-03-2012,04-06-2012,false
66434,Neon,1-2012,15-03-2012,28-03-2012,true
66736,Neon,1-2012,20-03-2012,28-05-2012,false
66783,Neon,1-2012,22-03-2012,22-03-2012,true
66789,Neon,1-2012,22-03-2012,22-03-2012,true
66795,Neon,1-2012,22-03-2012,22-03-2012,true
66850,Neon,1-2012,26-03-2012,26-03-2012,true
66852,Neon,1-2012,26-03-2012,05-04-2012,false
66853,Neon,1-2012,26-03-2012,26-03-2012,true
66854,Neon,1-2012,26-03-2012,26-03-2012,true
66856,Neon,1-2012,26-03-2012,26-03-2012,true
66857,Neon,1-2012,26-03-2012,26-03-2012,true
66883,Neon,1-2012,27-03-2012,26-03-2012,true
66910,Neon,1-2012,27-03-2012,27-03-2012,true
66911,Neon,1-2012,27-03-2012,27-03-2012,true
66913,Neon,1-2012,27-03-2012,05-04-2012,false
66916,Neon,1-2012,27-03-2012,27-03-2012,true
66924,Neon,1-2012,27-03-2012,27-03-2012,true
66925,Neon,1-2012,27-03-2012,27-03-2012,true
66926,Neon,1-2012,27-03-2012,29-03-2012,true
66928,Neon,1-2012,27-03-2012,12-06-2012,false
66932,Neon,1-2012,27-03-2012,29-03-2012,true
66936,Neon,1-2012,27-03-2012,05-04-2012,false
67018,Neon,1-2012,30-03-2012,04-04-2012,false
67019,Neon,1-2012,30-03-2012,04-04-2012,false
67204,Neon,2-2012,11-04-2012,29-08-2012,false
67209,Neon,2-2012,11-04-2012,06-08-2012,false
67357,Neon,2-2012,18-04-2012,20-07-2012,false
67491,Neon,2-2012,23-04-2012,24-04-2012,true
67493,Neon,2-2012,24-04-2012,25-04-2012,true
67497,Neon,2-2012,24-04-2012,25-04-2012,true
67502,Neon,2-2012,24-04-2012,26-04-2012,true
67503,Neon,2-2012,24-04-2012,03-05-2012,true
67512,Neon,2-2012,24-04-2012,24-04-2012,true
67519,Neon,2-2012,24-04-2012,05-06-2012,true
67531,Neon,2-2012,24-04-2012,24-04-2012,true
67536,Neon,2-2012,24-04-2012,24-04-2012,true
67557,Neon,2-2012,25-04-2012,25-04-2012,true
67565,Neon,2-2012,25-04-2012,25-04-2012,true
67700,Neon,2-2012,02-05-2012,30-05-2012,true
67701,Neon,2-2012,02-05-2012,02-05-2012,true
67706,Neon,2-2012,03-05-2012,03-05-2012,true
67717,Neon,2-2012,03-05-2012,08-05-2012,true
67777,Neon,2-2012,07-05-2012,15-05-2012,true
67779,Neon,2-2012,07-05-2012,09-05-2012,true
67787,Neon,2-2012,08-05-2012,08-05-2012,true
67809,Neon,2-2012,08-05-2012,03-08-2012,false
67834,Neon,2-2012,09-05-2012,09-05-2012,true
67852,Neon,2-2012,09-05-2012,10-05-2012,true
67853,Neon,2-2012,09-05-2012,10-05-2012,true
67868,Neon,2-2012,10-05-2012,10-05-2012,true
67899,Neon,2-2012,11-05-2012,11-05-2012,true
67902,Neon,2-2012,11-05-2012,11-05-2012,true
67909,Neon,2-2012,11-05-2012,11-05-2012,true
67965,Neon,2-2012,14-05-2012,15-05-2012,true
68005,Neon,2-2012,15-05-2012,15-05-2012,true
68008,Neon,2-2012,15-05-2012,12-10-2012,false
68016,Neon,2-2012,15-05-2012,16-05-2012,true
68018,Neon,2-2012,15-05-2012,17-05-2012,true
68050,Neon,2-2012,17-05-2012,07-06-2012,true
68067,Neon,2-2012,20-05-2012,11-06-2012,true
68068,Neon,2-2012,20-05-2012,25-05-2012,true
68069,Neon,2-2012,21-05-2012,11-06-2012,true
68107,Neon,2-2012,21-05-2012,21-05-2012,true
68142,Neon,2-2012,22-05-2012,12-07-2012,false
68315,Neon,2-2012,24-05-2012,24-05-2012,true
68327,Neon,2-2012,24-05-2012,25-05-2012,true
68335,Neon,2-2012,25-05-2012,25-05-2012,true
68365,Neon,2-2012,28-05-2012,28-05-2012,true
68380,Neon,2-2012,29-05-2012,24-07-2012,false
68390,Neon,2-2012,29-05-2012,29-05-2012,true
68411,Neon,2-2012,30-05-2012,02-06-2012,true
68420,Neon,2-2012,30-05-2012,02-06-2012,true
68422,Neon,2-2012,30-05-2012,02-06-2012,true
68522,Neon,2-2012,05-06-2012,05-06-2012,true
68523,Neon,2-2012,05-06-2012,08-06-2012,true
68526,Neon,2-2012,05-06-2012,05-06-2012,true
68585,Neon,2-2012,06-06-2012,06-06-2012,true
68592,Neon,2-2012,06-06-2012,07-06-2012,true
68609,Neon,2-2012,06-06-2012,07-06-2012,true
68611,Neon,2-2012,07-06-2012,08-06-2012,true
68617,Neon,2-2012,07-06-2012,07-06-2012,true
68631,Neon,2-2012,08-06-2012,11-06-2012,true
68637,Neon,2-2012,08-06-2012,09-06-2012,true
68649,Neon,2-2012,09-06-2012,09-06-2012,true
68650,Neon,2-2012,09-06-2012,10-06-2012,true
68651,Neon,2-2012,09-06-2012,11-06-2012,true
68655,Neon,2-2012,09-06-2012,11-06-2012,true
68658,Neon,2-2012,10-06-2012,09-06-2012,true
68680,Neon,2-2012,11-06-2012,11-06-2012,true
68681,Neon,2-2012,11-06-2012,11-06-2012,true
68684,Neon,2-2012,11-06-2012,11-06-2012,true
68690,Neon,2-2012,11-06-2012,11-06-2012,true
68707,Neon,2-2012,11-06-2012,11-06-2012,true
68725,Neon,2-2012,11-06-2012,11-06-2012,true
68798,Neon,2-2012,12-06-2012,12-06-2012,true
68809,Neon,2-2012,13-06-2012,13-06-2012,true
68836,Neon,2-2012,13-06-2012,13-06-2012,true
68837,Neon,2-2012,13-06-2012,13-06-2012,true
68852,Neon,2-2012,14-06-2012,14-06-2012,true
68872,Neon,2-2012,14-06-2012,14-06-2012,true
68914,Neon,2-2012,15-06-2012,09-07-2012,false
69185,Neon,2-2012,25-06-2012,25-06-2012,true
69240,Neon,2-2012,26-06-2012,13-07-2012,false
69428,Neon,3-2012,02-07-2012,10-07-2012,true
69544,Neon,3-2012,06-07-2012,23-08-2012,true
69556,Neon,3-2012,09-07-2012,23-07-2012,true
69557,Neon,3-2012,09-07-2012,16-07-2012,true
69584,Neon,3-2012,09-07-2012,09-07-2012,true
69585,Neon,3-2012,09-07-2012,09-07-2012,true
69618,Neon,3-2012,10-07-2012,12-07-2012,true
69663,Neon,3-2012,10-07-2012,12-07-2012,true
69724,Neon,3-2012,12-07-2012,16-07-2012,true
69725,Neon,3-2012,12-07-2012,12-07-2012,true
69731,Neon,3-2012,12-07-2012,12-07-2012,true
69742,Neon,3-2012,13-07-2012,13-07-2012,true
69747,Neon,3-2012,13-07-2012,18-07-2012,true
69748,Neon,3-2012,13-07-2012,13-07-2012,true
69750,Neon,3-2012,13-07-2012,13-07-2012,true
69751,Neon,3-2012,13-07-2012,23-07-2012,true
69752,Neon,3-2012,13-07-2012,13-07-2012,true
69779,Neon,3-2012,16-07-2012,16-07-2012,true
69780,Neon,3-2012,16-07-2012,16-07-2012,true
69781,Neon,3-2012,16-07-2012,23-07-2012,true
69791,Neon,3-2012,17-07-2012,17-07-2012,true
69794,Neon,3-2012,17-07-2012,19-07-2012,true
69795,Neon,3-2012,17-07-2012,23-07-2012,true
69796,Neon,3-2012,17-07-2012,20-07-2012,true
69803,Neon,3-2012,17-07-2012,17-07-2012,true
69806,Neon,3-2012,18-07-2012,17-07-2012,true
69838,Neon,3-2012,20-07-2012,20-07-2012,true
69906,Neon,3-2012,26-07-2012,26-07-2012,true
69997,Neon,3-2012,02-08-2012,02-08-2012,true
70141,Neon,3-2012,07-08-2012,28-08-2012,true
70142,Neon,3-2012,07-08-2012,07-08-2012,true
70193,Neon,3-2012,08-08-2012,16-08-2012,true
70194,Neon,3-2012,08-08-2012,16-08-2012,true
70195,Neon,3-2012,08-08-2012,10-08-2012,true
70210,Neon,3-2012,09-08-2012,09-08-2012,true
70213,Neon,3-2012,09-08-2012,09-08-2012,true
70214,Neon,3-2012,09-08-2012,09-08-2012,true
70215,Neon,3-2012,09-08-2012,10-08-2012,true
70227,Neon,3-2012,10-08-2012,10-08-2012,true
70228,Neon,3-2012,10-08-2012,10-08-2012,true
70285,Neon,3-2012,14-08-2012,14-08-2012,true
70295,Neon,3-2012,14-08-2012,06-09-2012,true
70303,Neon,3-2012,14-08-2012,14-08-2012,true
70304,Neon,3-2012,14-08-2012,14-08-2012,true
70309,Neon,3-2012,14-08-2012,05-09-2012,true
70348,Neon,3-2012,16-08-2012,16-08-2012,true
70402,Neon,3-2012,16-08-2012,17-08-2012,true
70423,Neon,3-2012,17-08-2012,10-09-2012,true
70441,Neon,3-2012,17-08-2012,17-08-2012,true
70450,Neon,3-2012,18-08-2012,22-08-2012,true
70451,Neon,3-2012,18-08-2012,20-08-2012,true
70452,Neon,3-2012,18-08-2012,22-08-2012,true
70453,Neon,3-2012,18-08-2012,20-08-2012,true
70454,Neon,3-2012,18-08-2012,22-08-2012,true
70455,Neon,3-2012,18-08-2012,20-08-2012,true
70456,Neon,3-2012,18-08-2012,22-08-2012,true
70457,Neon,3-2012,19-08-2012,20-08-2012,true
70458,Neon,3-2012,19-08-2012,22-08-2012,true
70459,Neon,3-2012,20-08-2012,20-08-2012,true
70508,Neon,3-2012,20-08-2012,21-08-2012,true
70509,Neon,3-2012,20-08-2012,22-08-2012,true
70528,Neon,3-2012,21-08-2012,21-08-2012,true
70535,Neon,3-2012,21-08-2012,22-08-2012,true
70536,Neon,3-2012,21-08-2012,21-08-2012,true
70537,Neon,3-2012,21-08-2012,27-09-2012,true
70553,Neon,3-2012,21-08-2012,22-08-2012,true
70554,Neon,3-2012,21-08-2012,21-08-2012,true
70562,Neon,3-2012,21-08-2012,27-08-2012,true
70566,Neon,3-2012,21-08-2012,28-08-2012,true
70609,Neon,3-2012,22-08-2012,22-08-2012,true
70623,Neon,3-2012,23-08-2012,27-08-2012,true
70624,Neon,3-2012,23-08-2012,27-08-2012,true
70627,Neon,3-2012,23-08-2012,23-08-2012,true
70629,Neon,3-2012,23-08-2012,23-08-2012,true
70724,Neon,3-2012,27-08-2012,14-09-2012,true
70725,Neon,3-2012,27-08-2012,27-08-2012,true
70726,Neon,3-2012,27-08-2012,27-08-2012,true
70727,Neon,3-2012,27-08-2012,27-08-2012,true
70728,Neon,3-2012,27-08-2012,27-08-2012,true
70767,Neon,3-2012,28-08-2012,29-08-2012,true
70770,Neon,3-2012,28-08-2012,28-08-2012,true
70771,Neon,3-2012,28-08-2012,25-09-2012,true
70772,Neon,3-2012,28-08-2012,07-09-2012,true
70776,Neon,3-2012,28-08-2012,13-09-2012,true
70778,Neon,3-2012,28-08-2012,25-09-2012,true
70782,Neon,3-2012,28-08-2012,07-09-2012,true
70798,Neon,3-2012,28-08-2012,28-08-2012,true
70809,Neon,3-2012,29-08-2012,29-08-2012,true
70813,Neon,3-2012,29-08-2012,29-08-2012,true
70814,Neon,3-2012,29-08-2012,29-08-2012,true
70822,Neon,3-2012,29-08-2012,29-08-2012,true
70823,Neon,3-2012,29-08-2012,29-08-2012,true
70852,Neon,3-2012,30-08-2012,30-08-2012,true
70853,Neon,3-2012,30-08-2012,30-08-2012,true
70883,Neon,3-2012,30-08-2012,07-09-2012,true
70884,Neon,3-2012,30-08-2012,11-09-2012,true
70886,Neon,3-2012,30-08-2012,30-08-2012,true
70887,Neon,3-2012,30-08-2012,30-08-2012,true
70888,Neon,3-2012,30-08-2012,30-08-2012,true
70889,Neon,3-2012,30-08-2012,30-08-2012,true
70910,Neon,3-2012,31-08-2012,04-09-2012,true
70911,Neon,3-2012,31-08-2012,07-09-2012,true
70940,Neon,3-2012,02-09-2012,03-09-2012,true
70958,Neon,3-2012,03-09-2012,04-09-2012,true
70969,Neon,3-2012,03-09-2012,04-09-2012,true
71027,Neon,3-2012,04-09-2012,04-09-2012,true
71028,Neon,3-2012,04-09-2012,04-09-2012,true
71085,Neon,3-2012,06-09-2012,06-09-2012,true
71086,Neon,3-2012,06-09-2012,06-09-2012,true
71120,Neon,3-2012,07-09-2012,11-09-2012,true
71124,Neon,3-2012,07-09-2012,10-09-2012,true
71128,Neon,3-2012,07-09-2012,12-09-2012,true
71129,Neon,3-2012,07-09-2012,25-09-2012,true
71130,Neon,3-2012,07-09-2012,12-09-2012,true
71141,Neon,3-2012,07-09-2012,10-09-2012,true
71144,Neon,3-2012,07-09-2012,23-10-2012,false
71145,Neon,3-2012,07-09-2012,10-09-2012,true
71156,Neon,3-2012,07-09-2012,17-09-2012,true
71289,Neon,3-2012,14-09-2012,14-09-2012,true
71290,Neon,3-2012,14-09-2012,21-09-2012,true
71305,Neon,3-2012,14-09-2012,14-09-2012,true
71315,Neon,3-2012,17-09-2012,17-09-2012,true
71318,Neon,3-2012,17-09-2012,17-09-2012,true
71348,Neon,3-2012,17-09-2012,18-09-2012,true
71350,Neon,3-2012,17-09-2012,18-09-2012,true
71359,Neon,3-2012,17-09-2012,17-09-2012,true
71360,Neon,3-2012,17-09-2012,17-09-2012,true
71361,Neon,3-2012,17-09-2012,17-09-2012,true
71362,Neon,3-2012,17-09-2012,17-09-2012,true
71376,Neon,3-2012,18-09-2012,18-09-2012,true
71377,Neon,3-2012,18-09-2012,18-09-2012,true
71378,Neon,3-2012,18-09-2012,18-09-2012,true
71379,Neon,3-2012,18-09-2012,25-09-2012,true
71414,Neon,3-2012,18-09-2012,18-09-2012,true
71434,Neon,3-2012,19-09-2012,19-09-2012,true
71435,Neon,3-2012,19-09-2012,19-09-2012,true
71532,Neon,3-2012,21-09-2012,21-09-2012,true
71602,Neon,3-2012,24-09-2012,24-09-2012,true
71696,Neon,3-2012,26-09-2012,26-09-2012,true
71702,Neon,3-2012,26-09-2012,26-09-2012,true
71783,Neon,3-2012,27-09-2012,01-10-2012,false
71803,Neon,3-2012,28-09-2012,28-09-2012,true
71804,Neon,3-2012,28-09-2012,28-09-2012,true
71805,Neon,3-2012,28-09-2012,28-09-2012,true
71806,Neon,3-2012,28-09-2012,04-10-2012,false
71808,Neon,3-2012,28-09-2012,01-10-2012,false
71809,Neon,3-2012,28-09-2012,28-09-2012,true
71820,Neon,3-2012,28-09-2012,28-09-2012,true
71821,Neon,3-2012,28-09-2012,05-10-2012,false
71823,Neon,3-2012,28-09-2012,28-09-2012,true
71824,Neon,3-2012,28-09-2012,28-09-2012,true
71855,Neon,4-2012,01-10-2012,01-10-2012,true
71868,Neon,4-2012,01-10-2012,01-10-2012,true
71909,Neon,4-2012,03-10-2012,03-10-2012,true
71911,Neon,4-2012,03-10-2012,03-10-2012,true
71943,Neon,4-2012,03-10-2012,03-10-2012,true
71944,Neon,4-2012,03-10-2012,05-10-2012,true
71957,Neon,4-2012,03-10-2012,05-10-2012,true
71966,Neon,4-2012,03-10-2012,05-10-2012,true
72055,Neon,4-2012,05-10-2012,05-10-2012,true
72121,Neon,4-2012,05-10-2012,05-10-2012,true
72485,Neon,4-2012,15-10-2012,16-10-2012,true
72486,Neon,4-2012,16-10-2012,16-10-2012,true
72513,Neon,4-2012,16-10-2012,19-10-2012,true
72514,Neon,4-2012,16-10-2012,16-10-2012,true
72661,Neon,4-2012,22-10-2012,22-10-2012,true
72691,Neon,4-2012,23-10-2012,03-01-2013,false
72745,Neon,4-2012,25-10-2012,25-10-2012,true
72800,Neon,4-2012,26-10-2012,26-10-2012,true
72803,Neon,4-2012,26-10-2012,27-10-2012,true
72804,Neon,4-2012,26-10-2012,28-10-2012,true
72810,Neon,4-2012,26-10-2012,26-10-2012,true
72812,Neon,4-2012,26-10-2012,27-10-2012,true
72815,Neon,4-2012,26-10-2012,28-10-2012,true
72832,Neon,4-2012,26-10-2012,28-10-2012,true
72834,Neon,4-2012,26-10-2012,27-10-2012,true
72838,Neon,4-2012,27-10-2012,28-10-2012,true
72848,Neon,4-2012,29-10-2012,29-10-2012,true
72849,Neon,4-2012,29-10-2012,29-10-2012,true
72867,Neon,4-2012,29-10-2012,29-10-2012,true
72868,Neon,4-2012,29-10-2012,29-10-2012,true
72878,Neon,4-2012,29-10-2012,29-10-2012,true
72882,Neon,4-2012,29-10-2012,04-12-2012,true
72886,Neon,4-2012,29-10-2012,29-10-2012,true
72887,Neon,4-2012,29-10-2012,29-10-2012,true
72888,Neon,4-2012,29-10-2012,03-12-2012,true
72892,Neon,4-2012,30-10-2012,26-11-2012,true
72904,Neon,4-2012,30-10-2012,30-10-2012,true
72905,Neon,4-2012,30-10-2012,30-10-2012,true
72910,Neon,4-2012,30-10-2012,30-10-2012,true
72911,Neon,4-2012,30-10-2012,30-10-2012,true
72920,Neon,4-2012,30-10-2012,30-10-2012,true
72949,Neon,4-2012,30-10-2012,01-11-2012,true
72950,Neon,4-2012,30-10-2012,31-10-2012,true
72951,Neon,4-2012,30-10-2012,31-10-2012,true
72952,Neon,4-2012,30-10-2012,31-10-2012,true
72963,Neon,4-2012,31-10-2012,31-10-2012,true
72964,Neon,4-2012,31-10-2012,31-10-2012,true
72991,Neon,4-2012,31-10-2012,01-11-2012,true
72992,Neon,4-2012,31-10-2012,01-11-2012,true
72997,Neon,4-2012,31-10-2012,01-11-2012,true
72998,Neon,4-2012,01-11-2012,01-11-2012,true
73070,Neon,4-2012,05-11-2012,20-11-2012,true
73097,Neon,4-2012,06-11-2012,07-11-2012,true
73102,Neon,4-2012,06-11-2012,21-11-2012,true
73111,Neon,4-2012,07-11-2012,08-11-2012,true
73153,Neon,4-2012,07-11-2012,07-11-2012,true
73346,Neon,4-2012,15-11-2012,15-11-2012,true
73381,Neon,4-2012,16-11-2012,16-11-2012,true
73385,Neon,4-2012,16-11-2012,19-11-2012,true
73401,Neon,4-2012,16-11-2012,20-11-2012,true
73424,Neon,4-2012,19-11-2012,20-11-2012,true
73429,Neon,4-2012,19-11-2012,19-11-2012,true
73460,Neon,4-2012,19-11-2012,03-12-2012,true
73471,Neon,4-2012,20-11-2012,20-11-2012,true
73482,Neon,4-2012,20-11-2012,22-11-2012,true
73483,Neon,4-2012,20-11-2012,20-11-2012,true
73664,Neon,4-2012,26-11-2012,26-11-2012,true
73666,Neon,4-2012,26-11-2012,27-11-2012,true
73683,Neon,4-2012,27-11-2012,27-11-2012,true
73706,Neon,4-2012,27-11-2012,27-11-2012,true
73718,Neon,4-2012,28-11-2012,28-11-2012,true
73719,Neon,4-2012,28-11-2012,28-11-2012,true
73723,Neon,4-2012,28-11-2012,28-11-2012,true
73737,Neon,4-2012,28-11-2012,29-11-2012,true
73739,Neon,4-2012,28-11-2012,29-11-2012,true
73786,Neon,4-2012,30-11-2012,03-12-2012,true
73805,Neon,4-2012,03-12-2012,03-12-2012,true
73853,Neon,4-2012,03-12-2012,09-01-2013,false
73878,Neon,4-2012,04-12-2012,05-12-2012,true
73882,Neon,4-2012,04-12-2012,05-12-2012,true
73935,Neon,4-2012,05-12-2012,05-12-2012,true
73936,Neon,4-2012,05-12-2012,05-12-2012,true
73957,Neon,4-2012,06-12-2012,06-12-2012,true
73985,Neon,4-2012,06-12-2012,06-12-2012,true
73986,Neon,4-2012,06-12-2012,11-12-2012,true
73989,Neon,4-2012,06-12-2012,06-12-2012,true
73990,Neon,4-2012,06-12-2012,06-12-2012,true
73991,Neon,4-2012,06-12-2012,06-12-2012,true
73999,Neon,4-2012,06-12-2012,06-12-2012,true
74003,Neon,4-2012,06-12-2012,07-12-2012,true
74004,Neon,4-2012,06-12-2012,07-12-2012,true
74071,Neon,4-2012,08-12-2012,08-12-2012,true
74072,Neon,4-2012,08-12-2012,08-12-2012,true
74073,Neon,4-2012,08-12-2012,10-12-2012,true
74074,Neon,4-2012,10-12-2012,08-12-2012,true
74094,Neon,4-2012,10-12-2012,10-12-2012,true
74210,Neon,4-2012,11-12-2012,11-12-2012,true
74212,Neon,4-2012,11-12-2012,11-12-2012,true
74214,Neon,4-2012,11-12-2012,11-12-2012,true
74224,Neon,4-2012,11-12-2012,11-12-2012,true
74225,Neon,4-2012,11-12-2012,11-12-2012,true
74251,Neon,4-2012,11-12-2012,11-12-2012,true
74577,Neon,4-2012,20-12-2012,02-01-2013,false
75019,Neon,1-2013,11-01-2013,11-01-2013,true
