360,1,23-08-2010,8,3,2010,Kanban
360,2,24-08-2010,8,3,2010,Kanban
360,6,25-08-2010,8,3,2010,Kanban
360,6,26-08-2010,8,3,2010,Kanban
360,8,27-08-2010,8,3,2010,Kanban
360,7,28-08-2010,8,3,2010,Kanban
360,7,29-08-2010,8,3,2010,Kanban
360,12,30-08-2010,8,3,2010,Kanban
360,15,31-08-2010,8,3,2010,Kanban
360,10,01-09-2010,9,3,2010,Kanban
360,9,02-09-2010,9,3,2010,Kanban
360,7,03-09-2010,9,3,2010,Kanban
360,5,04-09-2010,9,3,2010,Kanban
360,5,05-09-2010,9,3,2010,Kanban
360,9,06-09-2010,9,3,2010,Kanban
360,8,07-09-2010,9,3,2010,Kanban
360,6,08-09-2010,9,3,2010,Kanban
360,5,09-09-2010,9,3,2010,Kanban
360,5,10-09-2010,9,3,2010,Kanban
360,4,11-09-2010,9,3,2010,Kanban
360,4,12-09-2010,9,3,2010,Kanban
360,4,13-09-2010,9,3,2010,Kanban
360,4,14-09-2010,9,3,2010,Kanban
360,4,15-09-2010,9,3,2010,Kanban
360,4,16-09-2010,9,3,2010,Kanban
360,5,17-09-2010,9,3,2010,Kanban
360,5,18-09-2010,9,3,2010,Kanban
360,5,19-09-2010,9,3,2010,Kanban
360,5,20-09-2010,9,3,2010,Kanban
360,5,21-09-2010,9,3,2010,Kanban
360,5,22-09-2010,9,3,2010,Kanban
360,5,23-09-2010,9,3,2010,Kanban
360,6,24-09-2010,9,3,2010,Kanban
360,6,25-09-2010,9,3,2010,Kanban
360,5,26-09-2010,9,3,2010,Kanban
360,5,27-09-2010,9,3,2010,Kanban
360,5,28-09-2010,9,3,2010,Kanban
360,4,29-09-2010,9,3,2010,Kanban
360,4,30-09-2010,9,3,2010,Kanban
360,4,01-10-2010,10,4,2010,Kanban
360,3,02-10-2010,10,4,2010,Kanban
360,3,03-10-2010,10,4,2010,Kanban
360,3,04-10-2010,10,4,2010,Kanban
360,3,05-10-2010,10,4,2010,Kanban
360,3,06-10-2010,10,4,2010,Kanban
360,3,07-10-2010,10,4,2010,Kanban
360,2,08-10-2010,10,4,2010,Kanban
360,2,09-10-2010,10,4,2010,Kanban
360,2,10-10-2010,10,4,2010,Kanban
360,2,11-10-2010,10,4,2010,Kanban
360,2,12-10-2010,10,4,2010,Kanban
360,2,13-10-2010,10,4,2010,Kanban
360,2,14-10-2010,10,4,2010,Kanban
360,2,15-10-2010,10,4,2010,Kanban
360,2,16-10-2010,10,4,2010,Kanban
360,2,17-10-2010,10,4,2010,Kanban
360,2,18-10-2010,10,4,2010,Kanban
360,2,19-10-2010,10,4,2010,Kanban
360,2,20-10-2010,10,4,2010,Kanban
360,2,21-10-2010,10,4,2010,Kanban
360,2,22-10-2010,10,4,2010,Kanban
360,2,23-10-2010,10,4,2010,Kanban
360,2,24-10-2010,10,4,2010,Kanban
360,2,25-10-2010,10,4,2010,Kanban
360,2,26-10-2010,10,4,2010,Kanban
360,2,27-10-2010,10,4,2010,Kanban
360,2,28-10-2010,10,4,2010,Kanban
360,2,29-10-2010,10,4,2010,Kanban
360,2,30-10-2010,10,4,2010,Kanban
360,2,31-10-2010,10,4,2010,Kanban
360,2,01-11-2010,11,4,2010,Kanban
360,2,02-11-2010,11,4,2010,Kanban
360,3,03-11-2010,11,4,2010,Kanban
360,3,04-11-2010,11,4,2010,Kanban
360,2,05-11-2010,11,4,2010,Kanban
360,2,06-11-2010,11,4,2010,Kanban
360,2,07-11-2010,11,4,2010,Kanban
360,2,08-11-2010,11,4,2010,Kanban
360,3,09-11-2010,11,4,2010,Kanban
360,3,10-11-2010,11,4,2010,Kanban
360,2,11-11-2010,11,4,2010,Kanban
360,2,12-11-2010,11,4,2010,Kanban
360,2,13-11-2010,11,4,2010,Kanban
360,2,14-11-2010,11,4,2010,Kanban
360,2,15-11-2010,11,4,2010,Kanban
360,2,16-11-2010,11,4,2010,Kanban
360,2,17-11-2010,11,4,2010,Kanban
360,2,18-11-2010,11,4,2010,Kanban
360,1,19-11-2010,11,4,2010,Kanban
360,1,20-11-2010,11,4,2010,Kanban
360,1,21-11-2010,11,4,2010,Kanban
360,1,22-11-2010,11,4,2010,Kanban
360,1,23-11-2010,11,4,2010,Kanban
360,1,24-11-2010,11,4,2010,Kanban
360,1,25-11-2010,11,4,2010,Kanban
360,1,26-11-2010,11,4,2010,Kanban
360,1,27-11-2010,11,4,2010,Kanban
360,1,28-11-2010,11,4,2010,Kanban
360,1,29-11-2010,11,4,2010,Kanban
360,1,30-11-2010,11,4,2010,Kanban
360,1,01-12-2010,12,4,2010,Kanban
360,1,02-12-2010,12,4,2010,Kanban
360,1,03-12-2010,12,4,2010,Kanban
360,1,04-12-2010,12,4,2010,Kanban
360,1,05-12-2010,12,4,2010,Kanban
360,2,06-12-2010,12,4,2010,Kanban
360,2,07-12-2010,12,4,2010,Kanban
360,2,08-12-2010,12,4,2010,Kanban
360,1,09-12-2010,12,4,2010,Kanban
360,1,10-12-2010,12,4,2010,Kanban
360,1,11-12-2010,12,4,2010,Kanban
360,1,12-12-2010,12,4,2010,Kanban
360,1,13-12-2010,12,4,2010,Kanban
360,1,14-12-2010,12,4,2010,Kanban
360,1,15-12-2010,12,4,2010,Kanban
360,1,16-12-2010,12,4,2010,Kanban
360,1,17-12-2010,12,4,2010,Kanban
360,1,18-12-2010,12,4,2010,Kanban
360,1,19-12-2010,12,4,2010,Kanban
360,1,20-12-2010,12,4,2010,Kanban
360,1,21-12-2010,12,4,2010,Kanban
360,1,22-12-2010,12,4,2010,Kanban
360,1,23-12-2010,12,4,2010,Kanban
360,1,24-12-2010,12,4,2010,Kanban
360,1,25-12-2010,12,4,2010,Kanban
360,1,26-12-2010,12,4,2010,Kanban
360,1,27-12-2010,12,4,2010,Kanban
360,1,28-12-2010,12,4,2010,Kanban
360,1,29-12-2010,12,4,2010,Kanban
360,1,30-12-2010,12,4,2010,Kanban
360,1,31-12-2010,12,4,2010,Kanban
360,1,01-01-2011,1,1,2011,Kanban
360,1,02-01-2011,1,1,2011,Kanban
360,1,03-01-2011,1,1,2011,Kanban
360,1,04-01-2011,1,1,2011,Kanban
360,1,05-01-2011,1,1,2011,Kanban
360,1,06-01-2011,1,1,2011,Kanban
360,1,07-01-2011,1,1,2011,Kanban
360,1,08-01-2011,1,1,2011,Kanban
360,1,09-01-2011,1,1,2011,Kanban
360,1,10-01-2011,1,1,2011,Kanban
360,1,11-01-2011,1,1,2011,Kanban
360,1,12-01-2011,1,1,2011,Kanban
360,1,13-01-2011,1,1,2011,Kanban
360,1,14-01-2011,1,1,2011,Kanban
360,1,15-01-2011,1,1,2011,Kanban
360,1,16-01-2011,1,1,2011,Kanban
360,1,17-01-2011,1,1,2011,Kanban
360,1,18-01-2011,1,1,2011,Kanban
360,1,19-01-2011,1,1,2011,Kanban
360,1,20-01-2011,1,1,2011,Kanban
360,1,21-01-2011,1,1,2011,Kanban
360,1,22-01-2011,1,1,2011,Kanban
360,1,23-01-2011,1,1,2011,Kanban
360,1,24-01-2011,1,1,2011,Kanban
360,1,25-01-2011,1,1,2011,Kanban
360,1,26-01-2011,1,1,2011,Kanban
360,1,27-01-2011,1,1,2011,Kanban
360,1,28-01-2011,1,1,2011,Kanban
360,1,29-01-2011,1,1,2011,Kanban
360,1,30-01-2011,1,1,2011,Kanban
360,1,31-01-2011,1,1,2011,Kanban
360,1,01-02-2011,2,1,2011,Kanban
360,14,02-02-2011,2,1,2011,Kanban
360,20,03-02-2011,2,1,2011,Kanban
360,28,04-02-2011,2,1,2011,Kanban
360,23,05-02-2011,2,1,2011,Kanban
360,21,06-02-2011,2,1,2011,Kanban
360,25,07-02-2011,2,1,2011,Kanban
360,31,08-02-2011,2,1,2011,Kanban
360,29,09-02-2011,2,1,2011,Kanban
360,22,10-02-2011,2,1,2011,Kanban
360,11,11-02-2011,2,1,2011,Kanban
360,9,12-02-2011,2,1,2011,Kanban
360,6,13-02-2011,2,1,2011,Kanban
360,6,14-02-2011,2,1,2011,Kanban
360,6,15-02-2011,2,1,2011,Kanban
360,6,16-02-2011,2,1,2011,Kanban
360,6,17-02-2011,2,1,2011,Kanban
360,4,18-02-2011,2,1,2011,Kanban
360,4,19-02-2011,2,1,2011,Kanban
360,3,20-02-2011,2,1,2011,Kanban
360,3,21-02-2011,2,1,2011,Kanban
360,3,22-02-2011,2,1,2011,Kanban
360,3,23-02-2011,2,1,2011,Kanban
360,3,24-02-2011,2,1,2011,Kanban
360,3,25-02-2011,2,1,2011,Kanban
360,3,26-02-2011,2,1,2011,Kanban
360,3,27-02-2011,2,1,2011,Kanban
360,3,28-02-2011,2,1,2011,Kanban
360,3,01-03-2011,3,1,2011,Kanban
360,3,02-03-2011,3,1,2011,Kanban
360,3,03-03-2011,3,1,2011,Kanban
360,2,04-03-2011,3,1,2011,Kanban
360,2,05-03-2011,3,1,2011,Kanban
360,2,06-03-2011,3,1,2011,Kanban
360,2,07-03-2011,3,1,2011,Kanban
360,2,08-03-2011,3,1,2011,Kanban
360,2,09-03-2011,3,1,2011,Kanban
360,2,10-03-2011,3,1,2011,Kanban
360,2,11-03-2011,3,1,2011,Kanban
360,2,12-03-2011,3,1,2011,Kanban
360,2,13-03-2011,3,1,2011,Kanban
360,2,14-03-2011,3,1,2011,Kanban
360,2,15-03-2011,3,1,2011,Kanban
360,2,16-03-2011,3,1,2011,Kanban
360,2,17-03-2011,3,1,2011,Kanban
360,2,18-03-2011,3,1,2011,Kanban
360,2,19-03-2011,3,1,2011,Kanban
360,2,20-03-2011,3,1,2011,Kanban
360,2,21-03-2011,3,1,2011,Kanban
360,2,22-03-2011,3,1,2011,Kanban
360,1,23-03-2011,3,1,2011,Kanban
360,1,24-03-2011,3,1,2011,Kanban
360,2,25-03-2011,3,1,2011,Kanban
360,2,26-03-2011,3,1,2011,Kanban
360,2,27-03-2011,3,1,2011,Kanban
360,2,28-03-2011,3,1,2011,Kanban
360,2,29-03-2011,3,1,2011,Kanban
360,2,30-03-2011,3,1,2011,Kanban
360,2,31-03-2011,3,1,2011,Kanban
360,3,01-04-2011,4,2,2011,Kanban
360,3,02-04-2011,4,2,2011,Kanban
360,3,03-04-2011,4,2,2011,Kanban
360,6,04-04-2011,4,2,2011,Kanban
360,13,05-04-2011,4,2,2011,Kanban
360,25,06-04-2011,4,2,2011,Kanban
360,33,07-04-2011,4,2,2011,Kanban
360,27,08-04-2011,4,2,2011,Kanban
360,22,09-04-2011,4,2,2011,Kanban
360,17,10-04-2011,4,2,2011,Kanban
360,25,11-04-2011,4,2,2011,Kanban
360,33,12-04-2011,4,2,2011,Kanban
360,35,13-04-2011,4,2,2011,Kanban
360,44,14-04-2011,4,2,2011,Kanban
360,48,15-04-2011,4,2,2011,Kanban
360,40,16-04-2011,4,2,2011,Kanban
360,28,17-04-2011,4,2,2011,Kanban
360,34,18-04-2011,4,2,2011,Kanban
360,37,19-04-2011,4,2,2011,Kanban
360,33,20-04-2011,4,2,2011,Kanban
360,34,21-04-2011,4,2,2011,Kanban
360,28,22-04-2011,4,2,2011,Kanban
360,25,23-04-2011,4,2,2011,Kanban
360,25,24-04-2011,4,2,2011,Kanban
360,31,25-04-2011,4,2,2011,Kanban
360,42,26-04-2011,4,2,2011,Kanban
360,52,27-04-2011,4,2,2011,Kanban
360,47,28-04-2011,4,2,2011,Kanban
360,45,29-04-2011,4,2,2011,Kanban
360,30,30-04-2011,4,2,2011,Kanban
360,24,01-05-2011,5,2,2011,Kanban
360,32,02-05-2011,5,2,2011,Kanban
360,35,03-05-2011,5,2,2011,Kanban
360,36,04-05-2011,5,2,2011,Kanban
360,31,05-05-2011,5,2,2011,Kanban
360,21,06-05-2011,5,2,2011,Kanban
360,9,07-05-2011,5,2,2011,Kanban
360,3,08-05-2011,5,2,2011,Kanban
360,3,09-05-2011,5,2,2011,Kanban
360,3,10-05-2011,5,2,2011,Kanban
360,3,11-05-2011,5,2,2011,Kanban
360,3,12-05-2011,5,2,2011,Kanban
360,3,13-05-2011,5,2,2011,Kanban
360,3,14-05-2011,5,2,2011,Kanban
360,3,15-05-2011,5,2,2011,Kanban
360,3,16-05-2011,5,2,2011,Kanban
360,3,17-05-2011,5,2,2011,Kanban
360,3,18-05-2011,5,2,2011,Kanban
360,3,19-05-2011,5,2,2011,Kanban
360,3,20-05-2011,5,2,2011,Kanban
360,3,21-05-2011,5,2,2011,Kanban
360,3,22-05-2011,5,2,2011,Kanban
360,3,23-05-2011,5,2,2011,Kanban
360,3,24-05-2011,5,2,2011,Kanban
360,3,25-05-2011,5,2,2011,Kanban
360,3,26-05-2011,5,2,2011,Kanban
360,3,27-05-2011,5,2,2011,Kanban
360,3,28-05-2011,5,2,2011,Kanban
360,3,29-05-2011,5,2,2011,Kanban
360,4,30-05-2011,5,2,2011,Kanban
360,4,31-05-2011,5,2,2011,Kanban
360,4,01-06-2011,6,2,2011,Kanban
360,4,02-06-2011,6,2,2011,Kanban
360,4,03-06-2011,6,2,2011,Kanban
360,4,04-06-2011,6,2,2011,Kanban
360,4,05-06-2011,6,2,2011,Kanban
360,4,06-06-2011,6,2,2011,Kanban
360,4,07-06-2011,6,2,2011,Kanban
360,4,08-06-2011,6,2,2011,Kanban
360,5,09-06-2011,6,2,2011,Kanban
360,5,10-06-2011,6,2,2011,Kanban
360,5,11-06-2011,6,2,2011,Kanban
360,5,12-06-2011,6,2,2011,Kanban
360,5,13-06-2011,6,2,2011,Kanban
360,12,14-06-2011,6,2,2011,Kanban
360,14,15-06-2011,6,2,2011,Kanban
360,14,16-06-2011,6,2,2011,Kanban
360,11,17-06-2011,6,2,2011,Kanban
360,7,18-06-2011,6,2,2011,Kanban
360,5,19-06-2011,6,2,2011,Kanban
360,5,20-06-2011,6,2,2011,Kanban
360,6,21-06-2011,6,2,2011,Kanban
360,4,22-06-2011,6,2,2011,Kanban
360,4,23-06-2011,6,2,2011,Kanban
360,4,24-06-2011,6,2,2011,Kanban
360,4,25-06-2011,6,2,2011,Kanban
360,4,26-06-2011,6,2,2011,Kanban
360,4,27-06-2011,6,2,2011,Kanban
360,4,28-06-2011,6,2,2011,Kanban
360,4,29-06-2011,6,2,2011,Kanban
360,4,30-06-2011,6,2,2011,Kanban
360,3,01-07-2011,7,3,2011,Kanban
360,3,02-07-2011,7,3,2011,Kanban
360,3,03-07-2011,7,3,2011,Kanban
360,3,04-07-2011,7,3,2011,Kanban
360,3,05-07-2011,7,3,2011,Kanban
360,3,06-07-2011,7,3,2011,Kanban
360,3,07-07-2011,7,3,2011,Kanban
360,3,08-07-2011,7,3,2011,Kanban
360,3,09-07-2011,7,3,2011,Kanban
360,3,10-07-2011,7,3,2011,Kanban
360,3,11-07-2011,7,3,2011,Kanban
360,3,12-07-2011,7,3,2011,Kanban
360,3,13-07-2011,7,3,2011,Kanban
360,3,14-07-2011,7,3,2011,Kanban
360,3,15-07-2011,7,3,2011,Kanban
360,3,16-07-2011,7,3,2011,Kanban
360,3,17-07-2011,7,3,2011,Kanban
360,3,18-07-2011,7,3,2011,Kanban
360,3,19-07-2011,7,3,2011,Kanban
360,3,20-07-2011,7,3,2011,Kanban
360,3,21-07-2011,7,3,2011,Kanban
360,3,22-07-2011,7,3,2011,Kanban
360,3,23-07-2011,7,3,2011,Kanban
360,3,24-07-2011,7,3,2011,Kanban
360,3,25-07-2011,7,3,2011,Kanban
360,3,26-07-2011,7,3,2011,Kanban
360,3,27-07-2011,7,3,2011,Kanban
360,3,28-07-2011,7,3,2011,Kanban
360,3,29-07-2011,7,3,2011,Kanban
360,3,30-07-2011,7,3,2011,Kanban
360,3,31-07-2011,7,3,2011,Kanban
360,3,01-08-2011,8,3,2011,Kanban
360,3,02-08-2011,8,3,2011,Kanban
360,3,03-08-2011,8,3,2011,Kanban
360,3,04-08-2011,8,3,2011,Kanban
360,3,05-08-2011,8,3,2011,Kanban
360,3,06-08-2011,8,3,2011,Kanban
360,3,07-08-2011,8,3,2011,Kanban
360,3,08-08-2011,8,3,2011,Kanban
360,3,09-08-2011,8,3,2011,Kanban
360,3,10-08-2011,8,3,2011,Kanban
360,3,11-08-2011,8,3,2011,Kanban
360,3,12-08-2011,8,3,2011,Kanban
360,3,13-08-2011,8,3,2011,Kanban
360,3,14-08-2011,8,3,2011,Kanban
360,3,15-08-2011,8,3,2011,Kanban
360,3,16-08-2011,8,3,2011,Kanban
360,4,17-08-2011,8,3,2011,Kanban
360,4,18-08-2011,8,3,2011,Kanban
360,4,19-08-2011,8,3,2011,Kanban
360,4,20-08-2011,8,3,2011,Kanban
360,4,21-08-2011,8,3,2011,Kanban
360,4,22-08-2011,8,3,2011,Kanban
360,3,23-08-2011,8,3,2011,Kanban
360,3,24-08-2011,8,3,2011,Kanban
360,3,25-08-2011,8,3,2011,Kanban
360,3,26-08-2011,8,3,2011,Kanban
360,2,27-08-2011,8,3,2011,Kanban
360,2,28-08-2011,8,3,2011,Kanban
360,2,29-08-2011,8,3,2011,Kanban
360,2,30-08-2011,8,3,2011,Kanban
360,2,31-08-2011,8,3,2011,Kanban
360,2,01-09-2011,9,3,2011,Kanban
360,2,02-09-2011,9,3,2011,Kanban
360,1,03-09-2011,9,3,2011,Kanban
360,1,04-09-2011,9,3,2011,Kanban
360,1,05-09-2011,9,3,2011,Kanban
360,1,06-09-2011,9,3,2011,Kanban
360,1,07-09-2011,9,3,2011,Kanban
360,1,08-09-2011,9,3,2011,Kanban
360,1,09-09-2011,9,3,2011,Kanban
360,1,10-09-2011,9,3,2011,Kanban
360,1,11-09-2011,9,3,2011,Kanban
360,1,12-09-2011,9,3,2011,Kanban
360,1,13-09-2011,9,3,2011,Kanban
360,1,14-09-2011,9,3,2011,Kanban
360,1,15-09-2011,9,3,2011,Kanban
360,1,16-09-2011,9,3,2011,Kanban
360,1,17-09-2011,9,3,2011,Kanban
360,1,18-09-2011,9,3,2011,Kanban
360,1,19-09-2011,9,3,2011,Kanban
360,1,20-09-2011,9,3,2011,Kanban
360,1,21-09-2011,9,3,2011,Kanban
360,1,22-09-2011,9,3,2011,Kanban
360,1,23-09-2011,9,3,2011,Kanban
360,1,24-09-2011,9,3,2011,Kanban
360,1,25-09-2011,9,3,2011,Kanban
360,2,26-09-2011,9,3,2011,Kanban
360,2,27-09-2011,9,3,2011,Kanban
360,1,28-09-2011,9,3,2011,Kanban
360,1,29-09-2011,9,3,2011,Kanban
360,1,30-09-2011,9,3,2011,Kanban
360,1,01-10-2011,10,4,2011,Kanban
360,1,02-10-2011,10,4,2011,Kanban
360,1,03-10-2011,10,4,2011,Kanban
360,1,04-10-2011,10,4,2011,Kanban
360,1,05-10-2011,10,4,2011,Kanban
360,1,06-10-2011,10,4,2011,Kanban
360,1,07-10-2011,10,4,2011,Kanban
360,1,08-10-2011,10,4,2011,Kanban
360,1,09-10-2011,10,4,2011,Kanban
360,1,10-10-2011,10,4,2011,Kanban
360,1,11-10-2011,10,4,2011,Kanban
360,1,12-10-2011,10,4,2011,Kanban
360,1,13-10-2011,10,4,2011,Kanban
360,1,14-10-2011,10,4,2011,Kanban
360,1,15-10-2011,10,4,2011,Kanban
360,1,16-10-2011,10,4,2011,Kanban
360,1,17-10-2011,10,4,2011,Kanban
360,4,18-10-2011,10,4,2011,Kanban
360,12,19-10-2011,10,4,2011,Kanban
360,15,20-10-2011,10,4,2011,Kanban
360,21,21-10-2011,10,4,2011,Kanban
360,19,22-10-2011,10,4,2011,Kanban
360,14,23-10-2011,10,4,2011,Kanban
360,23,24-10-2011,10,4,2011,Kanban
360,32,25-10-2011,10,4,2011,Kanban
360,40,26-10-2011,10,4,2011,Kanban
360,39,27-10-2011,10,4,2011,Kanban
360,51,28-10-2011,10,4,2011,Kanban
360,50,29-10-2011,10,4,2011,Kanban
360,42,30-10-2011,10,4,2011,Kanban
360,51,31-10-2011,10,4,2011,Kanban
360,50,01-11-2011,11,4,2011,Kanban
360,65,02-11-2011,11,4,2011,Kanban
360,79,03-11-2011,11,4,2011,Kanban
360,87,04-11-2011,11,4,2011,Kanban
360,97,05-11-2011,11,4,2011,Kanban
360,80,06-11-2011,11,4,2011,Kanban
360,82,07-11-2011,11,4,2011,Kanban
360,66,08-11-2011,11,4,2011,Kanban
360,39,09-11-2011,11,4,2011,Kanban
360,14,10-11-2011,11,4,2011,Kanban
360,4,11-11-2011,11,4,2011,Kanban
360,4,12-11-2011,11,4,2011,Kanban
360,4,13-11-2011,11,4,2011,Kanban
360,6,14-11-2011,11,4,2011,Kanban
360,6,15-11-2011,11,4,2011,Kanban
360,6,16-11-2011,11,4,2011,Kanban
360,4,17-11-2011,11,4,2011,Kanban
360,4,18-11-2011,11,4,2011,Kanban
360,4,19-11-2011,11,4,2011,Kanban
360,3,20-11-2011,11,4,2011,Kanban
360,4,21-11-2011,11,4,2011,Kanban
360,4,22-11-2011,11,4,2011,Kanban
360,4,23-11-2011,11,4,2011,Kanban
360,4,24-11-2011,11,4,2011,Kanban
360,5,25-11-2011,11,4,2011,Kanban
360,5,26-11-2011,11,4,2011,Kanban
360,5,27-11-2011,11,4,2011,Kanban
360,5,28-11-2011,11,4,2011,Kanban
360,5,29-11-2011,11,4,2011,Kanban
360,5,30-11-2011,11,4,2011,Kanban
360,5,01-12-2011,12,4,2011,Kanban
360,5,02-12-2011,12,4,2011,Kanban
360,4,03-12-2011,12,4,2011,Kanban
360,4,04-12-2011,12,4,2011,Kanban
360,4,05-12-2011,12,4,2011,Kanban
360,4,06-12-2011,12,4,2011,Kanban
360,5,07-12-2011,12,4,2011,Kanban
360,5,08-12-2011,12,4,2011,Kanban
360,4,09-12-2011,12,4,2011,Kanban
360,4,10-12-2011,12,4,2011,Kanban
360,4,11-12-2011,12,4,2011,Kanban
360,5,12-12-2011,12,4,2011,Kanban
360,5,13-12-2011,12,4,2011,Kanban
360,5,14-12-2011,12,4,2011,Kanban
360,5,15-12-2011,12,4,2011,Kanban
360,4,16-12-2011,12,4,2011,Kanban
360,4,17-12-2011,12,4,2011,Kanban
360,4,18-12-2011,12,4,2011,Kanban
360,4,19-12-2011,12,4,2011,Kanban
360,4,20-12-2011,12,4,2011,Kanban
360,4,21-12-2011,12,4,2011,Kanban
360,4,22-12-2011,12,4,2011,Kanban
360,4,23-12-2011,12,4,2011,Kanban
360,4,24-12-2011,12,4,2011,Kanban
360,4,25-12-2011,12,4,2011,Kanban
360,4,26-12-2011,12,4,2011,Kanban
360,4,27-12-2011,12,4,2011,Kanban
360,4,28-12-2011,12,4,2011,Kanban
360,4,29-12-2011,12,4,2011,Kanban
360,4,30-12-2011,12,4,2011,Kanban
360,4,31-12-2011,12,4,2011,Kanban
360,4,01-01-2012,1,1,2012,Kanban
360,4,02-01-2012,1,1,2012,Kanban
360,4,03-01-2012,1,1,2012,Kanban
360,4,04-01-2012,1,1,2012,Kanban
360,4,05-01-2012,1,1,2012,Kanban
360,4,06-01-2012,1,1,2012,Kanban
360,4,07-01-2012,1,1,2012,Kanban
360,4,08-01-2012,1,1,2012,Kanban
360,4,09-01-2012,1,1,2012,Kanban
360,4,10-01-2012,1,1,2012,Kanban
360,4,11-01-2012,1,1,2012,Kanban
360,4,12-01-2012,1,1,2012,Kanban
360,4,13-01-2012,1,1,2012,Kanban
360,4,14-01-2012,1,1,2012,Kanban
360,4,15-01-2012,1,1,2012,Kanban
360,19,16-01-2012,1,1,2012,Kanban
360,30,17-01-2012,1,1,2012,Kanban
360,42,18-01-2012,1,1,2012,Kanban
360,42,19-01-2012,1,1,2012,Kanban
360,41,20-01-2012,1,1,2012,Kanban
360,31,21-01-2012,1,1,2012,Kanban
360,23,22-01-2012,1,1,2012,Kanban
360,41,23-01-2012,1,1,2012,Kanban
360,47,24-01-2012,1,1,2012,Kanban
360,53,25-01-2012,1,1,2012,Kanban
360,54,26-01-2012,1,1,2012,Kanban
360,50,27-01-2012,1,1,2012,Kanban
360,46,28-01-2012,1,1,2012,Kanban
360,31,29-01-2012,1,1,2012,Kanban
360,49,30-01-2012,1,1,2012,Kanban
360,67,31-01-2012,1,1,2012,Kanban
360,64,01-02-2012,2,1,2012,Kanban
360,53,02-02-2012,2,1,2012,Kanban
360,37,03-02-2012,2,1,2012,Kanban
360,24,04-02-2012,2,1,2012,Kanban
360,12,05-02-2012,2,1,2012,Kanban
360,14,06-02-2012,2,1,2012,Kanban
360,13,07-02-2012,2,1,2012,Kanban
360,5,08-02-2012,2,1,2012,Kanban
360,7,09-02-2012,2,1,2012,Kanban
360,7,10-02-2012,2,1,2012,Kanban
360,7,11-02-2012,2,1,2012,Kanban
360,7,12-02-2012,2,1,2012,Kanban
360,7,13-02-2012,2,1,2012,Kanban
360,7,14-02-2012,2,1,2012,Kanban
360,8,15-02-2012,2,1,2012,Kanban
360,8,16-02-2012,2,1,2012,Kanban
360,6,17-02-2012,2,1,2012,Kanban
360,5,18-02-2012,2,1,2012,Kanban
360,5,19-02-2012,2,1,2012,Kanban
360,5,20-02-2012,2,1,2012,Kanban
360,5,21-02-2012,2,1,2012,Kanban
360,5,22-02-2012,2,1,2012,Kanban
360,5,23-02-2012,2,1,2012,Kanban
360,5,24-02-2012,2,1,2012,Kanban
360,5,25-02-2012,2,1,2012,Kanban
360,5,26-02-2012,2,1,2012,Kanban
360,5,27-02-2012,2,1,2012,Kanban
360,5,28-02-2012,2,1,2012,Kanban
360,5,29-02-2012,2,1,2012,Kanban
360,5,01-03-2012,3,1,2012,Kanban
360,5,02-03-2012,3,1,2012,Kanban
360,5,03-03-2012,3,1,2012,Kanban
360,5,04-03-2012,3,1,2012,Kanban
360,5,05-03-2012,3,1,2012,Kanban
360,5,06-03-2012,3,1,2012,Kanban
360,5,07-03-2012,3,1,2012,Kanban
360,5,08-03-2012,3,1,2012,Kanban
360,5,09-03-2012,3,1,2012,Kanban
360,5,10-03-2012,3,1,2012,Kanban
360,5,11-03-2012,3,1,2012,Kanban
360,5,12-03-2012,3,1,2012,Kanban
360,5,13-03-2012,3,1,2012,Kanban
360,4,14-03-2012,3,1,2012,Kanban
360,4,15-03-2012,3,1,2012,Kanban
360,4,16-03-2012,3,1,2012,Kanban
360,4,17-03-2012,3,1,2012,Kanban
360,4,18-03-2012,3,1,2012,Kanban
360,4,19-03-2012,3,1,2012,Kanban
360,4,20-03-2012,3,1,2012,Kanban
360,4,21-03-2012,3,1,2012,Kanban
360,4,22-03-2012,3,1,2012,Kanban
360,4,23-03-2012,3,1,2012,Kanban
360,4,24-03-2012,3,1,2012,Kanban
360,4,25-03-2012,3,1,2012,Kanban
360,4,26-03-2012,3,1,2012,Kanban
360,4,27-03-2012,3,1,2012,Kanban
360,6,28-03-2012,3,1,2012,Kanban
360,6,29-03-2012,3,1,2012,Kanban
360,5,30-03-2012,3,1,2012,Kanban
360,5,31-03-2012,3,1,2012,Kanban
360,5,01-04-2012,4,2,2012,Kanban
360,5,02-04-2012,4,2,2012,Kanban
360,5,03-04-2012,4,2,2012,Kanban
360,5,04-04-2012,4,2,2012,Kanban
360,5,05-04-2012,4,2,2012,Kanban
360,5,06-04-2012,4,2,2012,Kanban
360,5,07-04-2012,4,2,2012,Kanban
360,5,08-04-2012,4,2,2012,Kanban
360,5,09-04-2012,4,2,2012,Kanban
360,5,10-04-2012,4,2,2012,Kanban
360,5,11-04-2012,4,2,2012,Kanban
360,5,12-04-2012,4,2,2012,Kanban
360,4,13-04-2012,4,2,2012,Kanban
360,3,14-04-2012,4,2,2012,Kanban
360,3,15-04-2012,4,2,2012,Kanban
360,3,16-04-2012,4,2,2012,Kanban
360,3,17-04-2012,4,2,2012,Kanban
360,3,18-04-2012,4,2,2012,Kanban
360,3,19-04-2012,4,2,2012,Kanban
360,3,20-04-2012,4,2,2012,Kanban
360,3,21-04-2012,4,2,2012,Kanban
360,3,22-04-2012,4,2,2012,Kanban
360,3,23-04-2012,4,2,2012,Kanban
360,3,24-04-2012,4,2,2012,Kanban
360,3,25-04-2012,4,2,2012,Kanban
360,3,26-04-2012,4,2,2012,Kanban
360,3,27-04-2012,4,2,2012,Kanban
360,3,28-04-2012,4,2,2012,Kanban
360,3,29-04-2012,4,2,2012,Kanban
360,3,30-04-2012,4,2,2012,Kanban
360,3,01-05-2012,5,2,2012,Kanban
360,3,02-05-2012,5,2,2012,Kanban
360,3,03-05-2012,5,2,2012,Kanban
360,3,04-05-2012,5,2,2012,Kanban
360,4,05-05-2012,5,2,2012,Kanban
360,4,06-05-2012,5,2,2012,Kanban
360,5,07-05-2012,5,2,2012,Kanban
360,5,08-05-2012,5,2,2012,Kanban
360,3,09-05-2012,5,2,2012,Kanban
360,3,10-05-2012,5,2,2012,Kanban
360,3,11-05-2012,5,2,2012,Kanban
360,3,12-05-2012,5,2,2012,Kanban
360,3,13-05-2012,5,2,2012,Kanban
360,3,14-05-2012,5,2,2012,Kanban
360,3,15-05-2012,5,2,2012,Kanban
360,3,16-05-2012,5,2,2012,Kanban
360,3,17-05-2012,5,2,2012,Kanban
360,3,18-05-2012,5,2,2012,Kanban
360,3,19-05-2012,5,2,2012,Kanban
360,3,20-05-2012,5,2,2012,Kanban
360,3,21-05-2012,5,2,2012,Kanban
360,3,22-05-2012,5,2,2012,Kanban
360,2,23-05-2012,5,2,2012,Kanban
360,2,24-05-2012,5,2,2012,Kanban
360,2,25-05-2012,5,2,2012,Kanban
360,2,26-05-2012,5,2,2012,Kanban
360,2,27-05-2012,5,2,2012,Kanban
360,3,28-05-2012,5,2,2012,Kanban
360,4,29-05-2012,5,2,2012,Kanban
360,3,30-05-2012,5,2,2012,Kanban
360,3,31-05-2012,5,2,2012,Kanban
360,3,01-06-2012,6,2,2012,Kanban
360,3,02-06-2012,6,2,2012,Kanban
360,3,03-06-2012,6,2,2012,Kanban
360,3,04-06-2012,6,2,2012,Kanban
360,3,05-06-2012,6,2,2012,Kanban
360,3,06-06-2012,6,2,2012,Kanban
360,3,07-06-2012,6,2,2012,Kanban
360,3,08-06-2012,6,2,2012,Kanban
360,3,09-06-2012,6,2,2012,Kanban
360,3,10-06-2012,6,2,2012,Kanban
360,4,11-06-2012,6,2,2012,Kanban
360,6,12-06-2012,6,2,2012,Kanban
360,7,13-06-2012,6,2,2012,Kanban
360,7,14-06-2012,6,2,2012,Kanban
360,27,15-06-2012,6,2,2012,Kanban
360,42,16-06-2012,6,2,2012,Kanban
360,35,17-06-2012,6,2,2012,Kanban
360,50,18-06-2012,6,2,2012,Kanban
360,77,19-06-2012,6,2,2012,Kanban
360,82,20-06-2012,6,2,2012,Kanban
360,73,21-06-2012,6,2,2012,Kanban
360,78,22-06-2012,6,2,2012,Kanban
360,86,23-06-2012,6,2,2012,Kanban
360,71,24-06-2012,6,2,2012,Kanban
360,78,25-06-2012,6,2,2012,Kanban
360,94,26-06-2012,6,2,2012,Kanban
360,88,27-06-2012,6,2,2012,Kanban
360,87,28-06-2012,6,2,2012,Kanban
360,92,29-06-2012,6,2,2012,Kanban
360,73,30-06-2012,6,2,2012,Kanban
360,46,01-07-2012,7,3,2012,Kanban
360,52,02-07-2012,7,3,2012,Kanban
360,50,03-07-2012,7,3,2012,Kanban
360,32,04-07-2012,7,3,2012,Kanban
360,15,05-07-2012,7,3,2012,Kanban
360,11,06-07-2012,7,3,2012,Kanban
360,11,07-07-2012,7,3,2012,Kanban
360,11,08-07-2012,7,3,2012,Kanban
360,11,09-07-2012,7,3,2012,Kanban
360,11,10-07-2012,7,3,2012,Kanban
360,11,11-07-2012,7,3,2012,Kanban
360,11,12-07-2012,7,3,2012,Kanban
360,11,13-07-2012,7,3,2012,Kanban
360,11,14-07-2012,7,3,2012,Kanban
360,11,15-07-2012,7,3,2012,Kanban
360,11,16-07-2012,7,3,2012,Kanban
360,11,17-07-2012,7,3,2012,Kanban
360,11,18-07-2012,7,3,2012,Kanban
360,11,19-07-2012,7,3,2012,Kanban
360,11,20-07-2012,7,3,2012,Kanban
360,11,21-07-2012,7,3,2012,Kanban
360,11,22-07-2012,7,3,2012,Kanban
360,11,23-07-2012,7,3,2012,Kanban
360,11,24-07-2012,7,3,2012,Kanban
360,11,25-07-2012,7,3,2012,Kanban
360,11,26-07-2012,7,3,2012,Kanban
360,11,27-07-2012,7,3,2012,Kanban
360,11,28-07-2012,7,3,2012,Kanban
360,11,29-07-2012,7,3,2012,Kanban
360,11,30-07-2012,7,3,2012,Kanban
360,11,31-07-2012,7,3,2012,Kanban
360,11,01-08-2012,8,3,2012,Kanban
360,10,02-08-2012,8,3,2012,Kanban
360,10,03-08-2012,8,3,2012,Kanban
360,10,04-08-2012,8,3,2012,Kanban
360,10,05-08-2012,8,3,2012,Kanban
360,14,06-08-2012,8,3,2012,Kanban
360,18,07-08-2012,8,3,2012,Kanban
360,20,08-08-2012,8,3,2012,Kanban
360,19,09-08-2012,8,3,2012,Kanban
360,20,10-08-2012,8,3,2012,Kanban
360,20,11-08-2012,8,3,2012,Kanban
360,20,12-08-2012,8,3,2012,Kanban
360,20,13-08-2012,8,3,2012,Kanban
360,21,14-08-2012,8,3,2012,Kanban
360,20,15-08-2012,8,3,2012,Kanban
360,20,16-08-2012,8,3,2012,Kanban
360,20,17-08-2012,8,3,2012,Kanban
360,20,18-08-2012,8,3,2012,Kanban
360,20,19-08-2012,8,3,2012,Kanban
360,20,20-08-2012,8,3,2012,Kanban
360,20,21-08-2012,8,3,2012,Kanban
360,23,22-08-2012,8,3,2012,Kanban
360,24,23-08-2012,8,3,2012,Kanban
360,25,24-08-2012,8,3,2012,Kanban
360,24,25-08-2012,8,3,2012,Kanban
360,23,26-08-2012,8,3,2012,Kanban
360,23,27-08-2012,8,3,2012,Kanban
360,24,28-08-2012,8,3,2012,Kanban
360,24,29-08-2012,8,3,2012,Kanban
360,25,30-08-2012,8,3,2012,Kanban
360,24,31-08-2012,8,3,2012,Kanban
360,26,01-09-2012,9,3,2012,Kanban
360,26,02-09-2012,9,3,2012,Kanban
360,26,03-09-2012,9,3,2012,Kanban
360,26,04-09-2012,9,3,2012,Kanban
360,28,05-09-2012,9,3,2012,Kanban
360,30,06-09-2012,9,3,2012,Kanban
360,20,07-09-2012,9,3,2012,Kanban
360,13,08-09-2012,9,3,2012,Kanban
360,13,09-09-2012,9,3,2012,Kanban
360,13,10-09-2012,9,3,2012,Kanban
360,13,11-09-2012,9,3,2012,Kanban
360,13,12-09-2012,9,3,2012,Kanban
360,14,13-09-2012,9,3,2012,Kanban
360,14,14-09-2012,9,3,2012,Kanban
360,23,15-09-2012,9,3,2012,Kanban
360,23,16-09-2012,9,3,2012,Kanban
360,23,17-09-2012,9,3,2012,Kanban
360,24,18-09-2012,9,3,2012,Kanban
360,12,19-09-2012,9,3,2012,Kanban
360,11,20-09-2012,9,3,2012,Kanban
360,8,21-09-2012,9,3,2012,Kanban
360,8,22-09-2012,9,3,2012,Kanban
360,8,23-09-2012,9,3,2012,Kanban
360,8,24-09-2012,9,3,2012,Kanban
360,8,25-09-2012,9,3,2012,Kanban
360,16,26-09-2012,9,3,2012,Kanban
360,14,27-09-2012,9,3,2012,Kanban
360,5,28-09-2012,9,3,2012,Kanban
360,6,29-09-2012,9,3,2012,Kanban
360,6,30-09-2012,9,3,2012,Kanban
360,6,01-10-2012,10,4,2012,Kanban
360,6,02-10-2012,10,4,2012,Kanban
360,6,03-10-2012,10,4,2012,Kanban
360,5,04-10-2012,10,4,2012,Kanban
360,5,05-10-2012,10,4,2012,Kanban
360,5,06-10-2012,10,4,2012,Kanban
360,5,07-10-2012,10,4,2012,Kanban
360,5,08-10-2012,10,4,2012,Kanban
360,5,09-10-2012,10,4,2012,Kanban
360,5,10-10-2012,10,4,2012,Kanban
360,5,11-10-2012,10,4,2012,Kanban
360,6,12-10-2012,10,4,2012,Kanban
360,6,13-10-2012,10,4,2012,Kanban
360,5,14-10-2012,10,4,2012,Kanban
360,5,15-10-2012,10,4,2012,Kanban
360,5,16-10-2012,10,4,2012,Kanban
360,5,17-10-2012,10,4,2012,Kanban
360,5,18-10-2012,10,4,2012,Kanban
360,2,19-10-2012,10,4,2012,Kanban
360,2,20-10-2012,10,4,2012,Kanban
360,2,21-10-2012,10,4,2012,Kanban
360,2,22-10-2012,10,4,2012,Kanban
360,2,23-10-2012,10,4,2012,Kanban
360,2,24-10-2012,10,4,2012,Kanban
360,2,25-10-2012,10,4,2012,Kanban
360,2,26-10-2012,10,4,2012,Kanban
360,2,27-10-2012,10,4,2012,Kanban
360,2,28-10-2012,10,4,2012,Kanban
360,2,29-10-2012,10,4,2012,Kanban
360,2,30-10-2012,10,4,2012,Kanban
360,2,31-10-2012,10,4,2012,Kanban
360,2,01-11-2012,11,4,2012,Kanban
360,2,02-11-2012,11,4,2012,Kanban
360,2,03-11-2012,11,4,2012,Kanban
360,2,04-11-2012,11,4,2012,Kanban
360,2,05-11-2012,11,4,2012,Kanban
360,2,06-11-2012,11,4,2012,Kanban
360,2,07-11-2012,11,4,2012,Kanban
360,2,08-11-2012,11,4,2012,Kanban
360,2,09-11-2012,11,4,2012,Kanban
360,2,10-11-2012,11,4,2012,Kanban
360,2,11-11-2012,11,4,2012,Kanban
360,2,12-11-2012,11,4,2012,Kanban
360,2,13-11-2012,11,4,2012,Kanban
360,2,14-11-2012,11,4,2012,Kanban
360,2,15-11-2012,11,4,2012,Kanban
360,2,16-11-2012,11,4,2012,Kanban
360,1,17-11-2012,11,4,2012,Kanban
360,1,18-11-2012,11,4,2012,Kanban
360,1,19-11-2012,11,4,2012,Kanban
360,2,20-11-2012,11,4,2012,Kanban
360,2,21-11-2012,11,4,2012,Kanban
360,1,22-11-2012,11,4,2012,Kanban
360,1,23-11-2012,11,4,2012,Kanban
360,1,24-11-2012,11,4,2012,Kanban
360,1,25-11-2012,11,4,2012,Kanban
360,1,26-11-2012,11,4,2012,Kanban
360,1,27-11-2012,11,4,2012,Kanban
360,1,28-11-2012,11,4,2012,Kanban
360,2,29-11-2012,11,4,2012,Kanban
360,2,30-11-2012,11,4,2012,Kanban
360,1,01-12-2012,12,4,2012,Kanban
360,1,02-12-2012,12,4,2012,Kanban
360,1,03-12-2012,12,4,2012,Kanban
360,1,04-12-2012,12,4,2012,Kanban
360,1,05-12-2012,12,4,2012,Kanban
360,1,06-12-2012,12,4,2012,Kanban
360,1,07-12-2012,12,4,2012,Kanban
360,1,08-12-2012,12,4,2012,Kanban
360,1,09-12-2012,12,4,2012,Kanban
360,1,10-12-2012,12,4,2012,Kanban
360,1,11-12-2012,12,4,2012,Kanban
360,70,12-12-2012,12,4,2012,Kanban
360,74,13-12-2012,12,4,2012,Kanban
360,71,14-12-2012,12,4,2012,Kanban
360,56,15-12-2012,12,4,2012,Kanban
360,43,16-12-2012,12,4,2012,Kanban
360,52,17-12-2012,12,4,2012,Kanban
360,54,18-12-2012,12,4,2012,Kanban
360,47,19-12-2012,12,4,2012,Kanban
360,43,20-12-2012,12,4,2012,Kanban
360,38,21-12-2012,12,4,2012,Kanban
360,21,22-12-2012,12,4,2012,Kanban
360,10,23-12-2012,12,4,2012,Kanban
360,16,24-12-2012,12,4,2012,Kanban
360,14,25-12-2012,12,4,2012,Kanban
360,6,26-12-2012,12,4,2012,Kanban
360,9,27-12-2012,12,4,2012,Kanban
360,5,28-12-2012,12,4,2012,Kanban
360,5,29-12-2012,12,4,2012,Kanban
Krypton,14,06-09-2010,9,3,2010,Kanban
Krypton,14,07-09-2010,9,3,2010,Kanban
Krypton,11,08-09-2010,9,3,2010,Kanban
Krypton,12,09-09-2010,9,3,2010,Kanban
Krypton,12,10-09-2010,9,3,2010,Kanban
Krypton,10,11-09-2010,9,3,2010,Kanban
Krypton,10,12-09-2010,9,3,2010,Kanban
Krypton,10,13-09-2010,9,3,2010,Kanban
Krypton,10,14-09-2010,9,3,2010,Kanban
Krypton,9,15-09-2010,9,3,2010,Kanban
Krypton,9,16-09-2010,9,3,2010,Kanban
Krypton,9,17-09-2010,9,3,2010,Kanban
Krypton,9,18-09-2010,9,3,2010,Kanban
Krypton,9,19-09-2010,9,3,2010,Kanban
Krypton,14,20-09-2010,9,3,2010,Kanban
Krypton,15,21-09-2010,9,3,2010,Kanban
Krypton,15,22-09-2010,9,3,2010,Kanban
Krypton,16,23-09-2010,9,3,2010,Kanban
Krypton,19,24-09-2010,9,3,2010,Kanban
Krypton,18,25-09-2010,9,3,2010,Kanban
Krypton,16,26-09-2010,9,3,2010,Kanban
Krypton,18,27-09-2010,9,3,2010,Kanban
Krypton,24,28-09-2010,9,3,2010,Kanban
Krypton,27,29-09-2010,9,3,2010,Kanban
Krypton,23,30-09-2010,9,3,2010,Kanban
Krypton,20,01-10-2010,10,4,2010,Kanban
Krypton,13,02-10-2010,10,4,2010,Kanban
Krypton,13,03-10-2010,10,4,2010,Kanban
Krypton,14,04-10-2010,10,4,2010,Kanban
Krypton,16,05-10-2010,10,4,2010,Kanban
Krypton,18,06-10-2010,10,4,2010,Kanban
Krypton,17,07-10-2010,10,4,2010,Kanban
Krypton,17,08-10-2010,10,4,2010,Kanban
Krypton,17,09-10-2010,10,4,2010,Kanban
Krypton,17,10-10-2010,10,4,2010,Kanban
Krypton,20,11-10-2010,10,4,2010,Kanban
Krypton,22,12-10-2010,10,4,2010,Kanban
Krypton,23,13-10-2010,10,4,2010,Kanban
Krypton,27,14-10-2010,10,4,2010,Kanban
Krypton,29,15-10-2010,10,4,2010,Kanban
Krypton,18,16-10-2010,10,4,2010,Kanban
Krypton,15,17-10-2010,10,4,2010,Kanban
Krypton,18,18-10-2010,10,4,2010,Kanban
Krypton,24,19-10-2010,10,4,2010,Kanban
Krypton,26,20-10-2010,10,4,2010,Kanban
Krypton,27,21-10-2010,10,4,2010,Kanban
Krypton,28,22-10-2010,10,4,2010,Kanban
Krypton,25,23-10-2010,10,4,2010,Kanban
Krypton,25,24-10-2010,10,4,2010,Kanban
Krypton,28,25-10-2010,10,4,2010,Kanban
Krypton,30,26-10-2010,10,4,2010,Kanban
Krypton,33,27-10-2010,10,4,2010,Kanban
Krypton,33,28-10-2010,10,4,2010,Kanban
Krypton,23,29-10-2010,10,4,2010,Kanban
Krypton,21,30-10-2010,10,4,2010,Kanban
Krypton,21,31-10-2010,10,4,2010,Kanban
Krypton,27,01-11-2010,11,4,2010,Kanban
Krypton,27,02-11-2010,11,4,2010,Kanban
Krypton,22,03-11-2010,11,4,2010,Kanban
Krypton,25,04-11-2010,11,4,2010,Kanban
Krypton,25,05-11-2010,11,4,2010,Kanban
Krypton,18,06-11-2010,11,4,2010,Kanban
Krypton,14,07-11-2010,11,4,2010,Kanban
Krypton,15,08-11-2010,11,4,2010,Kanban
Krypton,17,09-11-2010,11,4,2010,Kanban
Krypton,20,10-11-2010,11,4,2010,Kanban
Krypton,24,11-11-2010,11,4,2010,Kanban
Krypton,27,12-11-2010,11,4,2010,Kanban
Krypton,26,13-11-2010,11,4,2010,Kanban
Krypton,24,14-11-2010,11,4,2010,Kanban
Krypton,27,15-11-2010,11,4,2010,Kanban
Krypton,35,16-11-2010,11,4,2010,Kanban
Krypton,32,17-11-2010,11,4,2010,Kanban
Krypton,30,18-11-2010,11,4,2010,Kanban
Krypton,34,19-11-2010,11,4,2010,Kanban
Krypton,29,20-11-2010,11,4,2010,Kanban
Krypton,26,21-11-2010,11,4,2010,Kanban
Krypton,29,22-11-2010,11,4,2010,Kanban
Krypton,31,23-11-2010,11,4,2010,Kanban
Krypton,35,24-11-2010,11,4,2010,Kanban
Krypton,32,25-11-2010,11,4,2010,Kanban
Krypton,34,26-11-2010,11,4,2010,Kanban
Krypton,34,27-11-2010,11,4,2010,Kanban
Krypton,27,28-11-2010,11,4,2010,Kanban
Krypton,27,29-11-2010,11,4,2010,Kanban
Krypton,27,30-11-2010,11,4,2010,Kanban
Krypton,26,01-12-2010,12,4,2010,Kanban
Krypton,26,02-12-2010,12,4,2010,Kanban
Krypton,30,03-12-2010,12,4,2010,Kanban
Krypton,28,04-12-2010,12,4,2010,Kanban
Krypton,28,05-12-2010,12,4,2010,Kanban
Krypton,41,06-12-2010,12,4,2010,Kanban
Krypton,48,07-12-2010,12,4,2010,Kanban
Krypton,40,08-12-2010,12,4,2010,Kanban
Krypton,37,09-12-2010,12,4,2010,Kanban
Krypton,29,10-12-2010,12,4,2010,Kanban
Krypton,19,11-12-2010,12,4,2010,Kanban
Krypton,18,12-12-2010,12,4,2010,Kanban
Krypton,18,13-12-2010,12,4,2010,Kanban
Krypton,17,14-12-2010,12,4,2010,Kanban
Krypton,15,15-12-2010,12,4,2010,Kanban
Krypton,15,16-12-2010,12,4,2010,Kanban
Krypton,14,17-12-2010,12,4,2010,Kanban
Krypton,14,18-12-2010,12,4,2010,Kanban
Krypton,14,19-12-2010,12,4,2010,Kanban
Krypton,14,20-12-2010,12,4,2010,Kanban
Krypton,15,21-12-2010,12,4,2010,Kanban
Krypton,15,22-12-2010,12,4,2010,Kanban
Krypton,16,23-12-2010,12,4,2010,Kanban
Krypton,13,24-12-2010,12,4,2010,Kanban
Krypton,12,25-12-2010,12,4,2010,Kanban
Krypton,12,26-12-2010,12,4,2010,Kanban
Krypton,12,27-12-2010,12,4,2010,Kanban
Krypton,12,28-12-2010,12,4,2010,Kanban
Krypton,12,29-12-2010,12,4,2010,Kanban
Krypton,14,30-12-2010,12,4,2010,Kanban
Krypton,14,31-12-2010,12,4,2010,Kanban
Krypton,14,01-01-2011,1,1,2011,Kanban
Krypton,14,02-01-2011,1,1,2011,Kanban
Krypton,16,03-01-2011,1,1,2011,Kanban
Krypton,21,04-01-2011,1,1,2011,Kanban
Krypton,21,05-01-2011,1,1,2011,Kanban
Krypton,16,06-01-2011,1,1,2011,Kanban
Krypton,14,07-01-2011,1,1,2011,Kanban
Krypton,10,08-01-2011,1,1,2011,Kanban
Krypton,10,09-01-2011,1,1,2011,Kanban
Krypton,11,10-01-2011,1,1,2011,Kanban
Krypton,12,11-01-2011,1,1,2011,Kanban
Krypton,12,12-01-2011,1,1,2011,Kanban
Krypton,11,13-01-2011,1,1,2011,Kanban
Krypton,11,14-01-2011,1,1,2011,Kanban
Krypton,10,15-01-2011,1,1,2011,Kanban
Krypton,10,16-01-2011,1,1,2011,Kanban
Krypton,13,17-01-2011,1,1,2011,Kanban
Krypton,15,18-01-2011,1,1,2011,Kanban
Krypton,13,19-01-2011,1,1,2011,Kanban
Krypton,9,20-01-2011,1,1,2011,Kanban
Krypton,8,21-01-2011,1,1,2011,Kanban
Krypton,7,22-01-2011,1,1,2011,Kanban
Krypton,7,23-01-2011,1,1,2011,Kanban
Krypton,8,24-01-2011,1,1,2011,Kanban
Krypton,12,25-01-2011,1,1,2011,Kanban
Krypton,13,26-01-2011,1,1,2011,Kanban
Krypton,11,27-01-2011,1,1,2011,Kanban
Krypton,13,28-01-2011,1,1,2011,Kanban
Krypton,10,29-01-2011,1,1,2011,Kanban
Krypton,8,30-01-2011,1,1,2011,Kanban
Krypton,11,31-01-2011,1,1,2011,Kanban
Krypton,14,01-02-2011,2,1,2011,Kanban
Krypton,14,02-02-2011,2,1,2011,Kanban
Krypton,14,03-02-2011,2,1,2011,Kanban
Krypton,17,04-02-2011,2,1,2011,Kanban
Krypton,13,05-02-2011,2,1,2011,Kanban
Krypton,10,06-02-2011,2,1,2011,Kanban
Krypton,23,07-02-2011,2,1,2011,Kanban
Krypton,25,08-02-2011,2,1,2011,Kanban
Krypton,18,09-02-2011,2,1,2011,Kanban
Krypton,19,10-02-2011,2,1,2011,Kanban
Krypton,16,11-02-2011,2,1,2011,Kanban
Krypton,13,12-02-2011,2,1,2011,Kanban
Krypton,10,13-02-2011,2,1,2011,Kanban
Krypton,11,14-02-2011,2,1,2011,Kanban
Krypton,16,15-02-2011,2,1,2011,Kanban
Krypton,19,16-02-2011,2,1,2011,Kanban
Krypton,19,17-02-2011,2,1,2011,Kanban
Krypton,13,18-02-2011,2,1,2011,Kanban
Krypton,6,19-02-2011,2,1,2011,Kanban
Krypton,6,20-02-2011,2,1,2011,Kanban
Krypton,8,21-02-2011,2,1,2011,Kanban
Krypton,12,22-02-2011,2,1,2011,Kanban
Krypton,17,23-02-2011,2,1,2011,Kanban
Krypton,13,24-02-2011,2,1,2011,Kanban
Krypton,13,25-02-2011,2,1,2011,Kanban
Krypton,10,26-02-2011,2,1,2011,Kanban
Krypton,10,27-02-2011,2,1,2011,Kanban
Krypton,10,28-02-2011,2,1,2011,Kanban
Krypton,11,01-03-2011,3,1,2011,Kanban
Krypton,8,02-03-2011,3,1,2011,Kanban
Krypton,14,03-03-2011,3,1,2011,Kanban
Krypton,16,04-03-2011,3,1,2011,Kanban
Krypton,13,05-03-2011,3,1,2011,Kanban
Krypton,13,06-03-2011,3,1,2011,Kanban
Krypton,16,07-03-2011,3,1,2011,Kanban
Krypton,18,08-03-2011,3,1,2011,Kanban
Krypton,18,09-03-2011,3,1,2011,Kanban
Krypton,18,10-03-2011,3,1,2011,Kanban
Krypton,19,11-03-2011,3,1,2011,Kanban
Krypton,18,12-03-2011,3,1,2011,Kanban
Krypton,18,13-03-2011,3,1,2011,Kanban
Krypton,18,14-03-2011,3,1,2011,Kanban
Krypton,20,15-03-2011,3,1,2011,Kanban
Krypton,22,16-03-2011,3,1,2011,Kanban
Krypton,23,17-03-2011,3,1,2011,Kanban
Krypton,23,18-03-2011,3,1,2011,Kanban
Krypton,20,19-03-2011,3,1,2011,Kanban
Krypton,20,20-03-2011,3,1,2011,Kanban
Krypton,20,21-03-2011,3,1,2011,Kanban
Krypton,23,22-03-2011,3,1,2011,Kanban
Krypton,25,23-03-2011,3,1,2011,Kanban
Krypton,16,24-03-2011,3,1,2011,Kanban
Krypton,13,25-03-2011,3,1,2011,Kanban
Krypton,13,26-03-2011,3,1,2011,Kanban
Krypton,13,27-03-2011,3,1,2011,Kanban
Krypton,23,28-03-2011,3,1,2011,Kanban
Krypton,26,29-03-2011,3,1,2011,Kanban
Krypton,25,30-03-2011,3,1,2011,Kanban
Krypton,25,31-03-2011,3,1,2011,Kanban
Krypton,19,01-04-2011,4,2,2011,Kanban
Krypton,12,02-04-2011,4,2,2011,Kanban
Krypton,11,03-04-2011,4,2,2011,Kanban
Krypton,15,04-04-2011,4,2,2011,Kanban
Krypton,14,05-04-2011,4,2,2011,Kanban
Krypton,6,06-04-2011,4,2,2011,Kanban
Krypton,8,07-04-2011,4,2,2011,Kanban
Krypton,8,08-04-2011,4,2,2011,Kanban
Krypton,8,09-04-2011,4,2,2011,Kanban
Krypton,8,10-04-2011,4,2,2011,Kanban
Krypton,12,11-04-2011,4,2,2011,Kanban
Krypton,12,12-04-2011,4,2,2011,Kanban
Krypton,9,13-04-2011,4,2,2011,Kanban
Krypton,9,14-04-2011,4,2,2011,Kanban
Krypton,9,15-04-2011,4,2,2011,Kanban
Krypton,8,16-04-2011,4,2,2011,Kanban
Krypton,8,17-04-2011,4,2,2011,Kanban
Krypton,8,18-04-2011,4,2,2011,Kanban
Krypton,8,19-04-2011,4,2,2011,Kanban
Krypton,8,20-04-2011,4,2,2011,Kanban
Krypton,8,21-04-2011,4,2,2011,Kanban
Krypton,8,22-04-2011,4,2,2011,Kanban
Krypton,8,23-04-2011,4,2,2011,Kanban
Krypton,8,24-04-2011,4,2,2011,Kanban
Krypton,8,25-04-2011,4,2,2011,Kanban
Krypton,8,26-04-2011,4,2,2011,Kanban
Krypton,12,27-04-2011,4,2,2011,Kanban
Krypton,12,28-04-2011,4,2,2011,Kanban
Krypton,12,29-04-2011,4,2,2011,Kanban
Krypton,10,30-04-2011,4,2,2011,Kanban
Krypton,10,01-05-2011,5,2,2011,Kanban
Krypton,10,02-05-2011,5,2,2011,Kanban
Krypton,10,03-05-2011,5,2,2011,Kanban
Krypton,10,04-05-2011,5,2,2011,Kanban
Krypton,8,05-05-2011,5,2,2011,Kanban
Krypton,4,06-05-2011,5,2,2011,Kanban
Krypton,3,07-05-2011,5,2,2011,Kanban
Krypton,3,08-05-2011,5,2,2011,Kanban
Krypton,7,09-05-2011,5,2,2011,Kanban
Krypton,9,10-05-2011,5,2,2011,Kanban
Krypton,9,11-05-2011,5,2,2011,Kanban
Krypton,12,12-05-2011,5,2,2011,Kanban
Krypton,15,13-05-2011,5,2,2011,Kanban
Krypton,13,14-05-2011,5,2,2011,Kanban
Krypton,12,15-05-2011,5,2,2011,Kanban
Krypton,13,16-05-2011,5,2,2011,Kanban
Krypton,13,17-05-2011,5,2,2011,Kanban
Krypton,18,18-05-2011,5,2,2011,Kanban
Krypton,17,19-05-2011,5,2,2011,Kanban
Krypton,17,20-05-2011,5,2,2011,Kanban
Krypton,17,21-05-2011,5,2,2011,Kanban
Krypton,16,22-05-2011,5,2,2011,Kanban
Krypton,18,23-05-2011,5,2,2011,Kanban
Krypton,20,24-05-2011,5,2,2011,Kanban
Krypton,20,25-05-2011,5,2,2011,Kanban
Krypton,19,26-05-2011,5,2,2011,Kanban
Krypton,21,27-05-2011,5,2,2011,Kanban
Krypton,18,28-05-2011,5,2,2011,Kanban
Krypton,18,29-05-2011,5,2,2011,Kanban
Krypton,19,30-05-2011,5,2,2011,Kanban
Krypton,19,31-05-2011,5,2,2011,Kanban
Krypton,16,01-06-2011,6,2,2011,Kanban
Krypton,15,02-06-2011,6,2,2011,Kanban
Krypton,15,03-06-2011,6,2,2011,Kanban
Krypton,15,04-06-2011,6,2,2011,Kanban
Krypton,15,05-06-2011,6,2,2011,Kanban
Krypton,15,06-06-2011,6,2,2011,Kanban
Krypton,18,07-06-2011,6,2,2011,Kanban
Krypton,21,08-06-2011,6,2,2011,Kanban
Krypton,20,09-06-2011,6,2,2011,Kanban
Krypton,22,10-06-2011,6,2,2011,Kanban
Krypton,19,11-06-2011,6,2,2011,Kanban
Krypton,19,12-06-2011,6,2,2011,Kanban
Krypton,19,13-06-2011,6,2,2011,Kanban
Krypton,21,14-06-2011,6,2,2011,Kanban
Krypton,20,15-06-2011,6,2,2011,Kanban
Krypton,16,16-06-2011,6,2,2011,Kanban
Krypton,16,17-06-2011,6,2,2011,Kanban
Krypton,14,18-06-2011,6,2,2011,Kanban
Krypton,11,19-06-2011,6,2,2011,Kanban
Krypton,9,20-06-2011,6,2,2011,Kanban
Krypton,10,21-06-2011,6,2,2011,Kanban
Krypton,12,22-06-2011,6,2,2011,Kanban
Krypton,11,23-06-2011,6,2,2011,Kanban
Krypton,12,24-06-2011,6,2,2011,Kanban
Krypton,11,25-06-2011,6,2,2011,Kanban
Krypton,9,26-06-2011,6,2,2011,Kanban
Krypton,9,27-06-2011,6,2,2011,Kanban
Krypton,14,28-06-2011,6,2,2011,Kanban
Krypton,14,29-06-2011,6,2,2011,Kanban
Krypton,10,30-06-2011,6,2,2011,Kanban
Krypton,11,01-07-2011,7,3,2011,Kanban
Krypton,11,02-07-2011,7,3,2011,Kanban
Krypton,11,03-07-2011,7,3,2011,Kanban
Krypton,11,04-07-2011,7,3,2011,Kanban
Krypton,11,05-07-2011,7,3,2011,Kanban
Krypton,12,06-07-2011,7,3,2011,Kanban
Krypton,13,07-07-2011,7,3,2011,Kanban
Krypton,13,08-07-2011,7,3,2011,Kanban
Krypton,12,09-07-2011,7,3,2011,Kanban
Krypton,12,10-07-2011,7,3,2011,Kanban
Krypton,13,11-07-2011,7,3,2011,Kanban
Krypton,14,12-07-2011,7,3,2011,Kanban
Krypton,16,13-07-2011,7,3,2011,Kanban
Krypton,13,14-07-2011,7,3,2011,Kanban
Krypton,14,15-07-2011,7,3,2011,Kanban
Krypton,11,16-07-2011,7,3,2011,Kanban
Krypton,11,17-07-2011,7,3,2011,Kanban
Krypton,11,18-07-2011,7,3,2011,Kanban
Krypton,12,19-07-2011,7,3,2011,Kanban
Krypton,8,20-07-2011,7,3,2011,Kanban
Krypton,8,21-07-2011,7,3,2011,Kanban
Krypton,12,22-07-2011,7,3,2011,Kanban
Krypton,11,23-07-2011,7,3,2011,Kanban
Krypton,11,24-07-2011,7,3,2011,Kanban
Krypton,12,25-07-2011,7,3,2011,Kanban
Krypton,12,26-07-2011,7,3,2011,Kanban
Krypton,12,27-07-2011,7,3,2011,Kanban
Krypton,12,28-07-2011,7,3,2011,Kanban
Krypton,12,29-07-2011,7,3,2011,Kanban
Krypton,11,30-07-2011,7,3,2011,Kanban
Krypton,11,31-07-2011,7,3,2011,Kanban
Krypton,11,01-08-2011,8,3,2011,Kanban
Krypton,11,02-08-2011,8,3,2011,Kanban
Krypton,11,03-08-2011,8,3,2011,Kanban
Krypton,11,04-08-2011,8,3,2011,Kanban
Krypton,11,05-08-2011,8,3,2011,Kanban
Krypton,11,06-08-2011,8,3,2011,Kanban
Krypton,11,07-08-2011,8,3,2011,Kanban
Krypton,11,08-08-2011,8,3,2011,Kanban
Krypton,11,09-08-2011,8,3,2011,Kanban
Krypton,11,10-08-2011,8,3,2011,Kanban
Krypton,11,11-08-2011,8,3,2011,Kanban
Krypton,12,12-08-2011,8,3,2011,Kanban
Krypton,12,13-08-2011,8,3,2011,Kanban
Krypton,12,14-08-2011,8,3,2011,Kanban
Krypton,16,15-08-2011,8,3,2011,Kanban
Krypton,16,16-08-2011,8,3,2011,Kanban
Krypton,18,17-08-2011,8,3,2011,Kanban
Krypton,16,18-08-2011,8,3,2011,Kanban
Krypton,19,19-08-2011,8,3,2011,Kanban
Krypton,19,20-08-2011,8,3,2011,Kanban
Krypton,19,21-08-2011,8,3,2011,Kanban
Krypton,23,22-08-2011,8,3,2011,Kanban
Krypton,25,23-08-2011,8,3,2011,Kanban
Krypton,22,24-08-2011,8,3,2011,Kanban
Krypton,18,25-08-2011,8,3,2011,Kanban
Krypton,17,26-08-2011,8,3,2011,Kanban
Krypton,17,27-08-2011,8,3,2011,Kanban
Krypton,16,28-08-2011,8,3,2011,Kanban
Krypton,18,29-08-2011,8,3,2011,Kanban
Krypton,19,30-08-2011,8,3,2011,Kanban
Krypton,18,31-08-2011,8,3,2011,Kanban
Krypton,18,01-09-2011,9,3,2011,Kanban
Krypton,18,02-09-2011,9,3,2011,Kanban
Krypton,18,03-09-2011,9,3,2011,Kanban
Krypton,18,04-09-2011,9,3,2011,Kanban
Krypton,18,05-09-2011,9,3,2011,Kanban
Krypton,22,06-09-2011,9,3,2011,Kanban
Krypton,24,07-09-2011,9,3,2011,Kanban
Krypton,26,08-09-2011,9,3,2011,Kanban
Krypton,26,09-09-2011,9,3,2011,Kanban
Krypton,26,10-09-2011,9,3,2011,Kanban
Krypton,26,11-09-2011,9,3,2011,Kanban
Krypton,27,12-09-2011,9,3,2011,Kanban
Krypton,26,13-09-2011,9,3,2011,Kanban
Krypton,23,14-09-2011,9,3,2011,Kanban
Krypton,22,15-09-2011,9,3,2011,Kanban
Krypton,25,16-09-2011,9,3,2011,Kanban
Krypton,25,17-09-2011,9,3,2011,Kanban
Krypton,25,18-09-2011,9,3,2011,Kanban
Krypton,26,19-09-2011,9,3,2011,Kanban
Krypton,28,20-09-2011,9,3,2011,Kanban
Krypton,29,21-09-2011,9,3,2011,Kanban
Krypton,30,22-09-2011,9,3,2011,Kanban
Krypton,32,23-09-2011,9,3,2011,Kanban
Krypton,31,24-09-2011,9,3,2011,Kanban
Krypton,25,25-09-2011,9,3,2011,Kanban
Krypton,28,26-09-2011,9,3,2011,Kanban
Krypton,28,27-09-2011,9,3,2011,Kanban
Krypton,26,28-09-2011,9,3,2011,Kanban
Krypton,25,29-09-2011,9,3,2011,Kanban
Krypton,24,30-09-2011,9,3,2011,Kanban
Krypton,24,01-10-2011,10,4,2011,Kanban
Krypton,22,02-10-2011,10,4,2011,Kanban
Krypton,28,03-10-2011,10,4,2011,Kanban
Krypton,27,04-10-2011,10,4,2011,Kanban
Krypton,24,05-10-2011,10,4,2011,Kanban
Krypton,24,06-10-2011,10,4,2011,Kanban
Krypton,23,07-10-2011,10,4,2011,Kanban
Krypton,23,08-10-2011,10,4,2011,Kanban
Krypton,22,09-10-2011,10,4,2011,Kanban
Krypton,22,10-10-2011,10,4,2011,Kanban
Krypton,24,11-10-2011,10,4,2011,Kanban
Krypton,24,12-10-2011,10,4,2011,Kanban
Krypton,19,13-10-2011,10,4,2011,Kanban
Krypton,20,14-10-2011,10,4,2011,Kanban
Krypton,17,15-10-2011,10,4,2011,Kanban
Krypton,17,16-10-2011,10,4,2011,Kanban
Krypton,21,17-10-2011,10,4,2011,Kanban
Krypton,21,18-10-2011,10,4,2011,Kanban
Krypton,21,19-10-2011,10,4,2011,Kanban
Krypton,25,20-10-2011,10,4,2011,Kanban
Krypton,30,21-10-2011,10,4,2011,Kanban
Krypton,27,22-10-2011,10,4,2011,Kanban
Krypton,23,23-10-2011,10,4,2011,Kanban
Krypton,26,24-10-2011,10,4,2011,Kanban
Krypton,26,25-10-2011,10,4,2011,Kanban
Krypton,26,26-10-2011,10,4,2011,Kanban
Krypton,24,27-10-2011,10,4,2011,Kanban
Krypton,23,28-10-2011,10,4,2011,Kanban
Krypton,22,29-10-2011,10,4,2011,Kanban
Krypton,21,30-10-2011,10,4,2011,Kanban
Krypton,24,31-10-2011,10,4,2011,Kanban
Krypton,24,01-11-2011,11,4,2011,Kanban
Krypton,26,02-11-2011,11,4,2011,Kanban
Krypton,26,03-11-2011,11,4,2011,Kanban
Krypton,24,04-11-2011,11,4,2011,Kanban
Krypton,22,05-11-2011,11,4,2011,Kanban
Krypton,23,06-11-2011,11,4,2011,Kanban
Krypton,21,07-11-2011,11,4,2011,Kanban
Krypton,20,08-11-2011,11,4,2011,Kanban
Krypton,19,09-11-2011,11,4,2011,Kanban
Krypton,20,10-11-2011,11,4,2011,Kanban
Krypton,17,11-11-2011,11,4,2011,Kanban
Krypton,4,12-11-2011,11,4,2011,Kanban
Krypton,4,13-11-2011,11,4,2011,Kanban
Krypton,10,14-11-2011,11,4,2011,Kanban
Krypton,14,15-11-2011,11,4,2011,Kanban
Krypton,14,16-11-2011,11,4,2011,Kanban
Krypton,12,17-11-2011,11,4,2011,Kanban
Krypton,12,18-11-2011,11,4,2011,Kanban
Krypton,9,19-11-2011,11,4,2011,Kanban
Krypton,8,20-11-2011,11,4,2011,Kanban
Krypton,8,21-11-2011,11,4,2011,Kanban
Krypton,7,22-11-2011,11,4,2011,Kanban
Krypton,8,23-11-2011,11,4,2011,Kanban
Krypton,7,24-11-2011,11,4,2011,Kanban
Krypton,7,25-11-2011,11,4,2011,Kanban
Krypton,7,26-11-2011,11,4,2011,Kanban
Krypton,7,27-11-2011,11,4,2011,Kanban
Krypton,9,28-11-2011,11,4,2011,Kanban
Krypton,9,29-11-2011,11,4,2011,Kanban
Krypton,8,30-11-2011,11,4,2011,Kanban
Krypton,10,01-12-2011,12,4,2011,Kanban
Krypton,11,02-12-2011,12,4,2011,Kanban
Krypton,11,03-12-2011,12,4,2011,Kanban
Krypton,11,04-12-2011,12,4,2011,Kanban
Krypton,13,05-12-2011,12,4,2011,Kanban
Krypton,15,06-12-2011,12,4,2011,Kanban
Krypton,14,07-12-2011,12,4,2011,Kanban
Krypton,13,08-12-2011,12,4,2011,Kanban
Krypton,17,09-12-2011,12,4,2011,Kanban
Krypton,17,10-12-2011,12,4,2011,Kanban
Krypton,19,11-12-2011,12,4,2011,Kanban
Krypton,22,12-12-2011,12,4,2011,Kanban
Krypton,26,13-12-2011,12,4,2011,Kanban
Krypton,19,14-12-2011,12,4,2011,Kanban
Krypton,16,15-12-2011,12,4,2011,Kanban
Krypton,17,16-12-2011,12,4,2011,Kanban
Krypton,17,17-12-2011,12,4,2011,Kanban
Krypton,15,18-12-2011,12,4,2011,Kanban
Krypton,15,19-12-2011,12,4,2011,Kanban
Krypton,15,20-12-2011,12,4,2011,Kanban
Krypton,16,21-12-2011,12,4,2011,Kanban
Krypton,15,22-12-2011,12,4,2011,Kanban
Krypton,16,23-12-2011,12,4,2011,Kanban
Krypton,15,24-12-2011,12,4,2011,Kanban
Krypton,15,25-12-2011,12,4,2011,Kanban
Krypton,15,26-12-2011,12,4,2011,Kanban
Krypton,16,27-12-2011,12,4,2011,Kanban
Krypton,15,28-12-2011,12,4,2011,Kanban
Krypton,15,29-12-2011,12,4,2011,Kanban
Krypton,15,30-12-2011,12,4,2011,Kanban
Krypton,15,31-12-2011,12,4,2011,Kanban
Krypton,15,01-01-2012,1,1,2012,Kanban
Krypton,19,02-01-2012,1,1,2012,Kanban
Krypton,19,03-01-2012,1,1,2012,Kanban
Krypton,24,04-01-2012,1,1,2012,Kanban
Krypton,23,05-01-2012,1,1,2012,Kanban
Krypton,20,06-01-2012,1,1,2012,Kanban
Krypton,19,07-01-2012,1,1,2012,Kanban
Krypton,19,08-01-2012,1,1,2012,Kanban
Krypton,21,09-01-2012,1,1,2012,Kanban
Krypton,21,10-01-2012,1,1,2012,Kanban
Krypton,22,11-01-2012,1,1,2012,Kanban
Krypton,16,12-01-2012,1,1,2012,Kanban
Krypton,15,13-01-2012,1,1,2012,Kanban
Krypton,15,14-01-2012,1,1,2012,Kanban
Krypton,15,15-01-2012,1,1,2012,Kanban
Krypton,20,16-01-2012,1,1,2012,Kanban
Krypton,20,17-01-2012,1,1,2012,Kanban
Krypton,19,18-01-2012,1,1,2012,Kanban
Krypton,17,19-01-2012,1,1,2012,Kanban
Krypton,16,20-01-2012,1,1,2012,Kanban
Krypton,16,21-01-2012,1,1,2012,Kanban
Krypton,16,22-01-2012,1,1,2012,Kanban
Krypton,16,23-01-2012,1,1,2012,Kanban
Krypton,16,24-01-2012,1,1,2012,Kanban
Krypton,15,25-01-2012,1,1,2012,Kanban
Krypton,13,26-01-2012,1,1,2012,Kanban
Krypton,13,27-01-2012,1,1,2012,Kanban
Krypton,13,28-01-2012,1,1,2012,Kanban
Krypton,13,29-01-2012,1,1,2012,Kanban
Krypton,15,30-01-2012,1,1,2012,Kanban
Krypton,15,31-01-2012,1,1,2012,Kanban
Krypton,15,01-02-2012,2,1,2012,Kanban
Krypton,15,02-02-2012,2,1,2012,Kanban
Krypton,17,03-02-2012,2,1,2012,Kanban
Krypton,17,04-02-2012,2,1,2012,Kanban
Krypton,13,05-02-2012,2,1,2012,Kanban
Krypton,13,06-02-2012,2,1,2012,Kanban
Krypton,12,07-02-2012,2,1,2012,Kanban
Krypton,13,08-02-2012,2,1,2012,Kanban
Krypton,9,09-02-2012,2,1,2012,Kanban
Krypton,8,10-02-2012,2,1,2012,Kanban
Krypton,7,11-02-2012,2,1,2012,Kanban
Krypton,7,12-02-2012,2,1,2012,Kanban
Krypton,7,13-02-2012,2,1,2012,Kanban
Krypton,9,14-02-2012,2,1,2012,Kanban
Krypton,8,15-02-2012,2,1,2012,Kanban
Krypton,7,16-02-2012,2,1,2012,Kanban
Krypton,10,17-02-2012,2,1,2012,Kanban
Krypton,9,18-02-2012,2,1,2012,Kanban
Krypton,9,19-02-2012,2,1,2012,Kanban
Krypton,10,20-02-2012,2,1,2012,Kanban
Krypton,17,21-02-2012,2,1,2012,Kanban
Krypton,16,22-02-2012,2,1,2012,Kanban
Krypton,16,23-02-2012,2,1,2012,Kanban
Krypton,17,24-02-2012,2,1,2012,Kanban
Krypton,17,25-02-2012,2,1,2012,Kanban
Krypton,16,26-02-2012,2,1,2012,Kanban
Krypton,17,27-02-2012,2,1,2012,Kanban
Krypton,10,28-02-2012,2,1,2012,Kanban
Krypton,10,29-02-2012,2,1,2012,Kanban
Krypton,11,01-03-2012,3,1,2012,Kanban
Krypton,10,02-03-2012,3,1,2012,Kanban
Krypton,9,03-03-2012,3,1,2012,Kanban
Krypton,9,04-03-2012,3,1,2012,Kanban
Krypton,9,05-03-2012,3,1,2012,Kanban
Krypton,10,06-03-2012,3,1,2012,Kanban
Krypton,10,07-03-2012,3,1,2012,Kanban
Krypton,12,08-03-2012,3,1,2012,Kanban
Krypton,14,09-03-2012,3,1,2012,Kanban
Krypton,19,10-03-2012,3,1,2012,Kanban
Krypton,18,11-03-2012,3,1,2012,Kanban
Krypton,18,12-03-2012,3,1,2012,Kanban
Krypton,16,13-03-2012,3,1,2012,Kanban
Krypton,12,14-03-2012,3,1,2012,Kanban
Krypton,13,15-03-2012,3,1,2012,Kanban
Krypton,11,16-03-2012,3,1,2012,Kanban
Krypton,11,17-03-2012,3,1,2012,Kanban
Krypton,11,18-03-2012,3,1,2012,Kanban
Krypton,13,19-03-2012,3,1,2012,Kanban
Krypton,16,20-03-2012,3,1,2012,Kanban
Krypton,16,21-03-2012,3,1,2012,Kanban
Krypton,16,22-03-2012,3,1,2012,Kanban
Krypton,14,23-03-2012,3,1,2012,Kanban
Krypton,15,24-03-2012,3,1,2012,Kanban
Krypton,15,25-03-2012,3,1,2012,Kanban
Krypton,15,26-03-2012,3,1,2012,Kanban
Krypton,16,27-03-2012,3,1,2012,Kanban
Krypton,17,28-03-2012,3,1,2012,Kanban
Krypton,15,29-03-2012,3,1,2012,Kanban
Krypton,15,30-03-2012,3,1,2012,Kanban
Krypton,13,31-03-2012,3,1,2012,Kanban
Krypton,10,01-04-2012,4,2,2012,Kanban
Krypton,10,02-04-2012,4,2,2012,Kanban
Krypton,10,03-04-2012,4,2,2012,Kanban
Krypton,10,04-04-2012,4,2,2012,Kanban
Krypton,10,05-04-2012,4,2,2012,Kanban
Krypton,10,06-04-2012,4,2,2012,Kanban
Krypton,10,07-04-2012,4,2,2012,Kanban
Krypton,10,08-04-2012,4,2,2012,Kanban
Krypton,10,09-04-2012,4,2,2012,Kanban
Krypton,10,10-04-2012,4,2,2012,Kanban
Krypton,12,11-04-2012,4,2,2012,Kanban
Krypton,12,12-04-2012,4,2,2012,Kanban
Krypton,12,13-04-2012,4,2,2012,Kanban
Krypton,12,14-04-2012,4,2,2012,Kanban
Krypton,12,15-04-2012,4,2,2012,Kanban
Krypton,12,16-04-2012,4,2,2012,Kanban
Krypton,12,17-04-2012,4,2,2012,Kanban
Krypton,12,18-04-2012,4,2,2012,Kanban
Krypton,14,19-04-2012,4,2,2012,Kanban
Krypton,16,20-04-2012,4,2,2012,Kanban
Krypton,14,21-04-2012,4,2,2012,Kanban
Krypton,14,22-04-2012,4,2,2012,Kanban
Krypton,14,23-04-2012,4,2,2012,Kanban
Krypton,14,24-04-2012,4,2,2012,Kanban
Krypton,15,25-04-2012,4,2,2012,Kanban
Krypton,15,26-04-2012,4,2,2012,Kanban
Krypton,15,27-04-2012,4,2,2012,Kanban
Krypton,15,28-04-2012,4,2,2012,Kanban
Krypton,14,29-04-2012,4,2,2012,Kanban
Krypton,14,30-04-2012,4,2,2012,Kanban
Krypton,14,01-05-2012,5,2,2012,Kanban
Krypton,14,02-05-2012,5,2,2012,Kanban
Krypton,14,03-05-2012,5,2,2012,Kanban
Krypton,12,04-05-2012,5,2,2012,Kanban
Krypton,12,05-05-2012,5,2,2012,Kanban
Krypton,12,06-05-2012,5,2,2012,Kanban
Krypton,12,07-05-2012,5,2,2012,Kanban
Krypton,12,08-05-2012,5,2,2012,Kanban
Krypton,11,09-05-2012,5,2,2012,Kanban
Krypton,11,10-05-2012,5,2,2012,Kanban
Krypton,13,11-05-2012,5,2,2012,Kanban
Krypton,14,12-05-2012,5,2,2012,Kanban
Krypton,14,13-05-2012,5,2,2012,Kanban
Krypton,14,14-05-2012,5,2,2012,Kanban
Krypton,14,15-05-2012,5,2,2012,Kanban
Krypton,14,16-05-2012,5,2,2012,Kanban
Krypton,14,17-05-2012,5,2,2012,Kanban
Krypton,14,18-05-2012,5,2,2012,Kanban
Krypton,14,19-05-2012,5,2,2012,Kanban
Krypton,14,20-05-2012,5,2,2012,Kanban
Krypton,14,21-05-2012,5,2,2012,Kanban
Krypton,14,22-05-2012,5,2,2012,Kanban
Krypton,15,23-05-2012,5,2,2012,Kanban
Krypton,15,24-05-2012,5,2,2012,Kanban
Krypton,14,25-05-2012,5,2,2012,Kanban
Krypton,14,26-05-2012,5,2,2012,Kanban
Krypton,14,27-05-2012,5,2,2012,Kanban
Krypton,14,28-05-2012,5,2,2012,Kanban
Krypton,14,29-05-2012,5,2,2012,Kanban
Krypton,16,30-05-2012,5,2,2012,Kanban
Krypton,19,31-05-2012,5,2,2012,Kanban
Krypton,18,01-06-2012,6,2,2012,Kanban
Krypton,18,02-06-2012,6,2,2012,Kanban
Krypton,18,03-06-2012,6,2,2012,Kanban
Krypton,18,04-06-2012,6,2,2012,Kanban
Krypton,17,05-06-2012,6,2,2012,Kanban
Krypton,17,06-06-2012,6,2,2012,Kanban
Krypton,17,07-06-2012,6,2,2012,Kanban
Krypton,19,08-06-2012,6,2,2012,Kanban
Krypton,20,09-06-2012,6,2,2012,Kanban
Krypton,20,10-06-2012,6,2,2012,Kanban
Krypton,21,11-06-2012,6,2,2012,Kanban
Krypton,23,12-06-2012,6,2,2012,Kanban
Krypton,24,13-06-2012,6,2,2012,Kanban
Krypton,23,14-06-2012,6,2,2012,Kanban
Krypton,23,15-06-2012,6,2,2012,Kanban
Krypton,23,16-06-2012,6,2,2012,Kanban
Krypton,23,17-06-2012,6,2,2012,Kanban
Krypton,26,18-06-2012,6,2,2012,Kanban
Krypton,30,19-06-2012,6,2,2012,Kanban
Krypton,28,20-06-2012,6,2,2012,Kanban
Krypton,23,21-06-2012,6,2,2012,Kanban
Krypton,22,22-06-2012,6,2,2012,Kanban
Krypton,23,23-06-2012,6,2,2012,Kanban
Krypton,23,24-06-2012,6,2,2012,Kanban
Krypton,28,25-06-2012,6,2,2012,Kanban
Krypton,29,26-06-2012,6,2,2012,Kanban
Krypton,32,27-06-2012,6,2,2012,Kanban
Krypton,34,28-06-2012,6,2,2012,Kanban
Krypton,34,29-06-2012,6,2,2012,Kanban
Krypton,34,30-06-2012,6,2,2012,Kanban
Krypton,34,01-07-2012,7,3,2012,Kanban
Krypton,34,02-07-2012,7,3,2012,Kanban
Krypton,37,03-07-2012,7,3,2012,Kanban
Krypton,38,04-07-2012,7,3,2012,Kanban
Krypton,42,05-07-2012,7,3,2012,Kanban
Krypton,42,06-07-2012,7,3,2012,Kanban
Krypton,43,07-07-2012,7,3,2012,Kanban
Krypton,38,08-07-2012,7,3,2012,Kanban
Krypton,40,09-07-2012,7,3,2012,Kanban
Krypton,41,10-07-2012,7,3,2012,Kanban
Krypton,40,11-07-2012,7,3,2012,Kanban
Krypton,40,12-07-2012,7,3,2012,Kanban
Krypton,40,13-07-2012,7,3,2012,Kanban
Krypton,39,14-07-2012,7,3,2012,Kanban
Krypton,38,15-07-2012,7,3,2012,Kanban
Krypton,38,16-07-2012,7,3,2012,Kanban
Krypton,36,17-07-2012,7,3,2012,Kanban
Krypton,36,18-07-2012,7,3,2012,Kanban
Krypton,35,19-07-2012,7,3,2012,Kanban
Krypton,35,20-07-2012,7,3,2012,Kanban
Krypton,35,21-07-2012,7,3,2012,Kanban
Krypton,35,22-07-2012,7,3,2012,Kanban
Krypton,35,23-07-2012,7,3,2012,Kanban
Krypton,35,24-07-2012,7,3,2012,Kanban
Krypton,35,25-07-2012,7,3,2012,Kanban
Krypton,38,26-07-2012,7,3,2012,Kanban
Krypton,28,27-07-2012,7,3,2012,Kanban
Krypton,20,28-07-2012,7,3,2012,Kanban
Krypton,20,29-07-2012,7,3,2012,Kanban
Krypton,20,30-07-2012,7,3,2012,Kanban
Krypton,20,31-07-2012,7,3,2012,Kanban
Krypton,20,01-08-2012,8,3,2012,Kanban
Krypton,20,02-08-2012,8,3,2012,Kanban
Krypton,20,03-08-2012,8,3,2012,Kanban
Krypton,20,04-08-2012,8,3,2012,Kanban
Krypton,20,05-08-2012,8,3,2012,Kanban
Krypton,20,06-08-2012,8,3,2012,Kanban
Krypton,20,07-08-2012,8,3,2012,Kanban
Krypton,20,08-08-2012,8,3,2012,Kanban
Krypton,20,09-08-2012,8,3,2012,Kanban
Krypton,20,10-08-2012,8,3,2012,Kanban
Krypton,20,11-08-2012,8,3,2012,Kanban
Krypton,20,12-08-2012,8,3,2012,Kanban
Krypton,20,13-08-2012,8,3,2012,Kanban
Krypton,33,14-08-2012,8,3,2012,Kanban
Krypton,34,15-08-2012,8,3,2012,Kanban
Krypton,34,16-08-2012,8,3,2012,Kanban
Krypton,36,17-08-2012,8,3,2012,Kanban
Krypton,30,18-08-2012,8,3,2012,Kanban
Krypton,16,19-08-2012,8,3,2012,Kanban
Krypton,20,20-08-2012,8,3,2012,Kanban
Krypton,23,21-08-2012,8,3,2012,Kanban
Krypton,16,22-08-2012,8,3,2012,Kanban
Krypton,14,23-08-2012,8,3,2012,Kanban
Krypton,17,24-08-2012,8,3,2012,Kanban
Krypton,18,25-08-2012,8,3,2012,Kanban
Krypton,17,26-08-2012,8,3,2012,Kanban
Krypton,19,27-08-2012,8,3,2012,Kanban
Krypton,21,28-08-2012,8,3,2012,Kanban
Krypton,19,29-08-2012,8,3,2012,Kanban
Krypton,17,30-08-2012,8,3,2012,Kanban
Krypton,13,31-08-2012,8,3,2012,Kanban
Krypton,9,01-09-2012,9,3,2012,Kanban
Krypton,7,02-09-2012,9,3,2012,Kanban
Krypton,8,03-09-2012,9,3,2012,Kanban
Krypton,8,04-09-2012,9,3,2012,Kanban
Krypton,12,05-09-2012,9,3,2012,Kanban
Krypton,15,06-09-2012,9,3,2012,Kanban
Krypton,15,07-09-2012,9,3,2012,Kanban
Krypton,13,08-09-2012,9,3,2012,Kanban
Krypton,13,09-09-2012,9,3,2012,Kanban
Krypton,21,10-09-2012,9,3,2012,Kanban
Krypton,23,11-09-2012,9,3,2012,Kanban
Krypton,23,12-09-2012,9,3,2012,Kanban
Krypton,25,13-09-2012,9,3,2012,Kanban
Krypton,24,14-09-2012,9,3,2012,Kanban
Krypton,16,15-09-2012,9,3,2012,Kanban
Krypton,16,16-09-2012,9,3,2012,Kanban
Krypton,16,17-09-2012,9,3,2012,Kanban
Krypton,19,18-09-2012,9,3,2012,Kanban
Krypton,19,19-09-2012,9,3,2012,Kanban
Krypton,20,20-09-2012,9,3,2012,Kanban
Krypton,23,21-09-2012,9,3,2012,Kanban
Krypton,23,22-09-2012,9,3,2012,Kanban
Krypton,12,23-09-2012,9,3,2012,Kanban
Krypton,13,24-09-2012,9,3,2012,Kanban
Krypton,10,25-09-2012,9,3,2012,Kanban
Krypton,9,26-09-2012,9,3,2012,Kanban
Krypton,9,27-09-2012,9,3,2012,Kanban
Krypton,9,28-09-2012,9,3,2012,Kanban
Krypton,9,29-09-2012,9,3,2012,Kanban
Krypton,9,30-09-2012,9,3,2012,Kanban
Krypton,10,01-10-2012,10,4,2012,Kanban
Krypton,11,02-10-2012,10,4,2012,Kanban
Krypton,10,03-10-2012,10,4,2012,Kanban
Krypton,9,04-10-2012,10,4,2012,Kanban
Krypton,7,05-10-2012,10,4,2012,Kanban
Krypton,7,06-10-2012,10,4,2012,Kanban
Krypton,7,07-10-2012,10,4,2012,Kanban
Krypton,7,08-10-2012,10,4,2012,Kanban
Krypton,7,09-10-2012,10,4,2012,Kanban
Krypton,5,10-10-2012,10,4,2012,Kanban
Krypton,4,11-10-2012,10,4,2012,Kanban
Krypton,4,12-10-2012,10,4,2012,Kanban
Krypton,4,13-10-2012,10,4,2012,Kanban
Krypton,4,14-10-2012,10,4,2012,Kanban
Krypton,4,15-10-2012,10,4,2012,Kanban
Krypton,4,16-10-2012,10,4,2012,Kanban
Krypton,3,17-10-2012,10,4,2012,Kanban
Krypton,3,18-10-2012,10,4,2012,Kanban
Krypton,2,19-10-2012,10,4,2012,Kanban
Krypton,0,20-10-2012,10,4,2012,Kanban
Krypton,0,21-10-2012,10,4,2012,Kanban
Krypton,0,22-10-2012,10,4,2012,Kanban
Krypton,0,23-10-2012,10,4,2012,Kanban
Krypton,0,24-10-2012,10,4,2012,Kanban
Krypton,0,25-10-2012,10,4,2012,Kanban
Krypton,0,26-10-2012,10,4,2012,Kanban
Krypton,0,27-10-2012,10,4,2012,Kanban
Krypton,0,28-10-2012,10,4,2012,Kanban
Krypton,0,29-10-2012,10,4,2012,Kanban
Krypton,0,30-10-2012,10,4,2012,Kanban
Krypton,0,31-10-2012,10,4,2012,Kanban
Krypton,0,01-11-2012,11,4,2012,Kanban
Krypton,0,02-11-2012,11,4,2012,Kanban
Krypton,0,03-11-2012,11,4,2012,Kanban
Krypton,0,04-11-2012,11,4,2012,Kanban
Krypton,0,05-11-2012,11,4,2012,Kanban
Krypton,0,06-11-2012,11,4,2012,Kanban
Krypton,0,07-11-2012,11,4,2012,Kanban
Krypton,0,08-11-2012,11,4,2012,Kanban
Krypton,0,09-11-2012,11,4,2012,Kanban
Krypton,0,10-11-2012,11,4,2012,Kanban
Krypton,0,11-11-2012,11,4,2012,Kanban
Krypton,0,12-11-2012,11,4,2012,Kanban
Krypton,0,13-11-2012,11,4,2012,Kanban
Krypton,0,14-11-2012,11,4,2012,Kanban
Krypton,0,15-11-2012,11,4,2012,Kanban
Krypton,0,16-11-2012,11,4,2012,Kanban
Krypton,0,17-11-2012,11,4,2012,Kanban
Krypton,0,18-11-2012,11,4,2012,Kanban
Krypton,0,19-11-2012,11,4,2012,Kanban
Krypton,0,20-11-2012,11,4,2012,Kanban
Krypton,0,21-11-2012,11,4,2012,Kanban
Krypton,0,22-11-2012,11,4,2012,Kanban
Krypton,0,23-11-2012,11,4,2012,Kanban
Krypton,0,24-11-2012,11,4,2012,Kanban
Krypton,0,25-11-2012,11,4,2012,Kanban
Krypton,0,26-11-2012,11,4,2012,Kanban
Krypton,0,27-11-2012,11,4,2012,Kanban
Krypton,0,28-11-2012,11,4,2012,Kanban
Krypton,0,29-11-2012,11,4,2012,Kanban
Krypton,0,30-11-2012,11,4,2012,Kanban
Krypton,0,01-12-2012,12,4,2012,Kanban
Krypton,0,02-12-2012,12,4,2012,Kanban
Krypton,0,03-12-2012,12,4,2012,Kanban
Krypton,0,04-12-2012,12,4,2012,Kanban
Krypton,0,05-12-2012,12,4,2012,Kanban
Krypton,1,06-12-2012,12,4,2012,Kanban
Neon,6,06-09-2010,9,3,2010,Kanban
Neon,7,07-09-2010,9,3,2010,Kanban
Neon,7,08-09-2010,9,3,2010,Kanban
Neon,8,09-09-2010,9,3,2010,Kanban
Neon,8,10-09-2010,9,3,2010,Kanban
Neon,7,11-09-2010,9,3,2010,Kanban
Neon,7,12-09-2010,9,3,2010,Kanban
Neon,7,13-09-2010,9,3,2010,Kanban
Neon,8,14-09-2010,9,3,2010,Kanban
Neon,13,15-09-2010,9,3,2010,Kanban
Neon,23,16-09-2010,9,3,2010,Kanban
Neon,21,17-09-2010,9,3,2010,Kanban
Neon,15,18-09-2010,9,3,2010,Kanban
Neon,12,19-09-2010,9,3,2010,Kanban
Neon,17,20-09-2010,9,3,2010,Kanban
Neon,18,21-09-2010,9,3,2010,Kanban
Neon,21,22-09-2010,9,3,2010,Kanban
Neon,22,23-09-2010,9,3,2010,Kanban
Neon,22,24-09-2010,9,3,2010,Kanban
Neon,18,25-09-2010,9,3,2010,Kanban
Neon,14,26-09-2010,9,3,2010,Kanban
Neon,16,27-09-2010,9,3,2010,Kanban
Neon,20,28-09-2010,9,3,2010,Kanban
Neon,21,29-09-2010,9,3,2010,Kanban
Neon,22,30-09-2010,9,3,2010,Kanban
Neon,25,01-10-2010,10,4,2010,Kanban
Neon,25,02-10-2010,10,4,2010,Kanban
Neon,25,03-10-2010,10,4,2010,Kanban
Neon,27,04-10-2010,10,4,2010,Kanban
Neon,28,05-10-2010,10,4,2010,Kanban
Neon,30,06-10-2010,10,4,2010,Kanban
Neon,31,07-10-2010,10,4,2010,Kanban
Neon,26,08-10-2010,10,4,2010,Kanban
Neon,21,09-10-2010,10,4,2010,Kanban
Neon,20,10-10-2010,10,4,2010,Kanban
Neon,22,11-10-2010,10,4,2010,Kanban
Neon,29,12-10-2010,10,4,2010,Kanban
Neon,32,13-10-2010,10,4,2010,Kanban
Neon,34,14-10-2010,10,4,2010,Kanban
Neon,34,15-10-2010,10,4,2010,Kanban
Neon,31,16-10-2010,10,4,2010,Kanban
Neon,30,17-10-2010,10,4,2010,Kanban
Neon,41,18-10-2010,10,4,2010,Kanban
Neon,38,19-10-2010,10,4,2010,Kanban
Neon,36,20-10-2010,10,4,2010,Kanban
Neon,32,21-10-2010,10,4,2010,Kanban
Neon,24,22-10-2010,10,4,2010,Kanban
Neon,15,23-10-2010,10,4,2010,Kanban
Neon,13,24-10-2010,10,4,2010,Kanban
Neon,15,25-10-2010,10,4,2010,Kanban
Neon,17,26-10-2010,10,4,2010,Kanban
Neon,20,27-10-2010,10,4,2010,Kanban
Neon,20,28-10-2010,10,4,2010,Kanban
Neon,20,29-10-2010,10,4,2010,Kanban
Neon,19,30-10-2010,10,4,2010,Kanban
Neon,17,31-10-2010,10,4,2010,Kanban
Neon,17,01-11-2010,11,4,2010,Kanban
Neon,21,02-11-2010,11,4,2010,Kanban
Neon,19,03-11-2010,11,4,2010,Kanban
Neon,13,04-11-2010,11,4,2010,Kanban
Neon,12,05-11-2010,11,4,2010,Kanban
Neon,11,06-11-2010,11,4,2010,Kanban
Neon,11,07-11-2010,11,4,2010,Kanban
Neon,12,08-11-2010,11,4,2010,Kanban
Neon,14,09-11-2010,11,4,2010,Kanban
Neon,15,10-11-2010,11,4,2010,Kanban
Neon,18,11-11-2010,11,4,2010,Kanban
Neon,19,12-11-2010,11,4,2010,Kanban
Neon,17,13-11-2010,11,4,2010,Kanban
Neon,16,14-11-2010,11,4,2010,Kanban
Neon,16,15-11-2010,11,4,2010,Kanban
Neon,22,16-11-2010,11,4,2010,Kanban
Neon,23,17-11-2010,11,4,2010,Kanban
Neon,28,18-11-2010,11,4,2010,Kanban
Neon,27,19-11-2010,11,4,2010,Kanban
Neon,25,20-11-2010,11,4,2010,Kanban
Neon,27,21-11-2010,11,4,2010,Kanban
Neon,29,22-11-2010,11,4,2010,Kanban
Neon,31,23-11-2010,11,4,2010,Kanban
Neon,37,24-11-2010,11,4,2010,Kanban
Neon,29,25-11-2010,11,4,2010,Kanban
Neon,26,26-11-2010,11,4,2010,Kanban
Neon,24,27-11-2010,11,4,2010,Kanban
Neon,18,28-11-2010,11,4,2010,Kanban
Neon,18,29-11-2010,11,4,2010,Kanban
Neon,19,30-11-2010,11,4,2010,Kanban
Neon,15,01-12-2010,12,4,2010,Kanban
Neon,19,02-12-2010,12,4,2010,Kanban
Neon,19,03-12-2010,12,4,2010,Kanban
Neon,18,04-12-2010,12,4,2010,Kanban
Neon,17,05-12-2010,12,4,2010,Kanban
Neon,17,06-12-2010,12,4,2010,Kanban
Neon,13,07-12-2010,12,4,2010,Kanban
Neon,12,08-12-2010,12,4,2010,Kanban
Neon,10,09-12-2010,12,4,2010,Kanban
Neon,11,10-12-2010,12,4,2010,Kanban
Neon,11,11-12-2010,12,4,2010,Kanban
Neon,11,12-12-2010,12,4,2010,Kanban
Neon,12,13-12-2010,12,4,2010,Kanban
Neon,9,14-12-2010,12,4,2010,Kanban
Neon,10,15-12-2010,12,4,2010,Kanban
Neon,18,16-12-2010,12,4,2010,Kanban
Neon,20,17-12-2010,12,4,2010,Kanban
Neon,19,18-12-2010,12,4,2010,Kanban
Neon,18,19-12-2010,12,4,2010,Kanban
Neon,20,20-12-2010,12,4,2010,Kanban
Neon,20,21-12-2010,12,4,2010,Kanban
Neon,20,22-12-2010,12,4,2010,Kanban
Neon,26,23-12-2010,12,4,2010,Kanban
Neon,26,24-12-2010,12,4,2010,Kanban
Neon,23,25-12-2010,12,4,2010,Kanban
Neon,23,26-12-2010,12,4,2010,Kanban
Neon,24,27-12-2010,12,4,2010,Kanban
Neon,25,28-12-2010,12,4,2010,Kanban
Neon,25,29-12-2010,12,4,2010,Kanban
Neon,24,30-12-2010,12,4,2010,Kanban
Neon,24,31-12-2010,12,4,2010,Kanban
Neon,24,01-01-2011,1,1,2011,Kanban
Neon,24,02-01-2011,1,1,2011,Kanban
Neon,26,03-01-2011,1,1,2011,Kanban
Neon,31,04-01-2011,1,1,2011,Kanban
Neon,34,05-01-2011,1,1,2011,Kanban
Neon,33,06-01-2011,1,1,2011,Kanban
Neon,29,07-01-2011,1,1,2011,Kanban
Neon,27,08-01-2011,1,1,2011,Kanban
Neon,27,09-01-2011,1,1,2011,Kanban
Neon,29,10-01-2011,1,1,2011,Kanban
Neon,32,11-01-2011,1,1,2011,Kanban
Neon,33,12-01-2011,1,1,2011,Kanban
Neon,28,13-01-2011,1,1,2011,Kanban
Neon,28,14-01-2011,1,1,2011,Kanban
Neon,26,15-01-2011,1,1,2011,Kanban
Neon,24,16-01-2011,1,1,2011,Kanban
Neon,27,17-01-2011,1,1,2011,Kanban
Neon,28,18-01-2011,1,1,2011,Kanban
Neon,28,19-01-2011,1,1,2011,Kanban
Neon,29,20-01-2011,1,1,2011,Kanban
Neon,29,21-01-2011,1,1,2011,Kanban
Neon,27,22-01-2011,1,1,2011,Kanban
Neon,24,23-01-2011,1,1,2011,Kanban
Neon,29,24-01-2011,1,1,2011,Kanban
Neon,29,25-01-2011,1,1,2011,Kanban
Neon,28,26-01-2011,1,1,2011,Kanban
Neon,27,27-01-2011,1,1,2011,Kanban
Neon,27,28-01-2011,1,1,2011,Kanban
Neon,23,29-01-2011,1,1,2011,Kanban
Neon,23,30-01-2011,1,1,2011,Kanban
Neon,29,31-01-2011,1,1,2011,Kanban
Neon,31,01-02-2011,2,1,2011,Kanban
Neon,31,02-02-2011,2,1,2011,Kanban
Neon,29,03-02-2011,2,1,2011,Kanban
Neon,24,04-02-2011,2,1,2011,Kanban
Neon,24,05-02-2011,2,1,2011,Kanban
Neon,24,06-02-2011,2,1,2011,Kanban
Neon,26,07-02-2011,2,1,2011,Kanban
Neon,26,08-02-2011,2,1,2011,Kanban
Neon,32,09-02-2011,2,1,2011,Kanban
Neon,33,10-02-2011,2,1,2011,Kanban
Neon,28,11-02-2011,2,1,2011,Kanban
Neon,27,12-02-2011,2,1,2011,Kanban
Neon,27,13-02-2011,2,1,2011,Kanban
Neon,30,14-02-2011,2,1,2011,Kanban
Neon,34,15-02-2011,2,1,2011,Kanban
Neon,37,16-02-2011,2,1,2011,Kanban
Neon,37,17-02-2011,2,1,2011,Kanban
Neon,33,18-02-2011,2,1,2011,Kanban
Neon,30,19-02-2011,2,1,2011,Kanban
Neon,28,20-02-2011,2,1,2011,Kanban
Neon,32,21-02-2011,2,1,2011,Kanban
Neon,38,22-02-2011,2,1,2011,Kanban
Neon,36,23-02-2011,2,1,2011,Kanban
Neon,34,24-02-2011,2,1,2011,Kanban
Neon,27,25-02-2011,2,1,2011,Kanban
Neon,20,26-02-2011,2,1,2011,Kanban
Neon,19,27-02-2011,2,1,2011,Kanban
Neon,25,28-02-2011,2,1,2011,Kanban
Neon,32,01-03-2011,3,1,2011,Kanban
Neon,31,02-03-2011,3,1,2011,Kanban
Neon,23,03-03-2011,3,1,2011,Kanban
Neon,20,04-03-2011,3,1,2011,Kanban
Neon,17,05-03-2011,3,1,2011,Kanban
Neon,17,06-03-2011,3,1,2011,Kanban
Neon,22,07-03-2011,3,1,2011,Kanban
Neon,22,08-03-2011,3,1,2011,Kanban
Neon,18,09-03-2011,3,1,2011,Kanban
Neon,19,10-03-2011,3,1,2011,Kanban
Neon,21,11-03-2011,3,1,2011,Kanban
Neon,21,12-03-2011,3,1,2011,Kanban
Neon,17,13-03-2011,3,1,2011,Kanban
Neon,19,14-03-2011,3,1,2011,Kanban
Neon,31,15-03-2011,3,1,2011,Kanban
Neon,36,16-03-2011,3,1,2011,Kanban
Neon,32,17-03-2011,3,1,2011,Kanban
Neon,24,18-03-2011,3,1,2011,Kanban
Neon,23,19-03-2011,3,1,2011,Kanban
Neon,22,20-03-2011,3,1,2011,Kanban
Neon,30,21-03-2011,3,1,2011,Kanban
Neon,31,22-03-2011,3,1,2011,Kanban
Neon,29,23-03-2011,3,1,2011,Kanban
Neon,27,24-03-2011,3,1,2011,Kanban
Neon,24,25-03-2011,3,1,2011,Kanban
Neon,22,26-03-2011,3,1,2011,Kanban
Neon,20,27-03-2011,3,1,2011,Kanban
Neon,25,28-03-2011,3,1,2011,Kanban
Neon,29,29-03-2011,3,1,2011,Kanban
Neon,28,30-03-2011,3,1,2011,Kanban
Neon,32,31-03-2011,3,1,2011,Kanban
Neon,34,01-04-2011,4,2,2011,Kanban
Neon,31,02-04-2011,4,2,2011,Kanban
Neon,30,03-04-2011,4,2,2011,Kanban
Neon,30,04-04-2011,4,2,2011,Kanban
Neon,30,05-04-2011,4,2,2011,Kanban
Neon,31,06-04-2011,4,2,2011,Kanban
Neon,30,07-04-2011,4,2,2011,Kanban
Neon,31,08-04-2011,4,2,2011,Kanban
Neon,30,09-04-2011,4,2,2011,Kanban
Neon,22,10-04-2011,4,2,2011,Kanban
Neon,22,11-04-2011,4,2,2011,Kanban
Neon,22,12-04-2011,4,2,2011,Kanban
Neon,22,13-04-2011,4,2,2011,Kanban
Neon,20,14-04-2011,4,2,2011,Kanban
Neon,19,15-04-2011,4,2,2011,Kanban
Neon,18,16-04-2011,4,2,2011,Kanban
Neon,18,17-04-2011,4,2,2011,Kanban
Neon,18,18-04-2011,4,2,2011,Kanban
Neon,18,19-04-2011,4,2,2011,Kanban
Neon,18,20-04-2011,4,2,2011,Kanban
Neon,18,21-04-2011,4,2,2011,Kanban
Neon,18,22-04-2011,4,2,2011,Kanban
Neon,18,23-04-2011,4,2,2011,Kanban
Neon,18,24-04-2011,4,2,2011,Kanban
Neon,18,25-04-2011,4,2,2011,Kanban
Neon,18,26-04-2011,4,2,2011,Kanban
Neon,18,27-04-2011,4,2,2011,Kanban
Neon,16,28-04-2011,4,2,2011,Kanban
Neon,14,29-04-2011,4,2,2011,Kanban
Neon,14,30-04-2011,4,2,2011,Kanban
Neon,14,01-05-2011,5,2,2011,Kanban
Neon,14,02-05-2011,5,2,2011,Kanban
Neon,14,03-05-2011,5,2,2011,Kanban
Neon,14,04-05-2011,5,2,2011,Kanban
Neon,13,05-05-2011,5,2,2011,Kanban
Neon,13,06-05-2011,5,2,2011,Kanban
Neon,12,07-05-2011,5,2,2011,Kanban
Neon,12,08-05-2011,5,2,2011,Kanban
Neon,16,09-05-2011,5,2,2011,Kanban
Neon,17,10-05-2011,5,2,2011,Kanban
Neon,20,11-05-2011,5,2,2011,Kanban
Neon,23,12-05-2011,5,2,2011,Kanban
Neon,27,13-05-2011,5,2,2011,Kanban
Neon,27,14-05-2011,5,2,2011,Kanban
Neon,27,15-05-2011,5,2,2011,Kanban
Neon,30,16-05-2011,5,2,2011,Kanban
Neon,32,17-05-2011,5,2,2011,Kanban
Neon,41,18-05-2011,5,2,2011,Kanban
Neon,41,19-05-2011,5,2,2011,Kanban
Neon,40,20-05-2011,5,2,2011,Kanban
Neon,38,21-05-2011,5,2,2011,Kanban
Neon,38,22-05-2011,5,2,2011,Kanban
Neon,41,23-05-2011,5,2,2011,Kanban
Neon,47,24-05-2011,5,2,2011,Kanban
Neon,47,25-05-2011,5,2,2011,Kanban
Neon,45,26-05-2011,5,2,2011,Kanban
Neon,48,27-05-2011,5,2,2011,Kanban
Neon,43,28-05-2011,5,2,2011,Kanban
Neon,43,29-05-2011,5,2,2011,Kanban
Neon,56,30-05-2011,5,2,2011,Kanban
Neon,62,31-05-2011,5,2,2011,Kanban
Neon,61,01-06-2011,6,2,2011,Kanban
Neon,54,02-06-2011,6,2,2011,Kanban
Neon,57,03-06-2011,6,2,2011,Kanban
Neon,54,04-06-2011,6,2,2011,Kanban
Neon,50,05-06-2011,6,2,2011,Kanban
Neon,52,06-06-2011,6,2,2011,Kanban
Neon,54,07-06-2011,6,2,2011,Kanban
Neon,59,08-06-2011,6,2,2011,Kanban
Neon,58,09-06-2011,6,2,2011,Kanban
Neon,56,10-06-2011,6,2,2011,Kanban
Neon,49,11-06-2011,6,2,2011,Kanban
Neon,44,12-06-2011,6,2,2011,Kanban
Neon,43,13-06-2011,6,2,2011,Kanban
Neon,45,14-06-2011,6,2,2011,Kanban
Neon,36,15-06-2011,6,2,2011,Kanban
Neon,29,16-06-2011,6,2,2011,Kanban
Neon,31,17-06-2011,6,2,2011,Kanban
Neon,19,18-06-2011,6,2,2011,Kanban
Neon,12,19-06-2011,6,2,2011,Kanban
Neon,15,20-06-2011,6,2,2011,Kanban
Neon,20,21-06-2011,6,2,2011,Kanban
Neon,20,22-06-2011,6,2,2011,Kanban
Neon,28,23-06-2011,6,2,2011,Kanban
Neon,21,24-06-2011,6,2,2011,Kanban
Neon,17,25-06-2011,6,2,2011,Kanban
Neon,15,26-06-2011,6,2,2011,Kanban
Neon,19,27-06-2011,6,2,2011,Kanban
Neon,22,28-06-2011,6,2,2011,Kanban
Neon,23,29-06-2011,6,2,2011,Kanban
Neon,22,30-06-2011,6,2,2011,Kanban
Neon,26,01-07-2011,7,3,2011,Kanban
Neon,21,02-07-2011,7,3,2011,Kanban
Neon,18,03-07-2011,7,3,2011,Kanban
Neon,19,04-07-2011,7,3,2011,Kanban
Neon,20,05-07-2011,7,3,2011,Kanban
Neon,22,06-07-2011,7,3,2011,Kanban
Neon,22,07-07-2011,7,3,2011,Kanban
Neon,25,08-07-2011,7,3,2011,Kanban
Neon,22,09-07-2011,7,3,2011,Kanban
Neon,21,10-07-2011,7,3,2011,Kanban
Neon,23,11-07-2011,7,3,2011,Kanban
Neon,23,12-07-2011,7,3,2011,Kanban
Neon,24,13-07-2011,7,3,2011,Kanban
Neon,25,14-07-2011,7,3,2011,Kanban
Neon,29,15-07-2011,7,3,2011,Kanban
Neon,25,16-07-2011,7,3,2011,Kanban
Neon,23,17-07-2011,7,3,2011,Kanban
Neon,25,18-07-2011,7,3,2011,Kanban
Neon,25,19-07-2011,7,3,2011,Kanban
Neon,24,20-07-2011,7,3,2011,Kanban
Neon,23,21-07-2011,7,3,2011,Kanban
Neon,23,22-07-2011,7,3,2011,Kanban
Neon,21,23-07-2011,7,3,2011,Kanban
Neon,21,24-07-2011,7,3,2011,Kanban
Neon,27,25-07-2011,7,3,2011,Kanban
Neon,28,26-07-2011,7,3,2011,Kanban
Neon,28,27-07-2011,7,3,2011,Kanban
Neon,30,28-07-2011,7,3,2011,Kanban
Neon,30,29-07-2011,7,3,2011,Kanban
Neon,30,30-07-2011,7,3,2011,Kanban
Neon,30,31-07-2011,7,3,2011,Kanban
Neon,30,01-08-2011,8,3,2011,Kanban
Neon,33,02-08-2011,8,3,2011,Kanban
Neon,31,03-08-2011,8,3,2011,Kanban
Neon,31,04-08-2011,8,3,2011,Kanban
Neon,32,05-08-2011,8,3,2011,Kanban
Neon,29,06-08-2011,8,3,2011,Kanban
Neon,27,07-08-2011,8,3,2011,Kanban
Neon,29,08-08-2011,8,3,2011,Kanban
Neon,31,09-08-2011,8,3,2011,Kanban
Neon,26,10-08-2011,8,3,2011,Kanban
Neon,24,11-08-2011,8,3,2011,Kanban
Neon,24,12-08-2011,8,3,2011,Kanban
Neon,24,13-08-2011,8,3,2011,Kanban
Neon,24,14-08-2011,8,3,2011,Kanban
Neon,25,15-08-2011,8,3,2011,Kanban
Neon,26,16-08-2011,8,3,2011,Kanban
Neon,25,17-08-2011,8,3,2011,Kanban
Neon,25,18-08-2011,8,3,2011,Kanban
Neon,24,19-08-2011,8,3,2011,Kanban
Neon,24,20-08-2011,8,3,2011,Kanban
Neon,24,21-08-2011,8,3,2011,Kanban
Neon,33,22-08-2011,8,3,2011,Kanban
Neon,34,23-08-2011,8,3,2011,Kanban
Neon,34,24-08-2011,8,3,2011,Kanban
Neon,31,25-08-2011,8,3,2011,Kanban
Neon,36,26-08-2011,8,3,2011,Kanban
Neon,35,27-08-2011,8,3,2011,Kanban
Neon,33,28-08-2011,8,3,2011,Kanban
Neon,34,29-08-2011,8,3,2011,Kanban
Neon,36,30-08-2011,8,3,2011,Kanban
Neon,41,31-08-2011,8,3,2011,Kanban
Neon,40,01-09-2011,9,3,2011,Kanban
Neon,41,02-09-2011,9,3,2011,Kanban
Neon,41,03-09-2011,9,3,2011,Kanban
Neon,39,04-09-2011,9,3,2011,Kanban
Neon,42,05-09-2011,9,3,2011,Kanban
Neon,42,06-09-2011,9,3,2011,Kanban
Neon,37,07-09-2011,9,3,2011,Kanban
Neon,36,08-09-2011,9,3,2011,Kanban
Neon,36,09-09-2011,9,3,2011,Kanban
Neon,33,10-09-2011,9,3,2011,Kanban
Neon,32,11-09-2011,9,3,2011,Kanban
Neon,33,12-09-2011,9,3,2011,Kanban
Neon,36,13-09-2011,9,3,2011,Kanban
Neon,47,14-09-2011,9,3,2011,Kanban
Neon,43,15-09-2011,9,3,2011,Kanban
Neon,45,16-09-2011,9,3,2011,Kanban
Neon,41,17-09-2011,9,3,2011,Kanban
Neon,40,18-09-2011,9,3,2011,Kanban
Neon,49,19-09-2011,9,3,2011,Kanban
Neon,55,20-09-2011,9,3,2011,Kanban
Neon,48,21-09-2011,9,3,2011,Kanban
Neon,48,22-09-2011,9,3,2011,Kanban
Neon,48,23-09-2011,9,3,2011,Kanban
Neon,46,24-09-2011,9,3,2011,Kanban
Neon,45,25-09-2011,9,3,2011,Kanban
Neon,46,26-09-2011,9,3,2011,Kanban
Neon,47,27-09-2011,9,3,2011,Kanban
Neon,46,28-09-2011,9,3,2011,Kanban
Neon,45,29-09-2011,9,3,2011,Kanban
Neon,47,30-09-2011,9,3,2011,Kanban
Neon,43,01-10-2011,10,4,2011,Kanban
Neon,41,02-10-2011,10,4,2011,Kanban
Neon,43,03-10-2011,10,4,2011,Kanban
Neon,44,04-10-2011,10,4,2011,Kanban
Neon,41,05-10-2011,10,4,2011,Kanban
Neon,40,06-10-2011,10,4,2011,Kanban
Neon,41,07-10-2011,10,4,2011,Kanban
Neon,38,08-10-2011,10,4,2011,Kanban
Neon,36,09-10-2011,10,4,2011,Kanban
Neon,36,10-10-2011,10,4,2011,Kanban
Neon,45,11-10-2011,10,4,2011,Kanban
Neon,44,12-10-2011,10,4,2011,Kanban
Neon,45,13-10-2011,10,4,2011,Kanban
Neon,45,14-10-2011,10,4,2011,Kanban
Neon,43,15-10-2011,10,4,2011,Kanban
Neon,39,16-10-2011,10,4,2011,Kanban
Neon,43,17-10-2011,10,4,2011,Kanban
Neon,44,18-10-2011,10,4,2011,Kanban
Neon,42,19-10-2011,10,4,2011,Kanban
Neon,34,20-10-2011,10,4,2011,Kanban
Neon,34,21-10-2011,10,4,2011,Kanban
Neon,34,22-10-2011,10,4,2011,Kanban
Neon,36,23-10-2011,10,4,2011,Kanban
Neon,37,24-10-2011,10,4,2011,Kanban
Neon,40,25-10-2011,10,4,2011,Kanban
Neon,43,26-10-2011,10,4,2011,Kanban
Neon,43,27-10-2011,10,4,2011,Kanban
Neon,39,28-10-2011,10,4,2011,Kanban
Neon,39,29-10-2011,10,4,2011,Kanban
Neon,37,30-10-2011,10,4,2011,Kanban
Neon,38,31-10-2011,10,4,2011,Kanban
Neon,38,01-11-2011,11,4,2011,Kanban
Neon,38,02-11-2011,11,4,2011,Kanban
Neon,35,03-11-2011,11,4,2011,Kanban
Neon,38,04-11-2011,11,4,2011,Kanban
Neon,33,05-11-2011,11,4,2011,Kanban
Neon,29,06-11-2011,11,4,2011,Kanban
Neon,27,07-11-2011,11,4,2011,Kanban
Neon,27,08-11-2011,11,4,2011,Kanban
Neon,28,09-11-2011,11,4,2011,Kanban
Neon,30,10-11-2011,11,4,2011,Kanban
Neon,26,11-11-2011,11,4,2011,Kanban
Neon,24,12-11-2011,11,4,2011,Kanban
Neon,22,13-11-2011,11,4,2011,Kanban
Neon,23,14-11-2011,11,4,2011,Kanban
Neon,26,15-11-2011,11,4,2011,Kanban
Neon,29,16-11-2011,11,4,2011,Kanban
Neon,27,17-11-2011,11,4,2011,Kanban
Neon,28,18-11-2011,11,4,2011,Kanban
Neon,25,19-11-2011,11,4,2011,Kanban
Neon,25,20-11-2011,11,4,2011,Kanban
Neon,27,21-11-2011,11,4,2011,Kanban
Neon,25,22-11-2011,11,4,2011,Kanban
Neon,28,23-11-2011,11,4,2011,Kanban
Neon,29,24-11-2011,11,4,2011,Kanban
Neon,29,25-11-2011,11,4,2011,Kanban
Neon,29,26-11-2011,11,4,2011,Kanban
Neon,27,27-11-2011,11,4,2011,Kanban
Neon,30,28-11-2011,11,4,2011,Kanban
Neon,31,29-11-2011,11,4,2011,Kanban
Neon,31,30-11-2011,11,4,2011,Kanban
Neon,30,01-12-2011,12,4,2011,Kanban
Neon,33,02-12-2011,12,4,2011,Kanban
Neon,28,03-12-2011,12,4,2011,Kanban
Neon,22,04-12-2011,12,4,2011,Kanban
Neon,23,05-12-2011,12,4,2011,Kanban
Neon,24,06-12-2011,12,4,2011,Kanban
Neon,21,07-12-2011,12,4,2011,Kanban
Neon,25,08-12-2011,12,4,2011,Kanban
Neon,23,09-12-2011,12,4,2011,Kanban
Neon,16,10-12-2011,12,4,2011,Kanban
Neon,14,11-12-2011,12,4,2011,Kanban
Neon,17,12-12-2011,12,4,2011,Kanban
Neon,21,13-12-2011,12,4,2011,Kanban
Neon,20,14-12-2011,12,4,2011,Kanban
Neon,15,15-12-2011,12,4,2011,Kanban
Neon,13,16-12-2011,12,4,2011,Kanban
Neon,13,17-12-2011,12,4,2011,Kanban
Neon,12,18-12-2011,12,4,2011,Kanban
Neon,13,19-12-2011,12,4,2011,Kanban
Neon,16,20-12-2011,12,4,2011,Kanban
Neon,18,21-12-2011,12,4,2011,Kanban
Neon,18,22-12-2011,12,4,2011,Kanban
Neon,14,23-12-2011,12,4,2011,Kanban
Neon,14,24-12-2011,12,4,2011,Kanban
Neon,14,25-12-2011,12,4,2011,Kanban
Neon,15,26-12-2011,12,4,2011,Kanban
Neon,14,27-12-2011,12,4,2011,Kanban
Neon,16,28-12-2011,12,4,2011,Kanban
Neon,15,29-12-2011,12,4,2011,Kanban
Neon,14,30-12-2011,12,4,2011,Kanban
Neon,14,31-12-2011,12,4,2011,Kanban
Neon,14,01-01-2012,1,1,2012,Kanban
Neon,17,02-01-2012,1,1,2012,Kanban
Neon,18,03-01-2012,1,1,2012,Kanban
Neon,18,04-01-2012,1,1,2012,Kanban
Neon,18,05-01-2012,1,1,2012,Kanban
Neon,18,06-01-2012,1,1,2012,Kanban
Neon,18,07-01-2012,1,1,2012,Kanban
Neon,16,08-01-2012,1,1,2012,Kanban
Neon,18,09-01-2012,1,1,2012,Kanban
Neon,21,10-01-2012,1,1,2012,Kanban
Neon,23,11-01-2012,1,1,2012,Kanban
Neon,29,12-01-2012,1,1,2012,Kanban
Neon,30,13-01-2012,1,1,2012,Kanban
Neon,23,14-01-2012,1,1,2012,Kanban
Neon,22,15-01-2012,1,1,2012,Kanban
Neon,27,16-01-2012,1,1,2012,Kanban
Neon,28,17-01-2012,1,1,2012,Kanban
Neon,24,18-01-2012,1,1,2012,Kanban
Neon,23,19-01-2012,1,1,2012,Kanban
Neon,22,20-01-2012,1,1,2012,Kanban
Neon,22,21-01-2012,1,1,2012,Kanban
Neon,22,22-01-2012,1,1,2012,Kanban
Neon,23,23-01-2012,1,1,2012,Kanban
Neon,23,24-01-2012,1,1,2012,Kanban
Neon,19,25-01-2012,1,1,2012,Kanban
Neon,19,26-01-2012,1,1,2012,Kanban
Neon,17,27-01-2012,1,1,2012,Kanban
Neon,16,28-01-2012,1,1,2012,Kanban
Neon,16,29-01-2012,1,1,2012,Kanban
Neon,17,30-01-2012,1,1,2012,Kanban
Neon,18,31-01-2012,1,1,2012,Kanban
Neon,16,01-02-2012,2,1,2012,Kanban
Neon,16,02-02-2012,2,1,2012,Kanban
Neon,16,03-02-2012,2,1,2012,Kanban
Neon,16,04-02-2012,2,1,2012,Kanban
Neon,16,05-02-2012,2,1,2012,Kanban
Neon,17,06-02-2012,2,1,2012,Kanban
Neon,19,07-02-2012,2,1,2012,Kanban
Neon,19,08-02-2012,2,1,2012,Kanban
Neon,16,09-02-2012,2,1,2012,Kanban
Neon,19,10-02-2012,2,1,2012,Kanban
Neon,17,11-02-2012,2,1,2012,Kanban
Neon,11,12-02-2012,2,1,2012,Kanban
Neon,11,13-02-2012,2,1,2012,Kanban
Neon,16,14-02-2012,2,1,2012,Kanban
Neon,17,15-02-2012,2,1,2012,Kanban
Neon,19,16-02-2012,2,1,2012,Kanban
Neon,16,17-02-2012,2,1,2012,Kanban
Neon,16,18-02-2012,2,1,2012,Kanban
Neon,15,19-02-2012,2,1,2012,Kanban
Neon,16,20-02-2012,2,1,2012,Kanban
Neon,19,21-02-2012,2,1,2012,Kanban
Neon,17,22-02-2012,2,1,2012,Kanban
Neon,18,23-02-2012,2,1,2012,Kanban
Neon,20,24-02-2012,2,1,2012,Kanban
Neon,22,25-02-2012,2,1,2012,Kanban
Neon,22,26-02-2012,2,1,2012,Kanban
Neon,23,27-02-2012,2,1,2012,Kanban
Neon,28,28-02-2012,2,1,2012,Kanban
Neon,25,29-02-2012,2,1,2012,Kanban
Neon,25,01-03-2012,3,1,2012,Kanban
Neon,22,02-03-2012,3,1,2012,Kanban
Neon,20,03-03-2012,3,1,2012,Kanban
Neon,9,04-03-2012,3,1,2012,Kanban
Neon,9,05-03-2012,3,1,2012,Kanban
Neon,15,06-03-2012,3,1,2012,Kanban
Neon,19,07-03-2012,3,1,2012,Kanban
Neon,19,08-03-2012,3,1,2012,Kanban
Neon,21,09-03-2012,3,1,2012,Kanban
Neon,24,10-03-2012,3,1,2012,Kanban
Neon,24,11-03-2012,3,1,2012,Kanban
Neon,26,12-03-2012,3,1,2012,Kanban
Neon,27,13-03-2012,3,1,2012,Kanban
Neon,22,14-03-2012,3,1,2012,Kanban
Neon,20,15-03-2012,3,1,2012,Kanban
Neon,15,16-03-2012,3,1,2012,Kanban
Neon,13,17-03-2012,3,1,2012,Kanban
Neon,12,18-03-2012,3,1,2012,Kanban
Neon,12,19-03-2012,3,1,2012,Kanban
Neon,14,20-03-2012,3,1,2012,Kanban
Neon,14,21-03-2012,3,1,2012,Kanban
Neon,20,22-03-2012,3,1,2012,Kanban
Neon,18,23-03-2012,3,1,2012,Kanban
Neon,17,24-03-2012,3,1,2012,Kanban
Neon,17,25-03-2012,3,1,2012,Kanban
Neon,23,26-03-2012,3,1,2012,Kanban
Neon,29,27-03-2012,3,1,2012,Kanban
Neon,25,28-03-2012,3,1,2012,Kanban
Neon,20,29-03-2012,3,1,2012,Kanban
Neon,17,30-03-2012,3,1,2012,Kanban
Neon,7,31-03-2012,3,1,2012,Kanban
Neon,5,01-04-2012,4,2,2012,Kanban
Neon,8,02-04-2012,4,2,2012,Kanban
Neon,10,03-04-2012,4,2,2012,Kanban
Neon,12,04-04-2012,4,2,2012,Kanban
Neon,15,05-04-2012,4,2,2012,Kanban
Neon,14,06-04-2012,4,2,2012,Kanban
Neon,14,07-04-2012,4,2,2012,Kanban
Neon,13,08-04-2012,4,2,2012,Kanban
Neon,15,09-04-2012,4,2,2012,Kanban
Neon,16,10-04-2012,4,2,2012,Kanban
Neon,16,11-04-2012,4,2,2012,Kanban
Neon,16,12-04-2012,4,2,2012,Kanban
Neon,14,13-04-2012,4,2,2012,Kanban
Neon,12,14-04-2012,4,2,2012,Kanban
Neon,12,15-04-2012,4,2,2012,Kanban
Neon,13,16-04-2012,4,2,2012,Kanban
Neon,16,17-04-2012,4,2,2012,Kanban
Neon,15,18-04-2012,4,2,2012,Kanban
Neon,19,19-04-2012,4,2,2012,Kanban
Neon,15,20-04-2012,4,2,2012,Kanban
Neon,14,21-04-2012,4,2,2012,Kanban
Neon,14,22-04-2012,4,2,2012,Kanban
Neon,17,23-04-2012,4,2,2012,Kanban
Neon,23,24-04-2012,4,2,2012,Kanban
Neon,27,25-04-2012,4,2,2012,Kanban
Neon,26,26-04-2012,4,2,2012,Kanban
Neon,24,27-04-2012,4,2,2012,Kanban
Neon,16,28-04-2012,4,2,2012,Kanban
Neon,15,29-04-2012,4,2,2012,Kanban
Neon,18,30-04-2012,4,2,2012,Kanban
Neon,18,01-05-2012,5,2,2012,Kanban
Neon,21,02-05-2012,5,2,2012,Kanban
Neon,26,03-05-2012,5,2,2012,Kanban
Neon,26,04-05-2012,5,2,2012,Kanban
Neon,25,05-05-2012,5,2,2012,Kanban
Neon,25,06-05-2012,5,2,2012,Kanban
Neon,25,07-05-2012,5,2,2012,Kanban
Neon,29,08-05-2012,5,2,2012,Kanban
Neon,33,09-05-2012,5,2,2012,Kanban
Neon,36,10-05-2012,5,2,2012,Kanban
Neon,36,11-05-2012,5,2,2012,Kanban
Neon,32,12-05-2012,5,2,2012,Kanban
Neon,27,13-05-2012,5,2,2012,Kanban
Neon,28,14-05-2012,5,2,2012,Kanban
Neon,34,15-05-2012,5,2,2012,Kanban
Neon,33,16-05-2012,5,2,2012,Kanban
Neon,34,17-05-2012,5,2,2012,Kanban
Neon,33,18-05-2012,5,2,2012,Kanban
Neon,33,19-05-2012,5,2,2012,Kanban
Neon,30,20-05-2012,5,2,2012,Kanban
Neon,31,21-05-2012,5,2,2012,Kanban
Neon,29,22-05-2012,5,2,2012,Kanban
Neon,29,23-05-2012,5,2,2012,Kanban
Neon,29,24-05-2012,5,2,2012,Kanban
Neon,35,25-05-2012,5,2,2012,Kanban
Neon,36,26-05-2012,5,2,2012,Kanban
Neon,32,27-05-2012,5,2,2012,Kanban
Neon,33,28-05-2012,5,2,2012,Kanban
Neon,35,29-05-2012,5,2,2012,Kanban
Neon,35,30-05-2012,5,2,2012,Kanban
Neon,34,31-05-2012,5,2,2012,Kanban
Neon,31,01-06-2012,6,2,2012,Kanban
Neon,33,02-06-2012,6,2,2012,Kanban
Neon,32,03-06-2012,6,2,2012,Kanban
Neon,36,04-06-2012,6,2,2012,Kanban
Neon,39,05-06-2012,6,2,2012,Kanban
Neon,39,06-06-2012,6,2,2012,Kanban
Neon,37,07-06-2012,6,2,2012,Kanban
Neon,40,08-06-2012,6,2,2012,Kanban
Neon,45,09-06-2012,6,2,2012,Kanban
Neon,46,10-06-2012,6,2,2012,Kanban
Neon,50,11-06-2012,6,2,2012,Kanban
Neon,49,12-06-2012,6,2,2012,Kanban
Neon,40,13-06-2012,6,2,2012,Kanban
Neon,30,14-06-2012,6,2,2012,Kanban
Neon,25,15-06-2012,6,2,2012,Kanban
Neon,20,16-06-2012,6,2,2012,Kanban
Neon,19,17-06-2012,6,2,2012,Kanban
Neon,19,18-06-2012,6,2,2012,Kanban
Neon,17,19-06-2012,6,2,2012,Kanban
Neon,15,20-06-2012,6,2,2012,Kanban
Neon,15,21-06-2012,6,2,2012,Kanban
Neon,15,22-06-2012,6,2,2012,Kanban
Neon,14,23-06-2012,6,2,2012,Kanban
Neon,14,24-06-2012,6,2,2012,Kanban
Neon,15,25-06-2012,6,2,2012,Kanban
Neon,15,26-06-2012,6,2,2012,Kanban
Neon,15,27-06-2012,6,2,2012,Kanban
Neon,15,28-06-2012,6,2,2012,Kanban
Neon,15,29-06-2012,6,2,2012,Kanban
Neon,14,30-06-2012,6,2,2012,Kanban
Neon,14,01-07-2012,7,3,2012,Kanban
Neon,14,02-07-2012,7,3,2012,Kanban
Neon,14,03-07-2012,7,3,2012,Kanban
Neon,14,04-07-2012,7,3,2012,Kanban
Neon,13,05-07-2012,7,3,2012,Kanban
Neon,10,06-07-2012,7,3,2012,Kanban
Neon,10,07-07-2012,7,3,2012,Kanban
Neon,10,08-07-2012,7,3,2012,Kanban
Neon,17,09-07-2012,7,3,2012,Kanban
Neon,19,10-07-2012,7,3,2012,Kanban
Neon,19,11-07-2012,7,3,2012,Kanban
Neon,24,12-07-2012,7,3,2012,Kanban
Neon,30,13-07-2012,7,3,2012,Kanban
Neon,30,14-07-2012,7,3,2012,Kanban
Neon,27,15-07-2012,7,3,2012,Kanban
Neon,30,16-07-2012,7,3,2012,Kanban
Neon,33,17-07-2012,7,3,2012,Kanban
Neon,33,18-07-2012,7,3,2012,Kanban
Neon,36,19-07-2012,7,3,2012,Kanban
Neon,42,20-07-2012,7,3,2012,Kanban
Neon,40,21-07-2012,7,3,2012,Kanban
Neon,36,22-07-2012,7,3,2012,Kanban
Neon,39,23-07-2012,7,3,2012,Kanban
Neon,38,24-07-2012,7,3,2012,Kanban
Neon,35,25-07-2012,7,3,2012,Kanban
Neon,30,26-07-2012,7,3,2012,Kanban
Neon,29,27-07-2012,7,3,2012,Kanban
Neon,30,28-07-2012,7,3,2012,Kanban
Neon,30,29-07-2012,7,3,2012,Kanban
Neon,31,30-07-2012,7,3,2012,Kanban
Neon,28,31-07-2012,7,3,2012,Kanban
Neon,25,01-08-2012,8,3,2012,Kanban
Neon,24,02-08-2012,8,3,2012,Kanban
Neon,21,03-08-2012,8,3,2012,Kanban
Neon,20,04-08-2012,8,3,2012,Kanban
Neon,18,05-08-2012,8,3,2012,Kanban
Neon,19,06-08-2012,8,3,2012,Kanban
Neon,19,07-08-2012,8,3,2012,Kanban
Neon,17,08-08-2012,8,3,2012,Kanban
Neon,19,09-08-2012,8,3,2012,Kanban
Neon,24,10-08-2012,8,3,2012,Kanban
Neon,22,11-08-2012,8,3,2012,Kanban
Neon,18,12-08-2012,8,3,2012,Kanban
Neon,18,13-08-2012,8,3,2012,Kanban
Neon,20,14-08-2012,8,3,2012,Kanban
Neon,19,15-08-2012,8,3,2012,Kanban
Neon,22,16-08-2012,8,3,2012,Kanban
Neon,24,17-08-2012,8,3,2012,Kanban
Neon,27,18-08-2012,8,3,2012,Kanban
Neon,25,19-08-2012,8,3,2012,Kanban
Neon,26,20-08-2012,8,3,2012,Kanban
Neon,27,21-08-2012,8,3,2012,Kanban
Neon,33,22-08-2012,8,3,2012,Kanban
Neon,30,23-08-2012,8,3,2012,Kanban
Neon,25,24-08-2012,8,3,2012,Kanban
Neon,21,25-08-2012,8,3,2012,Kanban
Neon,16,26-08-2012,8,3,2012,Kanban
Neon,25,27-08-2012,8,3,2012,Kanban
Neon,32,28-08-2012,8,3,2012,Kanban
Neon,40,29-08-2012,8,3,2012,Kanban
Neon,44,30-08-2012,8,3,2012,Kanban
Neon,31,31-08-2012,8,3,2012,Kanban
Neon,23,01-09-2012,9,3,2012,Kanban
Neon,21,02-09-2012,9,3,2012,Kanban
Neon,25,03-09-2012,9,3,2012,Kanban
Neon,29,04-09-2012,9,3,2012,Kanban
Neon,26,05-09-2012,9,3,2012,Kanban
Neon,26,06-09-2012,9,3,2012,Kanban
Neon,27,07-09-2012,9,3,2012,Kanban
Neon,17,08-09-2012,9,3,2012,Kanban
Neon,15,09-09-2012,9,3,2012,Kanban
Neon,19,10-09-2012,9,3,2012,Kanban
Neon,21,11-09-2012,9,3,2012,Kanban
Neon,17,12-09-2012,9,3,2012,Kanban
Neon,14,13-09-2012,9,3,2012,Kanban
Neon,13,14-09-2012,9,3,2012,Kanban
Neon,13,15-09-2012,9,3,2012,Kanban
Neon,14,16-09-2012,9,3,2012,Kanban
Neon,21,17-09-2012,9,3,2012,Kanban
Neon,27,18-09-2012,9,3,2012,Kanban
Neon,26,19-09-2012,9,3,2012,Kanban
Neon,21,20-09-2012,9,3,2012,Kanban
Neon,18,21-09-2012,9,3,2012,Kanban
Neon,14,22-09-2012,9,3,2012,Kanban
Neon,13,23-09-2012,9,3,2012,Kanban
Neon,14,24-09-2012,9,3,2012,Kanban
Neon,18,25-09-2012,9,3,2012,Kanban
Neon,15,26-09-2012,9,3,2012,Kanban
Neon,15,27-09-2012,9,3,2012,Kanban
Neon,20,28-09-2012,9,3,2012,Kanban
Neon,20,29-09-2012,9,3,2012,Kanban
Neon,20,30-09-2012,9,3,2012,Kanban
Neon,22,01-10-2012,10,4,2012,Kanban
Neon,22,02-10-2012,10,4,2012,Kanban
Neon,21,03-10-2012,10,4,2012,Kanban
Neon,21,04-10-2012,10,4,2012,Kanban
Neon,24,05-10-2012,10,4,2012,Kanban
Neon,22,06-10-2012,10,4,2012,Kanban
Neon,18,07-10-2012,10,4,2012,Kanban
Neon,18,08-10-2012,10,4,2012,Kanban
Neon,18,09-10-2012,10,4,2012,Kanban
Neon,15,10-10-2012,10,4,2012,Kanban
Neon,15,11-10-2012,10,4,2012,Kanban
Neon,18,12-10-2012,10,4,2012,Kanban
Neon,15,13-10-2012,10,4,2012,Kanban
Neon,12,14-10-2012,10,4,2012,Kanban
Neon,13,15-10-2012,10,4,2012,Kanban
Neon,18,16-10-2012,10,4,2012,Kanban
Neon,16,17-10-2012,10,4,2012,Kanban
Neon,14,18-10-2012,10,4,2012,Kanban
Neon,17,19-10-2012,10,4,2012,Kanban
Neon,17,20-10-2012,10,4,2012,Kanban
Neon,16,21-10-2012,10,4,2012,Kanban
Neon,17,22-10-2012,10,4,2012,Kanban
Neon,20,23-10-2012,10,4,2012,Kanban
Neon,18,24-10-2012,10,4,2012,Kanban
Neon,24,25-10-2012,10,4,2012,Kanban
Neon,25,26-10-2012,10,4,2012,Kanban
Neon,27,27-10-2012,10,4,2012,Kanban
Neon,28,28-10-2012,10,4,2012,Kanban
Neon,38,29-10-2012,10,4,2012,Kanban
Neon,45,30-10-2012,10,4,2012,Kanban
Neon,40,31-10-2012,10,4,2012,Kanban
Neon,38,01-11-2012,11,4,2012,Kanban
Neon,36,02-11-2012,11,4,2012,Kanban
Neon,31,03-11-2012,11,4,2012,Kanban
Neon,28,04-11-2012,11,4,2012,Kanban
Neon,28,05-11-2012,11,4,2012,Kanban
Neon,28,06-11-2012,11,4,2012,Kanban
Neon,24,07-11-2012,11,4,2012,Kanban
Neon,22,08-11-2012,11,4,2012,Kanban
Neon,20,09-11-2012,11,4,2012,Kanban
Neon,17,10-11-2012,11,4,2012,Kanban
Neon,16,11-11-2012,11,4,2012,Kanban
Neon,17,12-11-2012,11,4,2012,Kanban
Neon,19,13-11-2012,11,4,2012,Kanban
Neon,20,14-11-2012,11,4,2012,Kanban
Neon,23,15-11-2012,11,4,2012,Kanban
Neon,25,16-11-2012,11,4,2012,Kanban
Neon,24,17-11-2012,11,4,2012,Kanban
Neon,23,18-11-2012,11,4,2012,Kanban
Neon,25,19-11-2012,11,4,2012,Kanban
Neon,32,20-11-2012,11,4,2012,Kanban
Neon,27,21-11-2012,11,4,2012,Kanban
Neon,26,22-11-2012,11,4,2012,Kanban
Neon,23,23-11-2012,11,4,2012,Kanban
Neon,23,24-11-2012,11,4,2012,Kanban
Neon,23,25-11-2012,11,4,2012,Kanban
Neon,25,26-11-2012,11,4,2012,Kanban
Neon,29,27-11-2012,11,4,2012,Kanban
Neon,32,28-11-2012,11,4,2012,Kanban
Neon,32,29-11-2012,11,4,2012,Kanban
Neon,27,30-11-2012,11,4,2012,Kanban
Neon,28,01-12-2012,12,4,2012,Kanban
Neon,25,02-12-2012,12,4,2012,Kanban
Neon,29,03-12-2012,12,4,2012,Kanban
Neon,30,04-12-2012,12,4,2012,Kanban
Neon,34,05-12-2012,12,4,2012,Kanban
Neon,32,06-12-2012,12,4,2012,Kanban
Neon,30,07-12-2012,12,4,2012,Kanban
Neon,29,08-12-2012,12,4,2012,Kanban
Neon,25,09-12-2012,12,4,2012,Kanban
Neon,25,10-12-2012,12,4,2012,Kanban
Neon,32,11-12-2012,12,4,2012,Kanban
Neon,24,12-12-2012,12,4,2012,Kanban
Neon,12,13-12-2012,12,4,2012,Kanban
Neon,3,14-12-2012,12,4,2012,Kanban
Neon,2,15-12-2012,12,4,2012,Kanban
Neon,1,16-12-2012,12,4,2012,Kanban
Neon,1,17-12-2012,12,4,2012,Kanban
Neon,1,18-12-2012,12,4,2012,Kanban
Neon,1,19-12-2012,12,4,2012,Kanban
Neon,1,20-12-2012,12,4,2012,Kanban
Neon,1,21-12-2012,12,4,2012,Kanban
Neon,1,22-12-2012,12,4,2012,Kanban
Neon,1,23-12-2012,12,4,2012,Kanban
Neon,1,24-12-2012,12,4,2012,Kanban
Neon,1,25-12-2012,12,4,2012,Kanban
Neon,1,26-12-2012,12,4,2012,Kanban
Neon,1,27-12-2012,12,4,2012,Kanban
Neon,1,28-12-2012,12,4,2012,Kanban
Neon,1,29-12-2012,12,4,2012,Kanban
Neon,1,30-12-2012,12,4,2012,Kanban
Neon,1,31-12-2012,12,4,2012,Kanban
Neon,1,01-01-2013,1,1,2013,Kanban
Neon,2,02-01-2013,1,1,2013,Kanban
Neon,2,03-01-2013,1,1,2013,Kanban
Neon,2,04-01-2013,1,1,2013,Kanban
Neon,2,05-01-2013,1,1,2013,Kanban
Neon,2,06-01-2013,1,1,2013,Kanban
Neon,2,07-01-2013,1,1,2013,Kanban
Neon,2,08-01-2013,1,1,2013,Kanban
Neon,3,09-01-2013,1,1,2013,Kanban
Neon,3,10-01-2013,1,1,2013,Kanban
Neon,3,11-01-2013,1,1,2013,Kanban
