61817,360,0,1,2011-4,25-10-2011, Bug 
61828,360,0,1,2011-4,31-10-2011, Bug 
61899,360,0,1,2011-4,31-10-2011, Bug 
61904,360,0,1,2011-4,04-11-2011, Bug 
61922,360,0,6,2011-4,28-10-2011, Feature 
61982,360,0,1,2011-4,02-11-2011, Bug 
61984,360,0,4,2011-4,02-11-2011, Bug 
62018,360,0,2,2011-4,02-11-2011, Bug 
62028,360,0,2,2011-4,03-11-2011, Bug 
62099,360,0,1,2011-4,04-11-2011, Bug 
62119,360,0,2,2011-4,07-11-2011, Feature 
62120,360,0,1,2011-4,04-11-2011, Feature 
62121,360,0,2,2011-4,04-11-2011, Feature 
62122,360,0,3,2011-4,05-11-2011, Feature 
62123,360,0,3,2011-4,05-11-2011, Feature 
62124,360,0,3,2011-4,04-11-2011, Feature 
62134,360,0,4,2011-4,06-11-2011, Feature 
62142,360,0,3,2011-4,05-11-2011, Feature 
62144,360,0,1,2011-4,07-11-2011, Feature 
62146,360,0,1,2011-4,05-11-2011, Feature 
62147,360,0,2,2011-4,05-11-2011, Feature 
62148,360,0,1,2011-4,06-11-2011, Feature 
62149,360,0,1,2011-4,05-11-2011, Feature 
62150,360,0,3,2011-4,05-11-2011, Feature 
62151,360,0,1,2011-4,05-11-2011, Feature 
62153,360,0,1,2011-4,05-11-2011, Feature 
62154,360,0,1,2011-4,05-11-2011, Feature 
62155,360,0,2,2011-4,05-11-2011, Feature 
62156,360,0,1,2011-4,05-11-2011, Feature 
62157,360,0,1,2011-4,06-11-2011, Feature 
62158,360,0,2,2011-4,05-11-2011, Feature 
62159,360,0,3,2011-4,07-11-2011, Feature 
62163,360,0,1,2011-4,07-11-2011, Feature 
62164,360,0,2,2011-4,07-11-2011, Feature 
62265,360,0,1,2011-4,08-11-2011, Bug 
62326,360,0,2,2011-4,08-11-2011, Bug 
62350,360,0,1,2011-4,09-11-2011, Bug 
62535,360,0,1,2012-1,08-02-2012, Bug 
62677,360,0,3,2012-2,05-05-2012, Feature 
62741,360,0,1,2012-1,07-02-2012, Bug 
63231,360,0,13,2012-1,08-02-2012, Bug 
63253,360,0,1,2011-4,07-12-2011, Bug 
63480,360,0,12,2012-1,23-02-2012, Bug 
63660,360,0,8,2012-1,08-02-2012, Bug 
63858,360,0,1,2012-1,09-02-2012, Bug 
63878,360,0,3,2012-1,23-01-2012, Feature 
63879,360,0,3,2012-1,30-01-2012, Feature 
63880,360,0,1,2012-1,27-01-2012, Feature 
63881,360,0,2,2012-1,24-01-2012, Feature 
63882,360,0,2,2012-1,23-01-2012, Feature 
63884,360,0,2,2012-1,30-01-2012, Feature 
63885,360,0,1,2012-1,18-01-2012, Feature 
63886,360,0,3,2012-1,16-01-2012, Feature 
63887,360,0,1,2012-1,30-01-2012, Feature 
63888,360,0,3,2012-1,18-01-2012, Feature 
63889,360,0,1,2012-1,31-01-2012, Feature 
63890,360,0,2,2012-1,01-02-2012, Feature 
63891,360,0,2,2012-1,16-01-2012, Feature 
63893,360,0,2,2012-1,16-01-2012, Feature 
63894,360,0,1,2012-1,27-01-2012, Feature 
63895,360,0,2,2012-1,24-01-2012, Feature 
63896,360,0,3,2012-1,25-01-2012, Feature 
63897,360,0,3,2012-1,25-01-2012, Feature 
63898,360,0,1,2012-1,31-01-2012, Feature 
63899,360,0,3,2012-1,25-01-2012, Feature 
63900,360,0,1,2012-1,26-01-2012, Feature 
63901,360,0,2,2012-1,19-01-2012, Feature 
63903,360,0,4,2012-1,19-01-2012, Feature 
63904,360,0,1,2012-1,01-02-2012, Feature 
63905,360,0,3,2012-1,31-01-2012, Feature 
63908,360,0,1,2012-1,24-01-2012, Feature 
63909,360,0,4,2012-1,30-01-2012, Feature 
63910,360,0,2,2012-1,16-01-2012, Feature 
63911,360,0,8,2012-1,30-01-2012, Feature 
63912,360,0,2,2012-1,30-01-2012, Feature 
63913,360,0,1,2012-1,30-01-2012, Feature 
63914,360,0,4,2012-1,27-01-2012, Feature 
63915,360,0,2,2012-1,23-01-2012, Feature 
63916,360,0,1,2012-1,25-01-2012, Feature 
63917,360,0,4,2012-1,20-01-2012, Feature 
63919,360,0,1,2012-1,02-02-2012, Feature 
63920,360,0,2,2012-1,30-01-2012, Feature 
63921,360,0,1,2012-1,27-01-2012, Feature 
63922,360,0,5,2012-1,19-01-2012, Feature 
63923,360,0,1,2012-1,25-01-2012, Feature 
63924,360,0,3,2012-1,16-01-2012, Feature 
63925,360,0,5,2012-1,19-01-2012, Feature 
63926,360,0,1,2012-1,25-01-2012, Feature 
63927,360,0,3,2012-1,23-01-2012, Feature 
63928,360,0,4,2012-1,20-01-2012, Feature 
63929,360,0,4,2012-1,27-01-2012, Feature 
63931,360,0,3,2012-1,31-01-2012, Feature 
63932,360,0,4,2012-1,27-01-2012, Feature 
63933,360,0,2,2012-1,23-01-2012, Feature 
63934,360,0,1,2012-1,23-01-2012, Feature 
63935,360,0,2,2012-1,17-01-2012, Feature 
63936,360,0,3,2012-1,17-01-2012, Feature 
63937,360,0,3,2012-1,25-01-2012, Feature 
63938,360,0,5,2012-1,26-01-2012, Feature 
63939,360,0,2,2012-1,01-02-2012, Feature 
63940,360,0,5,2012-1,30-01-2012, Feature 
63942,360,0,8,2012-1,20-01-2012, Feature 
63943,360,0,1,2012-1,19-01-2012, Feature 
63944,360,0,2,2012-1,18-01-2012, Feature 
63984,360,0,2,2012-1,24-01-2012, Feature 
64165,360,0,3,2012-1,23-01-2012, Feature 
64229,360,0,8,2012-1,24-01-2012, Feature 
64234,360,0,2,2012-1,02-02-2012, Feature 
64236,360,0,4,2012-1,20-01-2012, Feature 
64237,360,0,2,2012-1,31-01-2012, Feature 
64238,360,0,9,2012-1,26-01-2012, Feature 
64239,360,0,3,2012-1,16-01-2012, Feature 
64240,360,0,2,2012-1,16-01-2012, Feature 
64241,360,0,3,2012-1,16-01-2012, Feature 
64242,360,0,2,2012-1,16-01-2012, Feature 
64243,360,0,4,2012-1,20-01-2012, Feature 
64281,360,0,2,2012-1,31-01-2012, Feature 
64282,360,0,4,2012-1,31-01-2012, Feature 
64285,360,0,12,2012-1,26-01-2012, Feature 
64286,360,0,1,2012-1,31-01-2012, Feature 
64288,360,0,3,2012-1,01-02-2012, Feature 
64292,360,0,1,2012-1,01-02-2012, Feature 
64293,360,0,1,2012-1,01-02-2012, Feature 
64294,360,0,1,2012-1,31-01-2012, Feature 
64295,360,0,3,2012-1,30-01-2012, Feature 
64361,360,0,1,2012-1,23-01-2012, Bug 
64362,360,0,3,2012-1,17-01-2012, Feature 
64363,360,0,8,2012-1,30-01-2012, Feature 
64368,360,0,2,2012-1,16-01-2012, Feature 
64370,360,0,2,2012-1,19-01-2012, Feature 
64384,360,0,1,2012-1,17-01-2012, Feature 
64408,360,0,1,2012-1,18-01-2012, Bug 
64418,360,0,1,2012-1,02-02-2012, Feature 
64433,360,0,1,2012-1,30-01-2012, Feature 
64690,360,0,1,2012-1,30-01-2012, Bug 
64945,360,0,1,2012-1,15-02-2012, Feature 
65103,360,0,4,2012-1,17-03-2012, Bug 
65137,360,0,6,2012-1,10-02-2012, Bug 
65228,360,0,5,2012-1,25-02-2012, Bug 
65230,360,0,5,2012-1,25-02-2012, Bug 
65419,360,0,1,2012-1,28-03-2012, Feature 
66050,360,0,1,2012-2,07-05-2012, Bug 
66777,360,0,1,2012-2,20-04-2012, Bug 
66905,360,0,1,2012-1,29-03-2012, Bug 
67339,360,0,1,2012-2,21-06-2012, Bug 
67358,360,0,6,2012-2,18-04-2012, Feature 
67400,360,0,11,2012-2,28-04-2012, Feature 
67426,360,0,1,2012-2,12-06-2012, Feature 
68162,360,0,1,2012-2,13-06-2012, Bug 
68190,360,0,4,2012-2,15-06-2012, Feature 
68192,360,0,4,2012-2,16-06-2012, Feature 
68193,360,0,1,2012-2,19-06-2012, Feature 
68194,360,0,5,2012-2,16-06-2012, Feature 
68195,360,0,6,2012-2,20-06-2012, Feature 
68196,360,0,4,2012-2,15-06-2012, Feature 
68197,360,0,4,2012-2,16-06-2012, Feature 
68200,360,0,1,2012-2,15-06-2012, Feature 
68201,360,0,1,2012-2,27-06-2012, Feature 
68203,360,0,4,2012-2,15-06-2012, Feature 
68205,360,0,2,2012-2,26-06-2012, Feature 
68206,360,0,1,2012-2,15-06-2012, Feature 
68208,360,0,1,2012-2,15-06-2012, Feature 
68210,360,0,4,2012-2,23-06-2012, Feature 
68211,360,0,5,2012-2,23-06-2012, Feature 
68212,360,0,3,2012-2,23-06-2012, Feature 
68213,360,0,2,2012-2,18-06-2012, Feature 
68214,360,0,4,2012-2,16-06-2012, Feature 
68215,360,0,3,2012-2,19-06-2012, Feature 
68216,360,0,1,2012-2,19-06-2012, Feature 
68218,360,0,2,2012-2,27-06-2012, Feature 
68220,360,0,3,2012-2,23-06-2012, Feature 
68221,360,0,3,2012-2,23-06-2012, Feature 
68222,360,0,5,2012-2,15-06-2012, Feature 
68223,360,0,6,2012-2,20-06-2012, Feature 
68224,360,0,4,2012-2,23-06-2012, Feature 
68225,360,0,7,2012-2,21-06-2012, Feature 
68226,360,0,2,2012-2,28-06-2012, Feature 
68227,360,0,6,2012-2,29-06-2012, Feature 
68228,360,0,3,2012-2,27-06-2012, Feature 
68229,360,0,5,2012-2,22-06-2012, Feature 
68230,360,0,1,2012-2,19-06-2012, Feature 
68231,360,0,4,2012-2,15-06-2012, Feature 
68232,360,0,2,2012-2,20-06-2012, Feature 
68234,360,0,3,2012-2,20-06-2012, Feature 
68235,360,0,2,2012-2,15-06-2012, Feature 
68236,360,0,2,2012-2,21-06-2012, Feature 
68238,360,0,2,2012-2,28-06-2012, Feature 
68239,360,0,1,2012-2,27-06-2012, Feature 
68240,360,0,3,2012-2,19-06-2012, Feature 
68241,360,0,3,2012-2,26-06-2012, Feature 
68242,360,0,2,2012-2,18-06-2012, Feature 
68243,360,0,4,2012-2,22-06-2012, Feature 
68244,360,0,4,2012-2,23-06-2012, Feature 
68245,360,0,5,2012-2,23-06-2012, Feature 
68246,360,0,11,2012-2,23-06-2012, Feature 
68247,360,0,4,2012-2,16-06-2012, Feature 
68248,360,0,2,2012-2,26-06-2012, Feature 
68249,360,0,5,2012-2,21-06-2012, Feature 
68250,360,0,2,2012-2,21-06-2012, Feature 
68251,360,0,1,2012-2,22-06-2012, Feature 
68252,360,0,1,2012-2,26-06-2012, Feature 
68253,360,0,1,2012-2,19-06-2012, Feature 
68254,360,0,3,2012-2,19-06-2012, Feature 
68255,360,0,2,2012-2,18-06-2012, Feature 
68257,360,0,1,2012-2,20-06-2012, Feature 
68258,360,0,2,2012-2,20-06-2012, Feature 
68259,360,0,2,2012-2,28-06-2012, Feature 
68261,360,0,1,2012-2,15-06-2012, Feature 
68262,360,0,1,2012-2,15-06-2012, Feature 
68263,360,0,1,2012-2,27-06-2012, Feature 
68264,360,0,1,2012-2,26-06-2012, Feature 
68265,360,0,4,2012-2,15-06-2012, Feature 
68266,360,0,2,2012-2,26-06-2012, Feature 
68267,360,0,4,2012-2,16-06-2012, Feature 
68268,360,0,6,2012-2,16-06-2012, Feature 
68269,360,0,4,2012-2,23-06-2012, Feature 
68270,360,0,1,2012-2,27-06-2012, Feature 
68271,360,0,2,2012-2,19-06-2012, Feature 
68272,360,0,3,2012-2,16-06-2012, Feature 
68273,360,0,1,2012-2,20-06-2012, Feature 
68274,360,0,2,2012-2,26-06-2012, Feature 
68275,360,0,1,2012-2,19-06-2012, Feature 
68424,360,0,6,2012-2,16-06-2012, Bug 
68742,360,0,11,2012-2,23-06-2012, Feature 
68761,360,0,5,2012-2,23-06-2012, Feature 
68763,360,0,4,2012-2,23-06-2012, Feature 
68764,360,0,6,2012-2,26-06-2012, Bug 
68850,360,0,1,2012-3,06-09-2012, Bug 
68863,360,0,10,2012-2,23-06-2012, Feature 
68876,360,0,3,2012-2,16-06-2012, Feature 
68877,360,0,4,2012-2,16-06-2012, Feature 
68878,360,0,3,2012-2,16-06-2012, Feature 
68879,360,0,5,2012-2,16-06-2012, Feature 
68880,360,0,5,2012-2,23-06-2012, Feature 
68881,360,0,1,2012-2,15-06-2012, Feature 
68882,360,0,3,2012-2,26-06-2012, Feature 
68883,360,0,2,2012-2,20-06-2012, Feature 
68884,360,0,5,2012-2,21-06-2012, Feature 
68885,360,0,5,2012-2,23-06-2012, Feature 
68893,360,0,4,2012-2,15-06-2012, Bug 
68911,360,0,4,2012-2,15-06-2012, Bug 
68915,360,0,1,2012-2,19-06-2012, Bug 
68976,360,0,4,2012-2,19-06-2012, Bug 
69011,360,0,5,2012-2,22-06-2012, Feature 
69036,360,0,2,2012-2,20-06-2012, Bug 
69043,360,0,6,2012-2,22-06-2012, Bug 
69069,360,0,4,2012-2,23-06-2012, Feature 
69071,360,0,4,2012-2,22-06-2012, Feature 
69072,360,0,1,2012-2,22-06-2012, Feature 
69073,360,0,1,2012-2,22-06-2012, Feature 
69074,360,0,4,2012-2,23-06-2012, Feature 
69075,360,0,3,2012-2,23-06-2012, Feature 
69080,360,0,4,2012-2,23-06-2012, Bug 
69108,360,0,5,2012-2,21-06-2012, Bug 
69140,360,0,1,2012-2,28-06-2012, Feature 
69145,360,0,1,2012-2,22-06-2012, Feature 
69164,360,0,4,2012-2,23-06-2012, Bug 
69176,360,0,3,2012-2,25-06-2012, Feature 
69201,360,0,2,2012-2,26-06-2012, Bug 
69206,360,0,2,2012-2,26-06-2012, Feature 
69230,360,0,1,2012-2,27-06-2012, Bug 
69250,360,0,2,2012-2,27-06-2012, Feature 
69272,360,0,1,2012-2,28-06-2012, Bug 
69276,360,0,1,2012-2,27-06-2012, Bug 
69293,360,0,1,2012-2,29-06-2012, Bug 
69311,360,0,4,2012-2,29-06-2012, Bug 
69322,360,0,1,2012-2,29-06-2012, Feature 
69344,360,0,1,2012-2,29-06-2012, Feature 
69345,360,0,1,2012-2,29-06-2012, Feature 
69346,360,0,1,2012-2,29-06-2012, Feature 
69347,360,0,1,2012-2,29-06-2012, Feature 
69348,360,0,1,2012-2,29-06-2012, Feature 
69349,360,0,1,2012-2,29-06-2012, Feature 
69350,360,0,1,2012-2,29-06-2012, Feature 
69351,360,0,1,2012-2,29-06-2012, Feature 
69352,360,0,1,2012-2,29-06-2012, Feature 
69353,360,0,2,2012-2,29-06-2012, Feature 
69359,360,0,3,2012-2,29-06-2012, Bug 
69363,360,0,1,2012-2,29-06-2012, Bug 
69392,360,0,1,2012-2,29-06-2012, Bug 
69402,360,0,1,2012-3,01-07-2012, Feature 
69403,360,0,2,2012-3,01-07-2012, Feature 
69404,360,0,2,2012-3,01-07-2012, Feature 
69405,360,0,1,2012-3,01-07-2012, Feature 
69406,360,0,2,2012-3,01-07-2012, Feature 
69407,360,0,1,2012-3,01-07-2012, Feature 
69408,360,0,2,2012-3,02-07-2012, Feature 
69409,360,0,2,2012-3,01-07-2012, Feature 
69410,360,0,1,2012-3,01-07-2012, Feature 
69413,360,0,1,2012-3,02-07-2012, Feature 
69424,360,0,2,2012-3,02-07-2012, Feature 
69425,360,0,2,2012-3,02-07-2012, Feature 
69426,360,0,1,2012-3,03-07-2012, Feature 
69427,360,0,2,2012-3,03-07-2012, Feature 
69445,360,0,2,2012-3,03-07-2012, Feature 
69447,360,0,1,2012-3,03-07-2012, Feature 
69448,360,0,1,2012-3,03-07-2012, Feature 
69449,360,0,1,2012-3,03-07-2012, Feature 
69450,360,0,1,2012-3,03-07-2012, Feature 
69451,360,0,1,2012-3,03-07-2012, Feature 
69462,360,0,1,2012-3,03-07-2012, Bug 
70003,360,0,3,2012-3,15-09-2012, Feature 
70037,360,0,13,2012-3,05-09-2012, Feature 
70048,360,0,7,2012-3,07-08-2012, Feature 
70059,360,0,1,2012-3,22-08-2012, Feature 
70068,360,0,14,2012-3,10-08-2012, Feature 
70071,360,0,12,2012-3,25-08-2012, Feature 
70072,360,0,1,2012-3,07-08-2012, Feature 
70074,360,0,1,2012-3,18-09-2012, Feature 
70076,360,0,3,2012-3,15-09-2012, Feature 
70078,360,0,3,2012-3,15-09-2012, Feature 
70079,360,0,3,2012-3,15-09-2012, Feature 
70080,360,0,1,2012-3,05-09-2012, Feature 
70085,360,0,1,2012-3,26-09-2012, Feature 
70088,360,0,5,2012-3,15-09-2012, Feature 
70089,360,0,1,2012-3,05-09-2012, Feature 
70093,360,0,1,2012-3,05-09-2012, Feature 
70094,360,0,3,2012-3,15-09-2012, Feature 
70098,360,0,1,2012-3,05-09-2012, Feature 
70100,360,0,1,2012-3,23-08-2012, Feature 
70104,360,0,3,2012-3,15-09-2012, Feature 
70106,360,0,10,2012-3,25-08-2012, Feature 
70127,360,0,12,2012-3,15-09-2012, Feature 
70128,360,0,1,2012-3,27-09-2012, Feature 
70130,360,0,11,2012-3,15-09-2012, Feature 
70134,360,0,1,2012-3,26-09-2012, Feature 
70136,360,0,3,2012-3,15-09-2012, Feature 
70329,360,0,5,2012-3,01-09-2012, Feature 
70335,360,0,1,2012-3,26-09-2012, Feature 
70336,360,0,1,2012-3,26-09-2012, Feature 
70337,360,0,1,2012-3,26-09-2012, Feature 
70338,360,0,1,2012-3,26-09-2012, Feature 
70339,360,0,1,2012-3,26-09-2012, Feature 
70340,360,0,1,2012-3,26-09-2012, Feature 
70341,360,0,1,2012-3,06-09-2012, Bug 
70344,360,0,1,2012-3,06-09-2012, Bug 
70616,360,0,1,2012-4,12-12-2012, Feature 
70617,360,0,1,2012-4,12-12-2012, Feature 
70618,360,0,1,2012-4,20-12-2012, Feature 
70657,360,0,6,2012-3,24-08-2012, Feature 
70658,360,0,13,2012-3,24-08-2012, Feature 
70659,360,0,7,2012-3,30-08-2012, Feature 
71329,360,0,7,2012-3,19-09-2012, Feature 
71330,360,0,1,2012-3,19-09-2012, Feature 
71331,360,0,1,2012-3,19-09-2012, Feature 
72466,360,0,1,2013-1,16-01-2013, Bug 
72480,360,0,3,2012-4,18-12-2012, Feature 
72664,360,0,2,2012-4,12-12-2012, Feature 
72665,360,0,2,2012-4,12-12-2012, Feature 
72666,360,0,3,2012-4,17-12-2012, Feature 
73046,360,0,2,2012-4,20-12-2012, Feature 
73047,360,0,5,2012-4,20-12-2012, Feature 
73048,360,0,1,2012-4,12-12-2012, Feature 
73049,360,0,1,2012-4,12-12-2012, Feature 
73050,360,0,1,2012-4,12-12-2012, Feature 
73051,360,0,2,2012-4,19-12-2012, Feature 
73065,360,0,1,2013-1,16-01-2013, Bug 
73968,360,0,8,2012-4,12-12-2012, Feature 
73970,360,0,8,2012-4,12-12-2012, Feature 
73971,360,0,8,2012-4,12-12-2012, Feature 
73972,360,0,1,2012-4,12-12-2012, Feature 
73973,360,0,1,2012-4,12-12-2012, Feature 
73974,360,0,2,2012-4,12-12-2012, Feature 
73975,360,0,8,2012-4,13-12-2012, Feature 
73976,360,0,3,2012-4,17-12-2012, Feature 
73977,360,0,13,2012-4,12-12-2012, Feature 
73979,360,0,8,2012-4,12-12-2012, Feature 
74080,360,0,3,2012-4,12-12-2012, Feature 
74081,360,0,7,2012-4,12-12-2012, Feature 
74082,360,0,2,2012-4,12-12-2012, Feature 
74083,360,0,7,2012-4,12-12-2012, Feature 
74096,360,0,6,2012-4,12-12-2012, Feature 
74097,360,0,1,2012-4,12-12-2012, Feature 
74098,360,0,6,2012-4,12-12-2012, Feature 
74099,360,0,8,2012-4,12-12-2012, Feature 
74128,360,0,1,2012-4,12-12-2012, Feature 
74129,360,0,3,2012-4,12-12-2012, Feature 
74130,360,0,9,2012-4,12-12-2012, Feature 
74131,360,0,7,2012-4,12-12-2012, Feature 
74132,360,0,2,2012-4,18-12-2012, Feature 
74134,360,0,2,2012-4,12-12-2012, Feature 
74135,360,0,4,2012-4,15-12-2012, Feature 
74137,360,0,2,2012-4,12-12-2012, Feature 
74138,360,0,2,2012-4,12-12-2012, Feature 
74141,360,0,2,2012-4,17-12-2012, Feature 
74159,360,0,4,2012-4,14-12-2012, Feature 
74160,360,0,3,2012-4,12-12-2012, Feature 
74161,360,0,8,2012-4,12-12-2012, Feature 
74164,360,0,1,2012-4,12-12-2012, Feature 
74165,360,0,6,2012-4,12-12-2012, Feature 
74166,360,0,2,2012-4,12-12-2012, Feature 
74167,360,0,6,2012-4,12-12-2012, Feature 
74168,360,0,2,2012-4,21-12-2012, Feature 
74169,360,0,13,2012-4,12-12-2012, Feature 
74170,360,0,7,2012-4,12-12-2012, Feature 
74171,360,0,5,2012-4,12-12-2012, Feature 
74172,360,0,5,2012-4,13-12-2012, Feature 
74173,360,0,2,2012-4,17-12-2012, Feature 
74174,360,0,8,2012-4,12-12-2012, Feature 
74175,360,0,5,2012-4,12-12-2012, Feature 
74176,360,0,2,2012-4,12-12-2012, Feature 
74177,360,0,3,2012-4,12-12-2012, Feature 
74178,360,0,5,2012-4,14-12-2012, Feature 
74179,360,0,1,2012-4,13-12-2012, Feature 
74180,360,0,2,2012-4,18-12-2012, Feature 
74181,360,0,7,2012-4,12-12-2012, Feature 
74182,360,0,1,2012-4,12-12-2012, Feature 
74183,360,0,3,2012-4,17-12-2012, Feature 
74184,360,0,2,2012-4,20-12-2012, Feature 
74185,360,0,1,2013-1,15-01-2013, Feature 
74186,360,0,6,2012-4,12-12-2012, Feature 
74187,360,0,9,2012-4,12-12-2012, Feature 
74188,360,0,9,2012-4,12-12-2012, Feature 
74189,360,0,5,2012-4,12-12-2012, Feature 
74190,360,0,9,2012-4,12-12-2012, Feature 
74191,360,0,2,2012-4,12-12-2012, Feature 
74192,360,0,3,2012-4,12-12-2012, Feature 
74193,360,0,5,2012-4,14-12-2012, Feature 
74194,360,0,3,2012-4,12-12-2012, Feature 
74196,360,0,2,2012-4,12-12-2012, Feature 
74198,360,0,6,2012-4,12-12-2012, Feature 
74199,360,0,1,2012-4,20-12-2012, Feature 
74200,360,0,1,2013-1,15-01-2013, Feature 
74201,360,0,8,2012-4,12-12-2012, Feature 
74202,360,0,3,2012-4,12-12-2012, Feature 
74203,360,0,2,2012-4,12-12-2012, Feature 
74204,360,0,3,2012-4,14-12-2012, Feature 
74205,360,0,7,2012-4,12-12-2012, Feature 
74206,360,0,3,2012-4,12-12-2012, Feature 
74227,360,0,1,2012-4,12-12-2012, Feature 
74238,360,0,3,2012-4,18-12-2012, Feature 
74239,360,0,2,2012-4,12-12-2012, Feature 
74240,360,0,1,2013-1,15-01-2013, Feature 
74253,360,0,12,2012-4,12-12-2012, Feature 
74254,360,0,3,2012-4,12-12-2012, Feature 
74255,360,0,2,2012-4,12-12-2012, Feature 
74282,360,0,2,2012-4,12-12-2012, Bug 
74463,360,0,2,2012-4,18-12-2012, Feature 
74469,360,0,2,2012-4,20-12-2012, Bug 
74510,360,0,1,2012-4,20-12-2012, Bug 
74582,360,0,3,2012-4,22-12-2012, Feature 
74583,360,0,4,2012-4,21-12-2012, Feature 
74584,360,0,1,2012-4,21-12-2012, Feature 
74585,360,0,1,2012-4,21-12-2012, Feature 
74586,360,0,1,2012-4,21-12-2012, Feature 
74587,360,0,1,2012-4,21-12-2012, Feature 
74616,360,0,2,2012-4,29-12-2012, Bug 
74618,360,0,3,2012-4,24-12-2012, Feature 
74619,360,0,1,2012-4,24-12-2012, Feature 
74620,360,0,1,2012-4,24-12-2012, Feature 
74621,360,0,2,2012-4,26-12-2012, Feature 
74622,360,0,3,2012-4,24-12-2012, Feature 
74623,360,0,1,2012-4,24-12-2012, Feature 
74646,360,0,5,2012-4,27-12-2012, Feature 
74647,360,0,1,2012-4,27-12-2012, Feature 
74648,360,0,5,2012-4,27-12-2012, Feature 
74649,360,0,5,2012-4,27-12-2012, Feature 
75140,360,0,4,2013-1,18-01-2013, Test Case 
75141,360,0,5,2013-1,18-01-2013, Test Case 
75142,360,0,4,2013-1,18-01-2013, Test Case 
75143,360,0,5,2013-1,18-01-2013, Test Case 
75144,360,0,4,2013-1,18-01-2013, Test Case 
75145,360,0,4,2013-1,18-01-2013, Test Case 
75146,360,0,4,2013-1,18-01-2013, Test Case 
75222,360,0,1,2013-1,21-01-2013, Test Case 
75223,360,0,4,2013-1,18-01-2013, Test Case 
75233,360,0,1,2013-1,21-01-2013, Test Case 
75259,360,0,5,2013-1,18-01-2013, Test Case 
75261,360,0,4,2013-1,18-01-2013, Test Case 
75264,360,0,2,2013-1,21-01-2013, Test Case 
75265,360,0,4,2013-1,18-01-2013, Test Case 
75266,360,0,4,2013-1,18-01-2013, Test Case 
75267,360,0,5,2013-1,18-01-2013, Test Case 
75269,360,0,4,2013-1,18-01-2013, Test Case 
75270,360,0,4,2013-1,18-01-2013, Test Case 
75362,360,0,1,2013-1,22-01-2013, Bug 
75570,360,0,1,2013-1,04-02-2013, Test Case 
75571,360,0,1,2013-1,04-02-2013, Test Case 
75572,360,0,1,2013-1,04-02-2013, Test Case 
75626,360,0,1,2013-1,04-02-2013, Test Case 
75627,360,0,1,2013-1,04-02-2013, Test Case 
75628,360,0,2,2013-1,04-02-2013, Test Case 
75726,360,0,2,2013-1,04-02-2013, Test Case 
75735,360,0,1,2013-1,04-02-2013, Test Case 
75983,360,0,4,2013-1,15-02-2013, Test Case 
75984,360,0,5,2013-1,15-02-2013, Test Case 
75985,360,0,5,2013-1,15-02-2013, Test Case 
75987,360,0,5,2013-1,15-02-2013, Test Case 
75991,360,0,4,2013-1,15-02-2013, Test Case 
75992,360,0,4,2013-1,15-02-2013, Test Case 
75993,360,0,4,2013-1,15-02-2013, Test Case 
75994,360,0,4,2013-1,15-02-2013, Test Case 
75997,360,0,3,2013-1,15-02-2013, Test Case 
76236,360,0,5,2013-1,15-02-2013, Test Case 
76237,360,0,5,2013-1,15-02-2013, Test Case 
76240,360,0,3,2013-1,15-02-2013, Test Case 
76242,360,0,4,2013-1,15-02-2013, Test Case 
76245,360,0,4,2013-1,15-02-2013, Test Case 
76246,360,0,4,2013-1,15-02-2013, Test Case 
76247,360,0,5,2013-1,15-02-2013, Test Case 
76248,360,0,5,2013-1,15-02-2013, Test Case 
76250,360,0,4,2013-1,15-02-2013, Test Case 
76259,360,0,3,2013-1,15-02-2013, Test Case 
76260,360,0,4,2013-1,15-02-2013, Test Case 
76261,360,0,4,2013-1,15-02-2013, Test Case 
76262,360,0,5,2013-1,15-02-2013, Test Case 
77095,360,0,2,2013-1,18-03-2013, Test Case 
77096,360,0,2,2013-1,18-03-2013, Test Case 
77097,360,0,2,2013-1,18-03-2013, Test Case 
77098,360,0,2,2013-1,18-03-2013, Test Case 
77100,360,0,7,2013-1,18-03-2013, Test Case 
77102,360,0,1,2013-1,18-03-2013, Test Case 
77103,360,0,1,2013-1,18-03-2013, Test Case 
77104,360,0,2,2013-1,18-03-2013, Test Case 
77105,360,0,2,2013-1,18-03-2013, Test Case 
77106,360,0,2,2013-1,18-03-2013, Test Case 
77232,360,0,6,2013-1,27-03-2013, Test Case 
77233,360,0,3,2013-1,27-03-2013, Test Case 
77234,360,0,2,2013-1,27-03-2013, Test Case 
77236,360,0,1,2013-1,27-03-2013, Test Case 
77237,360,0,3,2013-1,27-03-2013, Test Case 
77238,360,0,2,2013-1,27-03-2013, Test Case 
77239,360,0,3,2013-1,27-03-2013, Test Case 
77240,360,0,2,2013-1,27-03-2013, Test Case 
77241,360,0,7,2013-1,27-03-2013, Test Case 
77242,360,0,8,2013-1,25-03-2013, Test Case 
77243,360,0,2,2013-1,27-03-2013, Test Case 
77244,360,0,9,2013-1,25-03-2013, Test Case 
77247,360,0,4,2013-1,25-03-2013, Test Case 
77248,360,0,4,2013-1,25-03-2013, Test Case 
77249,360,0,4,2013-1,25-03-2013, Test Case 
77250,360,0,3,2013-1,25-03-2013, Test Case 
77251,360,0,4,2013-1,25-03-2013, Test Case 
77252,360,0,8,2013-1,25-03-2013, Test Case 
77253,360,0,2,2013-1,27-03-2013, Test Case 
77254,360,0,1,2013-2,01-04-2013, Test Case 
77255,360,0,7,2013-1,27-03-2013, Test Case 
77257,360,0,4,2013-1,25-03-2013, Test Case 
77259,360,0,5,2013-1,28-03-2013, Test Case 
77288,360,0,3,2013-1,26-03-2013, Test Case 
77368,360,0,4,2013-1,29-03-2013, Test Case 
77369,360,0,2,2013-1,27-03-2013, Test Case 
77375,360,0,1,2013-2,02-04-2013, Bug 
77401,360,0,1,2013-2,02-04-2013, Bug 
77408,360,0,1,2013-1,29-03-2013, Test Case 
77412,360,0,1,2013-1,29-03-2013, Test Case 
77450,360,0,2,2013-2,02-04-2013, Bug 
73332,360,0,2,2013-3,18-09-2013, Feature 
78210,360,0,7,2013-2,30-04-2013, Test Case 
78212,360,0,3,2013-2,30-04-2013, Test Case 
78213,360,0,7,2013-2,30-04-2013, Test Case 
78214,360,0,7,2013-2,30-04-2013, Test Case 
78215,360,0,7,2013-2,30-04-2013, Test Case 
78216,360,0,3,2013-2,30-04-2013, Test Case 
78218,360,0,7,2013-2,30-04-2013, Test Case 
78220,360,0,8,2013-2,30-04-2013, Test Case 
78221,360,0,7,2013-2,30-04-2013, Test Case 
78222,360,0,8,2013-2,30-04-2013, Test Case 
78223,360,0,2,2013-2,06-05-2013, Test Case 
78225,360,0,4,2013-2,30-04-2013, Test Case 
78226,360,0,8,2013-2,30-04-2013, Test Case 
78229,360,0,7,2013-2,30-04-2013, Test Case 
78234,360,0,8,2013-2,30-04-2013, Test Case 
78236,360,0,6,2013-2,30-04-2013, Test Case 
78238,360,0,6,2013-2,30-04-2013, Test Case 
78240,360,0,7,2013-2,30-04-2013, Test Case 
78241,360,0,8,2013-2,30-04-2013, Test Case 
78251,360,0,3,2013-2,30-04-2013, Test Case 
78252,360,0,8,2013-2,30-04-2013, Test Case 
78253,360,0,8,2013-2,30-04-2013, Test Case 
78254,360,0,7,2013-2,30-04-2013, Test Case 
78255,360,0,8,2013-2,30-04-2013, Test Case 
78281,360,0,6,2013-2,01-05-2013, Test Case 
78282,360,0,3,2013-2,01-05-2013, Test Case 
78283,360,0,7,2013-2,01-05-2013, Test Case 
78285,360,0,7,2013-2,02-05-2013, Test Case 
78297,360,0,6,2013-2,02-05-2013, Bug 
78350,360,0,4,2013-2,03-05-2013, Bug 
78375,360,0,1,2013-2,06-05-2013, Test Case 
78485,360,0,1,2013-2,08-05-2013, Test Case 
78779,360,0,13,2013-2,21-05-2013, Test Case 
78780,360,0,7,2013-2,21-05-2013, Test Case 
78783,360,0,7,2013-2,21-05-2013, Test Case 
78784,360,0,15,2013-2,21-05-2013, Test Case 
78798,360,0,14,2013-2,21-05-2013, Test Case 
78799,360,0,11,2013-2,21-05-2013, Test Case 
78800,360,0,7,2013-2,21-05-2013, Test Case 
78801,360,0,9,2013-2,21-05-2013, Test Case 
78806,360,0,14,2013-2,21-05-2013, Test Case 
78811,360,0,13,2013-2,21-05-2013, Test Case 
78812,360,0,14,2013-2,21-05-2013, Test Case 
78814,360,0,14,2013-2,21-05-2013, Test Case 
78815,360,0,9,2013-2,21-05-2013, Test Case 
78817,360,0,14,2013-2,21-05-2013, Test Case 
78818,360,0,14,2013-2,21-05-2013, Test Case 
78819,360,0,10,2013-2,21-05-2013, Test Case 
78822,360,0,7,2013-2,21-05-2013, Test Case 
78824,360,0,14,2013-2,21-05-2013, Test Case 
78827,360,0,11,2013-2,21-05-2013, Test Case 
78828,360,0,15,2013-2,21-05-2013, Test Case 
78829,360,0,13,2013-2,21-05-2013, Test Case 
78833,360,0,15,2013-2,21-05-2013, Test Case 
78835,360,0,5,2013-2,03-06-2013, Test Case 
78838,360,0,13,2013-2,21-05-2013, Test Case 
78840,360,0,15,2013-2,21-05-2013, Test Case 
78841,360,0,14,2013-2,21-05-2013, Test Case 
78842,360,0,15,2013-2,21-05-2013, Test Case 
78843,360,0,15,2013-2,21-05-2013, Test Case 
78844,360,0,15,2013-2,21-05-2013, Test Case 
78845,360,0,15,2013-2,21-05-2013, Test Case 
78847,360,0,10,2013-2,21-05-2013, Test Case 
78848,360,0,15,2013-2,21-05-2013, Test Case 
78854,360,0,10,2013-2,21-05-2013, Test Case 
78855,360,0,15,2013-2,21-05-2013, Test Case 
78857,360,0,14,2013-2,21-05-2013, Test Case 
78858,360,0,15,2013-2,21-05-2013, Test Case 
78860,360,0,14,2013-2,21-05-2013, Test Case 
78864,360,0,3,2013-2,04-06-2013, Test Case 
78865,360,0,10,2013-2,21-05-2013, Test Case 
78866,360,0,15,2013-2,21-05-2013, Test Case 
78869,360,0,10,2013-2,21-05-2013, Test Case 
78870,360,0,6,2013-2,06-06-2013, Test Case 
78873,360,0,8,2013-2,21-05-2013, Test Case 
78874,360,0,10,2013-2,21-05-2013, Test Case 
78890,360,0,3,2013-2,03-06-2013, Bug 
78920,360,0,15,2013-2,22-05-2013, Feature 
78980,360,0,5,2013-2,24-05-2013, Test Case 
78982,360,0,5,2013-2,24-05-2013, Test Case 
78983,360,0,11,2013-2,24-05-2013, Test Case 
78984,360,0,7,2013-2,24-05-2013, Test Case 
78985,360,0,7,2013-2,24-05-2013, Test Case 
78986,360,0,11,2013-2,24-05-2013, Test Case 
78987,360,0,14,2013-2,24-05-2013, Test Case 
79018,360,0,7,2013-2,27-05-2013, Test Case 
79019,360,0,8,2013-2,27-05-2013, Test Case 
79052,360,0,10,2013-2,28-05-2013, Bug 
79055,360,0,13,2013-2,28-05-2013, Test Case 
79058,360,0,8,2013-2,28-05-2013, Test Case 
79059,360,0,11,2013-2,28-05-2013, Test Case 
79060,360,0,11,2013-2,28-05-2013, Test Case 
79061,360,0,6,2013-2,29-05-2013, Test Case 
79062,360,0,9,2013-2,28-05-2013, Test Case 
79063,360,0,14,2013-2,28-05-2013, Test Case 
79088,360,0,7,2013-2,28-05-2013, Bug 
79089,360,0,3,2013-2,04-06-2013, Test Case 
79090,360,0,7,2013-2,28-05-2013, Bug 
79091,360,0,8,2013-2,28-05-2013, Test Case 
79092,360,0,8,2013-2,28-05-2013, Test Case 
79096,360,0,9,2013-2,28-05-2013, Test Case 
79098,360,0,11,2013-2,28-05-2013, Test Case 
79160,360,0,11,2013-2,29-05-2013, Bug 
79161,360,0,3,2013-2,29-05-2013, Bug 
79206,360,0,12,2013-2,30-05-2013, Test Case 
79214,360,0,7,2013-2,30-05-2013, Bug 
79224,360,0,4,2013-2,31-05-2013, Bug 
79241,360,0,8,2013-2,31-05-2013, Bug 
79245,360,0,4,2013-2,31-05-2013, Bug 
79308,360,0,4,2013-2,03-06-2013, Bug 
79316,360,0,3,2013-2,04-06-2013, Bug 
79318,360,0,4,2013-2,04-06-2013, Bug 
79324,360,0,2,2013-2,04-06-2013, Bug 
79325,360,0,7,2013-2,04-06-2013, Test Case 
79347,360,0,2,2013-2,04-06-2013, Bug 
79369,360,0,2,2013-2,05-06-2013, Bug 
79381,360,0,2,2013-2,05-06-2013, Bug 
79385,360,0,2,2013-2,05-06-2013, Test Case 
79387,360,0,5,2013-2,05-06-2013, Test Case 
79396,360,0,2,2013-2,05-06-2013, Bug 
79397,360,0,1,2013-2,05-06-2013, Bug 
79402,360,0,1,2013-2,06-06-2013, Bug 
79432,360,0,4,2013-2,06-06-2013, Bug 
79492,360,0,2,2013-2,10-06-2013, Test Case 
79494,360,0,1,2013-2,10-06-2013, Test Case 
79495,360,0,2,2013-2,10-06-2013, Test Case 
79502,360,0,2,2013-2,10-06-2013, Test Case 
79503,360,0,2,2013-2,10-06-2013, Test Case 
79517,360,0,1,2013-2,10-06-2013, Test Case 
79518,360,0,1,2013-2,10-06-2013, Test Case 
79519,360,0,1,2013-2,10-06-2013, Test Case 
79520,360,0,2,2013-2,10-06-2013, Test Case 
79521,360,0,1,2013-2,10-06-2013, Test Case 
79522,360,0,1,2013-2,10-06-2013, Test Case 
79525,360,0,1,2013-2,10-06-2013, Test Case 
79530,360,0,2,2013-2,10-06-2013, Test Case 
79531,360,0,2,2013-2,10-06-2013, Test Case 
79533,360,0,1,2013-2,10-06-2013, Test Case 
79534,360,0,2,2013-2,10-06-2013, Test Case 
79538,360,0,2,2013-2,10-06-2013, Test Case 
79612,360,0,1,2013-2,12-06-2013, Test Case 
79613,360,0,1,2013-2,12-06-2013, Test Case 
79614,360,0,1,2013-2,12-06-2013, Test Case 
79615,360,0,1,2013-2,12-06-2013, Test Case 
79617,360,0,1,2013-2,12-06-2013, Test Case 
79618,360,0,1,2013-2,12-06-2013, Test Case 
80117,360,0,2,2013-3,02-07-2013, Test Case 
80118,360,0,2,2013-3,02-07-2013, Test Case 
80119,360,0,3,2013-3,02-07-2013, Test Case 
80120,360,0,2,2013-3,02-07-2013, Test Case 
80145,360,0,1,2013-3,02-07-2013, Test Case 
80146,360,0,1,2013-3,02-07-2013, Test Case 
80147,360,0,3,2013-3,02-07-2013, Test Case 
80734,360,0,8,2013-3,22-07-2013, Test Case 
80735,360,0,8,2013-3,22-07-2013, Test Case 
80736,360,0,7,2013-3,24-07-2013, Test Case 
80737,360,0,3,2013-3,22-07-2013, Test Case 
80738,360,0,7,2013-3,22-07-2013, Test Case 
80739,360,0,6,2013-3,24-07-2013, Test Case 
80740,360,0,4,2013-3,22-07-2013, Test Case 
80741,360,0,4,2013-3,22-07-2013, Test Case 
80742,360,0,3,2013-3,22-07-2013, Test Case 
80743,360,0,7,2013-3,22-07-2013, Test Case 
80744,360,0,8,2013-3,22-07-2013, Test Case 
80745,360,0,7,2013-3,22-07-2013, Test Case 
80746,360,0,3,2013-3,22-07-2013, Test Case 
80747,360,0,3,2013-3,22-07-2013, Test Case 
80748,360,0,3,2013-3,22-07-2013, Test Case 
80749,360,0,4,2013-3,22-07-2013, Test Case 
80763,360,0,8,2013-3,23-07-2013, Test Case 
80764,360,0,7,2013-3,23-07-2013, Test Case 
80765,360,0,6,2013-3,25-07-2013, Test Case 
80766,360,0,2,2013-3,24-07-2013, Test Case 
80767,360,0,3,2013-3,23-07-2013, Test Case 
80768,360,0,3,2013-3,23-07-2013, Test Case 
80770,360,0,2,2013-3,29-07-2013, Test Case 
80771,360,0,2,2013-3,23-07-2013, Test Case 
80774,360,0,6,2013-3,24-07-2013, Test Case 
80807,360,0,5,2013-3,26-07-2013, Test Case 
80821,360,0,1,2013-3,29-07-2013, Test Case 
80823,360,0,2,2013-3,29-07-2013, Test Case 
80849,360,0,1,2013-3,30-07-2013, Test Case 
80877,360,0,1,2013-3,31-07-2013, Test Case 
80878,360,0,1,2013-3,31-07-2013, Test Case 
81105,360,0,4,2013-3,12-08-2013, Test Case 
81109,360,0,2,2013-3,12-08-2013, Test Case 
81110,360,0,2,2013-3,12-08-2013, Test Case 
81111,360,0,2,2013-3,12-08-2013, Test Case 
81112,360,0,7,2013-3,12-08-2013, Test Case 
81114,360,0,2,2013-3,12-08-2013, Test Case 
81115,360,0,4,2013-3,12-08-2013, Test Case 
81133,360,0,2,2013-3,13-08-2013, Test Case 
81151,360,0,2,2013-3,13-08-2013, Test Case 
82004,360,0,11,2013-3,20-09-2013, Test Case 
82006,360,0,10,2013-3,20-09-2013, Test Case 
82013,360,0,11,2013-3,20-09-2013, Test Case 
82016,360,0,7,2013-3,20-09-2013, Test Case 
82019,360,0,8,2013-3,20-09-2013, Test Case 
82020,360,0,5,2013-3,26-09-2013, Test Case 
82022,360,0,11,2013-3,20-09-2013, Test Case 
82023,360,0,7,2013-3,20-09-2013, Test Case 
82049,360,0,11,2013-3,20-09-2013, Test Case 
82050,360,0,11,2013-3,20-09-2013, Test Case 
82138,360,0,7,2013-3,24-09-2013, Test Case 
82139,360,0,7,2013-3,24-09-2013, Test Case 
82140,360,0,2,2013-3,24-09-2013, Test Case 
82141,360,0,2,2013-3,24-09-2013, Test Case 
82142,360,0,7,2013-3,24-09-2013, Test Case 
82143,360,0,2,2013-3,30-09-2013, Test Case 
82144,360,0,7,2013-3,24-09-2013, Test Case 
82149,360,0,4,2013-3,24-09-2013, Test Case 
82195,360,0,6,2013-3,25-09-2013, Test Case 
82196,360,0,4,2013-3,26-09-2013, Test Case 
82214,360,0,2,2013-3,25-09-2013, Test Case 
82220,360,0,2,2013-3,25-09-2013, Test Case 
82221,360,0,6,2013-3,26-09-2013, Test Case 
82228,360,0,5,2013-3,26-09-2013, Test Case 
82230,360,0,5,2013-3,26-09-2013, Test Case 
82241,360,0,4,2013-3,26-09-2013, Bug 
82270,360,0,2,2013-3,28-09-2013, Bug 
83291,360,0,3,2013-4,12-11-2013, Test Case 
83293,360,0,4,2013-4,11-11-2013, Test Case 
83294,360,0,2,2013-4,12-11-2013, Test Case 
83295,360,0,4,2013-4,11-11-2013, Test Case 
83296,360,0,5,2013-4,11-11-2013, Test Case 
83297,360,0,8,2013-4,11-11-2013, Test Case 
83298,360,0,5,2013-4,11-11-2013, Test Case 
83300,360,0,4,2013-4,11-11-2013, Test Case 
83301,360,0,2,2013-4,11-11-2013, Test Case 
83302,360,0,8,2013-4,11-11-2013, Test Case 
83303,360,0,2,2013-4,11-11-2013, Test Case 
83305,360,0,2,2013-4,11-11-2013, Test Case 
83306,360,0,2,2013-4,11-11-2013, Test Case 
83307,360,0,5,2013-4,11-11-2013, Test Case 
83308,360,0,3,2013-4,11-11-2013, Test Case 
83310,360,0,5,2013-4,11-11-2013, Test Case 
83311,360,0,3,2013-4,11-11-2013, Test Case 
83312,360,0,7,2013-4,11-11-2013, Test Case 
83313,360,0,7,2013-4,11-11-2013, Test Case 
83363,360,0,3,2013-4,12-11-2013, Test Case 
83379,360,0,3,2013-4,12-11-2013, Test Case 
83391,360,0,7,2013-4,12-11-2013, Test Case 
83426,360,0,2,2013-4,13-11-2013, Test Case 
83427,360,0,2,2013-4,13-11-2013, Test Case 
83453,360,0,5,2013-4,13-11-2013, Test Case 
83454,360,0,2,2013-4,13-11-2013, Test Case 
83459,360,0,2,2013-4,13-11-2013, Test Case 
83460,360,0,2,2013-4,13-11-2013, Test Case 
83461,360,0,2,2013-4,13-11-2013, Test Case 
83462,360,0,2,2013-4,13-11-2013, Test Case 
83500,360,0,1,2013-4,14-11-2013, Bug 
83512,360,0,1,2013-4,15-11-2013, Bug 
83532,360,0,5,2013-4,15-11-2013, Test Case 
83593,360,0,2,2013-4,18-11-2013, Bug 
83812,360,0,1,2013-4,03-12-2013, Bug 
84097,360,0,3,2013-4,10-12-2013, Test Case 
84098,360,0,2,2013-4,10-12-2013, Test Case 
84099,360,0,7,2013-4,10-12-2013, Test Case 
84100,360,0,8,2013-4,10-12-2013, Test Case 
84101,360,0,2,2013-4,10-12-2013, Test Case 
84113,360,0,3,2013-4,10-12-2013, Test Case 
84121,360,0,4,2013-4,10-12-2013, Test Case 
84122,360,0,4,2013-4,10-12-2013, Test Case 
84155,360,0,10,2013-4,10-12-2013, Test Case 
84165,360,0,1,2013-4,10-12-2013, Test Case 
84169,360,0,9,2013-4,10-12-2013, Test Case 
84172,360,0,1,2013-4,10-12-2013, Test Case 
84173,360,0,9,2013-4,10-12-2013, Test Case 
84176,360,0,8,2013-4,10-12-2013, Test Case 
84213,360,0,9,2013-4,11-12-2013, Test Case 
84214,360,0,8,2013-4,11-12-2013, Test Case 
84223,360,0,2,2013-4,11-12-2013, Test Case 
84272,360,0,1,2013-4,13-12-2013, Bug 
84301,360,0,1,2013-4,15-12-2013, Bug 
27211,360,1,2,2011-4,06-11-2011, Bug 
32653,360,1,2,2010-4,06-12-2010, Bug 
54470,360,1,6,2011-2,06-04-2011, Bug 
56063,360,1,2,2011-2,12-04-2011, Bug 
56530,360,1,5,2011-2,11-04-2011, Bug 
56841,360,1,5,2011-2,14-04-2011, Bug 
56879,360,1,13,2011-2,13-04-2011, Bug 
56894,360,1,13,2011-2,14-04-2011, Bug 
57025,360,1,2,2011-2,26-04-2011, Bug 
57053,360,1,5,2011-2,28-04-2011, Bug 
57145,360,1,3,2011-2,29-04-2011, Bug 
57181,360,1,2,2011-2,03-05-2011, Bug 
57270,360,1,1,2011-2,05-05-2011, Feature 
58827,360,1,14,2011-4,05-11-2011, Bug 
61617,360,1,2,2011-4,03-11-2011, Bug 
61802,360,1,2,2011-4,25-10-2011, Bug 
61876,360,1,2,2011-4,31-10-2011, Bug 
61940,360,1,3,2011-4,02-11-2011, Bug 
61962,360,1,5,2011-4,31-10-2011, Bug 
61991,360,1,2,2011-4,01-11-2011, Bug 
61996,360,1,1,2011-4,01-11-2011, Bug 
62072,360,1,2,2011-4,03-11-2011, Bug 
62087,360,1,1,2011-4,03-11-2011, Bug 
62100,360,1,2,2011-4,04-11-2011, Bug 
62117,360,1,1,2011-4,04-11-2011, Bug 
62223,360,1,1,2011-4,07-11-2011, Bug 
62262,360,1,1,2011-4,07-11-2011, Bug 
62264,360,1,2,2011-4,08-11-2011, Bug 
64579,360,1,3,2012-1,20-01-2012, Bug 
64615,360,1,1,2012-1,23-01-2012, Bug 
64633,360,1,4,2012-1,23-01-2012, Bug 
64649,360,1,1,2012-1,24-01-2012, Bug 
64775,360,1,2,2012-1,30-01-2012, Feature 
64863,360,1,1,2012-1,01-02-2012, Bug 
64919,360,1,1,2012-1,03-02-2012, Bug 
64932,360,1,4,2012-1,03-02-2012, Bug 
64985,360,1,1,2012-1,06-02-2012, Bug 
65380,360,1,4,2012-1,03-03-2012, Bug 
65381,360,1,1,2012-1,07-03-2012, Bug 
65382,360,1,1,2012-1,13-03-2012, Bug 
65750,360,1,9,2012-1,29-02-2012, Bug 
65757,360,1,9,2012-1,28-02-2012, Bug 
65901,360,1,4,2012-1,03-03-2012, Bug 
65902,360,1,4,2012-1,03-03-2012, Bug 
66218,360,1,7,2012-1,09-03-2012, Bug 
67084,360,1,12,2012-2,12-04-2012, Bug 
67085,360,1,1,2012-2,12-04-2012, Bug 
67421,360,1,13,2012-2,12-05-2012, Feature 
68237,360,1,4,2012-2,25-06-2012, Feature 
68370,360,1,6,2012-2,01-06-2012, Bug 
68968,360,1,2,2012-2,18-06-2012, Bug 
68972,360,1,2,2012-2,19-06-2012, Bug 
68982,360,1,1,2012-2,18-06-2012, Bug 
69015,360,1,1,2012-2,19-06-2012, Bug 
69032,360,1,3,2012-2,19-06-2012, Bug 
69101,360,1,4,2012-2,22-06-2012, Bug 
69103,360,1,1,2012-2,21-06-2012, Bug 
69153,360,1,3,2012-2,22-06-2012, Bug 
69253,360,1,1,2012-2,26-06-2012, Bug 
69288,360,1,2,2012-2,28-06-2012, Bug 
69361,360,1,3,2012-2,29-06-2012, Bug 
69400,360,1,2,2012-2,30-06-2012, Bug 
69412,360,1,1,2012-3,02-07-2012, Bug 
69418,360,1,1,2012-3,02-07-2012, Bug 
69436,360,1,1,2012-3,02-07-2012, Bug 
69439,360,1,1,2012-3,02-07-2012, Bug 
70320,360,1,1,2012-3,28-08-2012, Bug 
71692,360,1,1,2012-3,26-09-2012, Bug 
74280,360,1,1,2012-4,12-12-2012, Bug 
74316,360,1,4,2012-4,14-12-2012, Bug 
75340,360,1,1,2013-1,21-01-2013, Bug 
75348,360,1,1,2013-1,22-01-2013, Bug 
75417,360,1,1,2013-1,22-01-2013, Bug 
76255,360,1,10,2013-1,15-02-2013, Test Case 
76364,360,1,1,2013-1,19-02-2013, Bug 
78286,360,1,1,2013-2,02-05-2013, Bug 
78389,360,1,1,2013-2,06-05-2013, Bug 
79036,360,1,1,2013-2,27-05-2013, Bug 
79153,360,1,2,2013-2,29-05-2013, Bug 
79184,360,1,1,2013-2,30-05-2013, Bug 
79346,360,1,1,2013-2,04-06-2013, Bug 
79433,360,1,2,2013-2,06-06-2013, Bug 
79598,360,1,2,2013-2,11-06-2013, Bug 
55485,360,2,10,2011-2,06-04-2011, Bug 
55827,360,2,2,2011-2,14-04-2011, Bug 
56005,360,2,2,2011-2,27-04-2011, Bug 
56887,360,2,14,2011-2,14-04-2011, Bug 
56996,360,2,6,2011-2,21-04-2011, Bug 
57185,360,2,1,2011-2,02-05-2011, Bug 
57305,360,2,1,2011-2,06-05-2011, Bug 
58460,360,2,14,2011-4,19-10-2011, Bug 
59857,360,2,5,2011-3,17-08-2011, Bug 
61650,360,2,15,2011-4,19-10-2011, Bug 
61874,360,2,2,2011-4,31-10-2011, Bug 
62238,360,2,1,2011-4,07-11-2011, Bug 
62263,360,2,1,2011-4,07-11-2011, Bug 
63349,360,2,13,2012-1,08-02-2012, Bug 
64623,360,2,2,2012-1,24-01-2012, Bug 
64628,360,2,2,2012-1,23-01-2012, Bug 
64682,360,2,5,2012-1,25-01-2012, Bug 
64983,360,2,1,2012-1,06-02-2012, Bug 
65759,360,2,1,2012-1,14-03-2012, Bug 
65949,360,2,3,2012-1,05-03-2012, Bug 
65950,360,2,1,2012-1,05-03-2012, Bug 
66333,360,2,3,2012-1,13-03-2012, Bug 
67513,360,2,3,2012-2,08-05-2012, Bug 
68974,360,2,8,2012-2,18-06-2012, Bug 
69045,360,2,3,2012-2,20-06-2012, Bug 
69060,360,2,4,2012-2,21-06-2012, Bug 
69112,360,2,2,2012-2,21-06-2012, Bug 
69156,360,2,4,2012-2,23-06-2012, Bug 
69173,360,2,3,2012-2,22-06-2012, Bug 
69175,360,2,4,2012-2,26-06-2012, Bug 
69244,360,2,2,2012-2,27-06-2012, Bug 
69384,360,2,3,2012-2,29-06-2012, Bug 
69446,360,2,1,2012-3,03-07-2012, Feature 
70503,360,2,2,2012-3,28-08-2012, Feature 
71051,360,2,3,2012-3,05-09-2012, Bug 
71081,360,2,2,2012-3,06-09-2012, Bug 
74574,360,2,1,2012-4,20-12-2012, Bug 
75322,360,2,2,2013-1,22-01-2013, Bug 
75332,360,2,1,2013-1,21-01-2013, Bug 
75400,360,2,1,2013-1,22-01-2013, Bug 
77433,360,2,2,2013-2,02-04-2013, Bug 
78299,360,2,6,2013-2,02-05-2013, Bug 
78356,360,2,3,2013-2,03-05-2013, Bug 
78399,360,2,1,2013-2,06-05-2013, Bug 
78420,360,2,2,2013-2,07-05-2013, Bug 
78439,360,2,1,2013-2,07-05-2013, Bug 
78497,360,2,1,2013-2,08-05-2013, Bug 
79370,360,2,7,2013-2,05-06-2013, Bug 
79437,360,2,3,2013-2,07-06-2013, Bug 
79541,360,2,2,2013-2,10-06-2013, Bug 
79635,360,2,1,2013-2,12-06-2013, Bug 
80794,360,2,5,2013-3,25-07-2013, Bug 
55544,360,3,6,2011-2,13-04-2011, Bug 
56872,360,3,13,2011-2,14-04-2011, Bug 
56876,360,3,5,2011-2,13-04-2011, Bug 
56909,360,3,1,2011-2,14-04-2011, Bug 
57253,360,3,1,2011-2,04-05-2011, Feature 
57259,360,3,1,2011-2,05-05-2011, Bug 
61663,360,3,2,2011-4,19-10-2011, Bug 
62203,360,3,1,2011-4,06-11-2011, Bug 
63930,360,3,6,2012-1,19-01-2012, Feature 
64406,360,3,1,2012-1,17-01-2012, Bug 
64507,360,3,1,2012-1,19-01-2012, Bug 
64773,360,3,2,2012-1,31-01-2012, Bug 
65842,360,3,4,2012-1,03-03-2012, Bug 
69058,360,3,1,2012-2,20-06-2012, Bug 
69139,360,3,7,2012-2,21-06-2012, Feature 
69214,360,3,1,2012-2,25-06-2012, Bug 
69248,360,3,1,2012-2,26-06-2012, Bug 
69362,360,3,4,2012-2,29-06-2012, Bug 
71133,360,3,4,2012-3,29-09-2012, Bug 
74629,360,3,2,2012-4,24-12-2012, Bug 
78348,360,3,5,2013-2,03-05-2013, Bug 
78464,360,3,1,2013-2,07-05-2013, Bug 
79104,360,3,1,2013-2,28-05-2013, Bug 
79158,360,3,2,2013-2,29-05-2013, Bug 
79246,360,3,5,2013-2,31-05-2013, Bug 
79348,360,3,1,2013-2,04-06-2013, Bug 
79444,360,3,4,2013-2,07-06-2013, Bug 
79586,360,3,1,2013-2,11-06-2013, Bug 
80805,360,3,5,2013-3,26-07-2013, Bug 
82256,360,3,3,2013-4,01-10-2013, Bug 
83443,360,3,1,2013-4,13-11-2013, Bug 
83476,360,3,2,2013-4,14-11-2013, Bug 
83556,360,3,3,2013-4,15-11-2013, Bug 
56907,360,4,1,2011-2,29-04-2011, Feature 
57033,360,4,2,2011-2,27-04-2011, Bug 
57144,360,4,3,2011-2,29-04-2011, Bug 
57187,360,4,1,2011-2,03-05-2011, Bug 
57188,360,4,1,2011-2,03-05-2011, Bug 
61895,360,4,2,2011-4,02-11-2011, Bug 
64645,360,4,7,2012-1,25-01-2012, Bug 
64893,360,4,1,2012-1,02-02-2012, Bug 
66647,360,4,1,2012-1,19-03-2012, Bug 
67342,360,4,1,2012-2,21-06-2012, Bug 
68527,360,4,5,2012-2,07-06-2012, Bug 
68606,360,4,1,2012-2,07-06-2012, Bug 
68956,360,4,2,2012-2,18-06-2012, Bug 
69234,360,4,2,2012-2,27-06-2012, Bug 
69307,360,4,1,2012-3,02-07-2012, Bug 
69468,360,4,1,2012-3,03-07-2012, Bug 
70297,360,4,1,2012-3,14-08-2012, Bug 
71052,360,4,15,2012-3,05-09-2012, Bug 
71691,360,4,6,2012-3,26-09-2012, Bug 
71693,360,4,1,2012-3,26-09-2012, Bug 
78242,360,4,3,2013-2,30-04-2013, Test Case 
78372,360,4,3,2013-2,04-05-2013, Bug 
79399,360,4,5,2013-2,05-06-2013, Bug 
79443,360,4,4,2013-2,07-06-2013, Bug 
79570,360,4,1,2013-2,11-06-2013, Bug 
55562,360,5,1,2011-2,12-04-2011, Bug 
56906,360,5,4,2011-2,14-04-2011, Bug 
57039,360,5,2,2011-2,27-04-2011, Bug 
57199,360,5,1,2011-2,03-05-2011, Bug 
61713,360,5,7,2011-4,25-10-2011, Bug 
61933,360,5,3,2011-4,28-10-2011, Bug 
62088,360,5,2,2011-4,03-11-2011, Bug 
62170,360,5,2,2011-4,05-11-2011, Bug 
62174,360,5,2,2011-4,05-11-2011, Bug 
62250,360,5,2,2011-4,07-11-2011, Bug 
64928,360,5,3,2012-1,03-02-2012, Bug 
64940,360,5,4,2012-1,03-02-2012, Bug 
68785,360,5,2,2012-2,26-06-2012, Bug 
68891,360,5,4,2012-2,15-06-2012, Bug 
69122,360,5,4,2012-2,22-06-2012, Bug 
69397,360,5,3,2012-2,30-06-2012, Bug 
74575,360,5,1,2012-4,20-12-2012, Bug 
76323,360,5,1,2013-1,18-02-2013, Bug 
77395,360,5,1,2013-1,29-03-2013, Bug 
79004,360,5,14,2013-2,27-05-2013, Bug 
79078,360,5,1,2013-2,28-05-2013, Bug 
79668,360,5,1,2013-2,13-06-2013, Bug 
56912,360,6,12,2011-2,14-04-2011, Bug 
61804,360,6,4,2011-4,26-10-2011, Bug 
61805,360,6,4,2011-4,26-10-2011, Bug 
61906,360,6,3,2011-4,28-10-2011, Bug 
62194,360,6,2,2011-4,06-11-2011, Bug 
62246,360,6,2,2011-4,07-11-2011, Bug 
64371,360,6,4,2012-1,17-01-2012, Bug 
64479,360,6,5,2012-1,18-01-2012, Bug 
64485,360,6,2,2012-1,19-01-2012, Bug 
64606,360,6,3,2012-1,25-01-2012, Bug 
64805,360,6,2,2012-1,31-01-2012, Bug 
65666,360,6,6,2012-1,22-02-2012, Bug 
66073,360,6,2,2012-1,06-03-2012, Bug 
66269,360,6,1,2012-1,20-03-2012, Bug 
68978,360,6,2,2012-2,19-06-2012, Bug 
69031,360,6,1,2012-2,20-06-2012, Bug 
69078,360,6,2,2012-2,20-06-2012, Bug 
69207,360,6,4,2012-2,26-06-2012, Bug 
69267,360,6,2,2012-2,27-06-2012, Bug 
69381,360,6,1,2012-2,29-06-2012, Bug 
70980,360,6,15,2012-3,10-09-2012, Bug 
74345,360,6,3,2012-4,14-12-2012, Bug 
74541,360,6,4,2012-4,21-12-2012, Bug 
74548,360,6,2,2012-4,20-12-2012, Bug 
75320,360,6,1,2013-1,21-01-2013, Bug 
75367,360,6,1,2013-1,22-01-2013, Bug 
78423,360,6,1,2013-2,07-05-2013, Bug 
79099,360,6,1,2013-2,28-05-2013, Bug 
79639,360,6,1,2013-2,12-06-2013, Feature 
82244,360,6,4,2013-3,27-09-2013, Bug 
55316,360,7,5,2011-2,06-04-2011, Feature 
55540,360,7,5,2011-2,06-04-2011, Bug 
56924,360,7,8,2011-2,18-04-2011, Bug 
57054,360,7,5,2011-2,27-04-2011, Bug 
57086,360,7,3,2011-2,29-04-2011, Bug 
62352,360,7,1,2011-4,09-11-2011, Bug 
64605,360,7,1,2012-1,23-01-2012, Bug 
64609,360,7,1,2012-1,23-01-2012, Bug 
69149,360,7,4,2012-2,22-06-2012, Bug 
69266,360,7,2,2012-2,27-06-2012, Bug 
69301,360,7,4,2012-2,29-06-2012, Bug 
75300,360,7,1,2013-1,22-01-2013, Bug 
78197,360,7,8,2013-2,30-04-2013, Bug 
79186,360,7,2,2013-2,30-05-2013, Bug 
79258,360,7,1,2013-2,03-06-2013, Bug 
79392,360,7,1,2013-2,05-06-2013, Bug 
79619,360,7,1,2013-2,12-06-2013, Bug 
56956,360,8,3,2011-2,19-04-2011, Bug 
57027,360,8,1,2011-2,26-04-2011, Bug 
61644,360,8,2,2011-4,02-11-2011, Bug 
61739,360,8,10,2011-4,21-10-2011, Bug 
61795,360,8,2,2011-4,25-10-2011, Bug 
61897,360,8,8,2011-4,28-10-2011, Bug 
61918,360,8,3,2011-4,03-11-2011, Bug 
62097,360,8,1,2011-4,03-11-2011, Bug 
62241,360,8,1,2011-4,07-11-2011, Bug 
64582,360,8,3,2012-1,23-01-2012, Bug 
64737,360,8,1,2012-1,16-02-2012, Feature 
64778,360,8,2,2012-1,30-01-2012, Bug 
64897,360,8,8,2012-1,14-03-2012, Bug 
65771,360,8,6,2012-1,29-02-2012, Bug 
65818,360,8,1,2012-1,29-02-2012, Bug 
65961,360,8,1,2012-1,05-03-2012, Bug 
67738,360,8,4,2012-2,04-05-2012, Bug 
69148,360,8,5,2012-2,23-06-2012, Bug 
69169,360,8,3,2012-2,26-06-2012, Bug 
74515,360,8,2,2012-4,19-12-2012, Bug 
74624,360,8,3,2012-4,24-12-2012, Feature 
75346,360,8,2,2013-1,21-01-2013, Bug 
79168,360,8,6,2013-2,29-05-2013, Bug 
79228,360,8,4,2013-2,31-05-2013, Bug 
79596,360,8,1,2013-2,11-06-2013, Bug 
57190,360,9,1,2011-2,03-05-2011, Bug 
58691,360,9,2,2011-4,05-11-2011, Bug 
61792,360,9,1,2011-4,24-10-2011, Bug 
61803,360,9,2,2011-4,25-10-2011, Bug 
62208,360,9,1,2011-4,07-11-2011, Bug 
62221,360,9,2,2011-4,07-11-2011, Bug 
62626,360,9,3,2012-1,10-03-2012, Bug 
64383,360,9,3,2012-1,17-01-2012, Bug 
64456,360,9,6,2012-1,18-01-2012, Feature 
64839,360,9,1,2012-1,31-01-2012, Feature 
64865,360,9,2,2012-1,01-02-2012, Bug 
69167,360,9,4,2012-2,23-06-2012, Bug 
69257,360,9,2,2012-2,27-06-2012, Bug 
70790,360,9,3,2012-3,04-09-2012, Bug 
70838,360,9,4,2012-3,04-09-2012, Bug 
77436,360,9,1,2013-2,01-04-2013, Bug 
78237,360,9,8,2013-2,30-04-2013, Bug 
79343,360,9,3,2013-2,04-06-2013, Bug 
56581,360,10,4,2011-2,11-04-2011, Bug 
56916,360,10,9,2011-2,19-04-2011, Bug 
57031,360,10,2,2011-2,27-04-2011, Bug 
57037,360,10,1,2011-2,27-04-2011, Bug 
57165,360,10,1,2011-2,02-05-2011, Bug 
57935,360,10,9,2011-2,21-06-2011, Bug 
60992,360,10,3,2011-4,28-10-2011, Feature 
61373,360,10,3,2012-1,30-01-2012, Bug 
62132,360,10,1,2011-4,04-11-2011, Bug 
62774,360,10,13,2012-1,08-02-2012, Bug 
64731,360,10,3,2012-1,27-01-2012, Feature 
69297,360,10,2,2012-2,28-06-2012, Bug 
76220,360,10,2,2013-1,18-02-2013, Bug 
77393,360,10,2,2013-1,28-03-2013, Bug 
79193,360,10,2,2013-2,30-05-2013, Bug 
79478,360,10,1,2013-2,08-06-2013, Bug 
82287,360,10,1,2013-3,30-09-2013, Bug 
56999,360,11,2,2011-2,26-04-2011, Bug 
57173,360,11,1,2011-2,02-05-2011, Bug 
61661,360,11,14,2011-4,19-10-2011, Bug 
61684,360,11,3,2011-4,21-10-2011, Bug 
62091,360,11,2,2011-4,03-11-2011, Bug 
62201,360,11,1,2011-4,06-11-2011, Bug 
64365,360,11,15,2012-1,16-01-2012, Bug 
64523,360,11,1,2012-1,23-01-2012, Bug 
68904,360,11,1,2012-2,15-06-2012, Bug 
68940,360,11,1,2012-2,18-06-2012, Bug 
69194,360,11,2,2012-2,26-06-2012, Bug 
69274,360,11,2,2012-2,27-06-2012, Bug 
69283,360,11,2,2012-2,27-06-2012, Bug 
69370,360,11,3,2012-2,29-06-2012, Bug 
76357,360,11,1,2013-1,19-02-2013, Bug 
76358,360,11,6,2013-1,19-02-2013, Bug 
77389,360,11,3,2013-1,27-03-2013, Bug 
78307,360,11,2,2013-2,02-05-2013, Bug 
79634,360,11,1,2013-2,12-06-2013, Bug 
82358,360,11,2,2013-4,03-10-2013, Bug 
62045,360,12,1,2011-4,02-11-2011, Bug 
62089,360,12,3,2011-4,03-11-2011, Bug 
62161,360,12,3,2011-4,05-11-2011, Bug 
62178,360,12,3,2011-4,05-11-2011, Bug 
62186,360,12,2,2011-4,06-11-2011, Bug 
62210,360,12,2,2011-4,07-11-2011, Bug 
63017,360,12,10,2012-1,07-02-2012, Bug 
64736,360,12,4,2012-1,27-01-2012, Bug 
68886,360,12,1,2012-2,21-06-2012, Bug 
69215,360,12,2,2012-2,26-06-2012, Bug 
73462,360,12,1,2012-4,20-11-2012, Feature 
74478,360,12,2,2012-4,19-12-2012, Bug 
79015,360,12,2,2013-2,27-05-2013, Bug 
79242,360,12,3,2013-2,31-05-2013, Bug 
19752,360,13,13,2010-3,24-09-2010, Bug 
55289,360,13,3,2011-2,05-04-2011, Bug 
61881,360,13,7,2011-4,27-10-2011, Bug 
62078,360,13,2,2011-4,04-11-2011, Bug 
67004,360,13,6,2012-1,30-03-2012, Bug 
68447,360,13,8,2012-2,14-06-2012, Bug 
69334,360,13,2,2012-2,28-06-2012, Bug 
69391,360,13,3,2012-2,29-06-2012, Bug 
77405,360,13,4,2013-1,29-03-2013, Bug 
78317,360,13,1,2013-2,02-05-2013, Bug 
78445,360,13,1,2013-2,07-05-2013, Bug 
79057,360,13,4,2013-2,30-05-2013, Bug 
79506,360,13,2,2013-2,10-06-2013, Bug 
79647,360,13,1,2013-2,12-06-2013, Feature 
55332,360,14,2,2011-2,06-04-2011, Bug 
55792,360,14,2,2011-2,14-04-2011, Bug 
55976,360,14,3,2011-2,12-04-2011, Bug 
57040,360,14,2,2011-2,27-04-2011, Bug 
61877,360,14,4,2011-4,31-10-2011, Bug 
62131,360,14,3,2011-4,04-11-2011, Bug 
64403,360,14,10,2012-1,18-01-2012, Bug 
68975,360,14,2,2012-2,18-06-2012, Bug 
69098,360,14,4,2012-2,26-06-2012, Bug 
74503,360,14,2,2012-4,19-12-2012, Bug 
79338,360,14,2,2013-2,04-06-2013, Bug 
57186,360,15,1,2011-2,03-05-2011, Bug 
61711,360,15,2,2011-4,07-11-2011, Bug 
66217,360,15,1,2012-1,13-03-2012, Bug 
67808,360,15,7,2012-2,16-06-2012, Bug 
68923,360,15,3,2012-2,16-06-2012, Bug 
74477,360,15,1,2012-4,18-12-2012, Bug 
79179,360,15,6,2013-2,29-05-2013, Bug 
62076,360,16,2,2011-4,03-11-2011, Bug 
62254,360,16,1,2011-4,07-11-2011, Bug 
62260,360,16,1,2011-4,07-11-2011, Bug 
64802,360,16,1,2012-1,31-01-2012, Bug 
66362,360,16,4,2012-1,16-03-2012, Bug 
66401,360,16,4,2012-1,16-03-2012, Bug 
66462,360,16,4,2012-1,16-03-2012, Bug 
67977,360,16,2,2012-2,20-06-2012, Feature 
69076,360,16,1,2012-2,20-06-2012, Bug 
69097,360,16,2,2012-2,20-06-2012, Bug 
78424,360,16,1,2013-2,07-05-2013, Bug 
79195,360,16,2,2013-2,30-05-2013, Bug 
79475,360,16,6,2013-2,07-06-2013, Bug 
79560,360,16,1,2013-2,11-06-2013, Bug 
82236,360,16,5,2013-3,26-09-2013, Bug 
56064,360,17,5,2011-2,11-04-2011, Bug 
61751,360,17,3,2011-4,31-10-2011, Bug 
61807,360,17,1,2011-4,24-10-2011, Bug 
64689,360,17,6,2012-1,25-01-2012, Bug 
66008,360,17,1,2012-1,05-03-2012, Feature 
69053,360,17,2,2012-2,20-06-2012, Bug 
74397,360,17,2,2012-4,17-12-2012, Bug 
74456,360,17,1,2012-4,18-12-2012, Bug 
55576,360,18,2,2011-2,27-04-2011, Bug 
60962,360,18,3,2011-4,02-11-2011, Feature 
68960,360,18,3,2012-2,18-06-2012, Bug 
69123,360,18,5,2012-2,21-06-2012, Bug 
79086,360,18,7,2013-2,28-05-2013, Bug 
79361,360,18,5,2013-2,05-06-2013, Bug 
82086,360,18,10,2013-3,20-09-2013, Test Case 
55517,360,19,1,2011-2,06-04-2011, Bug 
62081,360,19,2,2011-4,04-11-2011, Bug 
62082,360,19,2,2011-4,04-11-2011, Bug 
62242,360,19,2,2011-4,07-11-2011, Bug 
65912,360,19,9,2012-1,03-03-2012, Bug 
65913,360,19,9,2012-1,03-03-2012, Bug 
65914,360,19,9,2012-1,03-03-2012, Bug 
68000,360,19,1,2012-2,24-05-2012, Bug 
69470,360,19,1,2012-3,03-07-2012, Bug 
69471,360,19,1,2012-3,03-07-2012, Bug 
69473,360,19,1,2012-3,03-07-2012, Bug 
77425,360,19,2,2013-2,02-04-2013, Bug 
57059,360,20,2,2011-2,28-04-2011, Bug 
57198,360,20,1,2011-2,03-05-2011, Bug 
62095,360,20,4,2011-4,03-11-2011, Bug 
64455,360,20,5,2012-1,23-01-2012, Bug 
64515,360,20,4,2012-1,20-01-2012, Bug 
74490,360,20,1,2012-4,18-12-2012, Bug 
74522,360,20,2,2012-4,20-12-2012, Bug 
78324,360,20,4,2013-2,02-05-2013, Bug 
80832,360,20,1,2013-3,29-07-2013, Bug 
61789,360,21,1,2011-4,24-10-2011, Bug 
61799,360,21,2,2011-4,25-10-2011, Bug 
61936,360,21,2,2011-4,02-11-2011, Bug 
62104,360,21,2,2011-4,03-11-2011, Bug 
62306,360,21,2,2011-4,08-11-2011, Bug 
69136,360,21,1,2012-2,21-06-2012, Feature 
69389,360,21,3,2012-2,29-06-2012, Bug 
61801,360,22,2,2011-4,02-11-2011, Bug 
61955,360,22,3,2011-4,02-11-2011, Bug 
62207,360,22,2,2011-4,06-11-2011, Bug 
62252,360,22,2,2011-4,07-11-2011, Bug 
64699,360,22,5,2012-1,25-01-2012, Bug 
68962,360,22,2,2012-2,21-06-2012, Bug 
68983,360,22,3,2012-2,20-06-2012, Bug 
69068,360,22,2,2012-2,20-06-2012, Bug 
69131,360,22,4,2012-2,21-06-2012, Bug 
63477,360,23,14,2012-1,07-02-2012, Bug 
64707,360,23,1,2012-1,26-01-2012, Bug 
64725,360,23,2,2012-1,30-01-2012, Bug 
65121,360,23,1,2012-1,08-02-2012, Bug 
79434,360,23,4,2013-2,06-06-2013, Bug 
64435,360,24,2,2012-1,18-01-2012, Bug 
65301,360,24,1,2012-1,14-02-2012, Feature 
69388,360,24,3,2012-2,29-06-2012, Bug 
69399,360,24,2,2012-2,30-06-2012, Bug 
79165,360,24,3,2013-2,29-05-2013, Bug 
79180,360,24,1,2013-2,09-06-2013, Bug 
79239,360,24,5,2013-2,31-05-2013, Bug 
55339,360,25,7,2011-2,06-04-2011, Bug 
61716,360,25,6,2011-4,21-10-2011, Bug 
61742,360,25,3,2011-4,01-11-2011, Bug 
69046,360,25,6,2012-2,19-06-2012, Feature 
61226,360,26,13,2012-1,17-02-2012, Bug 
64871,360,26,1,2012-1,01-02-2012, Bug 
68437,360,26,6,2012-2,01-06-2012, Bug 
69047,360,26,6,2012-2,20-06-2012, Bug 
69394,360,26,3,2012-2,29-06-2012, Bug 
70580,360,26,1,2012-3,22-08-2012, Feature 
79448,360,26,2,2013-2,07-06-2013, Bug 
56526,360,27,7,2011-2,13-04-2011, Bug 
57084,360,27,4,2011-2,29-04-2011, Bug 
61937,360,27,4,2011-4,31-10-2011, Bug 
62183,360,27,10,2012-1,25-01-2012, Feature 
66313,360,27,10,2012-1,20-03-2012, Bug 
66396,360,27,9,2012-1,21-03-2012, Bug 
74393,360,27,1,2012-4,17-12-2012, Bug 
55775,360,28,2,2011-2,07-04-2011, Bug 
56923,360,28,3,2011-2,27-04-2011, Bug 
61720,360,28,1,2011-4,24-10-2011, Bug 
61774,360,28,1,2011-4,24-10-2011, Bug 
68376,360,28,6,2012-2,16-06-2012, Bug 
68377,360,28,3,2012-2,16-06-2012, Bug 
68955,360,28,4,2012-2,19-06-2012, Bug 
69087,360,28,1,2012-2,20-06-2012, Feature 
79414,360,28,2,2013-2,06-06-2013, Bug 
57058,360,29,4,2011-2,29-04-2011, Bug 
62324,360,29,1,2011-4,08-11-2011, Bug 
68954,360,29,2,2012-2,18-06-2012, Feature 
69162,360,29,3,2012-2,26-06-2012, Bug 
69265,360,29,2,2012-2,27-06-2012, Bug 
79211,360,29,1,2013-2,30-05-2013, Bug 
63948,360,30,1,2012-1,16-01-2012, Bug 
69126,360,30,5,2012-2,22-06-2012, Bug 
74382,360,30,4,2012-4,14-12-2012, Bug 
75361,360,30,1,2013-1,22-01-2013, Bug 
78457,360,30,1,2013-2,07-05-2013, Bug 
65664,360,31,6,2012-1,22-02-2012, Bug 
68892,360,31,4,2012-2,15-06-2012, Bug 
68917,360,31,8,2012-2,19-06-2012, Bug 
69236,360,31,3,2012-2,28-06-2012, Bug 
75385,360,31,1,2013-1,22-01-2013, Bug 
77384,360,31,2,2013-1,28-03-2013, Bug 
78309,360,31,6,2013-2,02-05-2013, Bug 
64375,360,32,2,2012-1,16-01-2012, Bug 
69008,360,32,4,2012-2,22-06-2012, Bug 
77407,360,32,4,2013-1,28-03-2013, Bug 
56997,360,33,6,2011-2,27-04-2011, Bug 
57072,360,33,4,2011-2,29-04-2011, Bug 
62192,360,33,2,2011-4,06-11-2011, Bug 
62204,360,33,1,2011-4,06-11-2011, Bug 
64771,360,33,3,2012-1,30-01-2012, Feature 
69006,360,33,4,2012-2,22-06-2012, Bug 
69242,360,33,2,2012-2,27-06-2012, Bug 
83398,360,33,2,2013-4,12-11-2013, Bug 
66288,360,34,3,2012-1,12-03-2012, Bug 
68090,360,34,9,2012-2,22-05-2012, Bug 
69287,360,34,2,2012-2,28-06-2012, Feature 
79256,360,34,2,2013-2,03-06-2013, Bug 
62188,360,35,3,2011-4,06-11-2011, Bug 
79150,360,35,2,2013-2,29-05-2013, Bug 
56882,360,36,3,2011-2,26-04-2011, Bug 
56928,360,36,12,2011-2,15-04-2011, Bug 
64672,360,36,7,2012-1,25-01-2012, Feature 
69026,360,36,1,2012-2,19-06-2012, Bug 
69342,360,36,1,2012-2,28-06-2012, Feature 
79430,360,36,6,2013-2,06-06-2013, Bug 
79626,360,36,1,2013-2,12-06-2013, Bug 
56987,360,37,6,2011-2,20-04-2011, Feature 
71227,360,37,1,2012-3,13-09-2012, Feature 
69247,360,38,1,2012-2,26-06-2012, Bug 
69252,360,38,3,2012-2,27-06-2012, Bug 
79284,360,38,1,2013-2,03-06-2013, Bug 
79307,360,38,1,2013-2,03-06-2013, Bug 
79460,360,38,2,2013-2,07-06-2013, Feature 
80864,360,38,1,2013-3,30-07-2013, Bug 
64518,360,39,6,2012-1,20-01-2012, Bug 
69197,360,39,4,2012-2,25-06-2012, Bug 
69374,360,39,1,2012-2,29-06-2012, Feature 
61634,360,40,2,2011-4,03-11-2011, Bug 
61875,360,40,8,2011-4,28-10-2011, Bug 
62075,360,40,2,2011-4,04-11-2011, Bug 
62093,360,40,1,2011-4,03-11-2011, Bug 
62184,360,40,4,2011-4,06-11-2011, Bug 
62932,360,40,4,2012-1,20-03-2012, Bug 
68375,360,40,10,2012-2,08-06-2012, Bug 
69166,360,40,2,2012-2,26-06-2012, Bug 
74404,360,40,2,2012-4,17-12-2012, Bug 
79192,360,40,1,2013-2,30-05-2013, Bug 
79323,360,40,2,2013-2,04-06-2013, Bug 
79465,360,40,3,2013-2,07-06-2013, Bug 
61849,360,41,4,2011-4,27-10-2011, Bug 
69382,360,41,1,2012-2,29-06-2012, Feature 
79572,360,41,1,2013-2,11-06-2013, Feature 
57206,360,42,1,2011-2,03-05-2011, Feature 
64412,360,42,7,2012-1,17-01-2012, Feature 
72292,360,42,1,2012-4,12-10-2012, Feature 
79479,360,42,3,2013-2,08-06-2013, Bug 
56851,360,43,2,2011-2,14-04-2011, Bug 
57154,360,43,3,2011-2,01-05-2011, Feature 
61797,360,43,7,2011-4,28-10-2011, Bug 
62069,360,43,2,2011-4,02-11-2011, Bug 
78887,360,43,2,2013-2,06-06-2013, Feature 
79457,360,43,4,2013-2,07-06-2013, Bug 
61530,360,44,14,2011-4,26-10-2011, Feature 
62079,360,44,1,2011-4,03-11-2011, Bug 
62211,360,44,2,2011-4,07-11-2011, Bug 
69141,360,44,1,2012-2,22-06-2012, Feature 
56890,360,45,5,2011-2,14-04-2011, Bug 
66373,360,45,1,2012-1,14-03-2012, Feature 
66390,360,45,1,2012-1,14-03-2012, Feature 
66394,360,45,1,2012-1,14-03-2012, Feature 
66395,360,45,1,2012-1,14-03-2012, Feature 
68748,360,45,8,2012-2,12-06-2012, Feature 
69366,360,45,4,2012-2,29-06-2012, Bug 
80798,360,45,2,2013-3,25-07-2013, Bug 
57017,360,46,1,2011-2,26-04-2011, Bug 
64779,360,47,7,2012-1,31-01-2012, Bug 
69014,360,47,1,2012-2,19-06-2012, Bug 
69285,360,47,2,2012-2,28-06-2012, Bug 
56012,360,48,8,2011-2,13-04-2011, Bug 
67627,360,48,1,2012-2,30-04-2012, Feature 
79199,360,48,4,2013-2,30-05-2013, Bug 
79304,360,48,1,2013-2,03-06-2013, Bug 
57060,360,49,2,2011-2,28-04-2011, Feature 
63134,360,49,11,2012-2,21-06-2012, Feature 
63883,360,49,4,2012-1,31-01-2012, Feature 
68894,360,49,6,2012-2,15-06-2012, Bug 
61013,360,50,2,2011-4,06-11-2011, Feature 
61639,360,50,2,2011-4,24-10-2011, Bug 
68758,360,50,6,2012-2,16-06-2012, Bug 
56001,360,51,3,2011-2,18-04-2011, Bug 
61910,360,51,8,2011-4,28-10-2011, Feature 
56880,360,52,5,2011-2,14-04-2011, Bug 
57080,360,52,3,2011-2,29-04-2011, Bug 
74326,360,52,2,2012-4,13-12-2012, Bug 
57284,360,53,1,2011-2,06-05-2011, Bug 
62251,360,53,2,2011-4,07-11-2011, Bug 
69474,360,53,1,2012-3,03-07-2012, Bug 
79240,360,53,5,2013-2,31-05-2013, Bug 
66070,360,54,8,2012-1,09-03-2012, Bug 
67534,360,54,1,2012-2,24-04-2012, Feature 
82087,360,54,13,2013-3,20-09-2013, Test Case 
64857,360,55,1,2012-1,01-02-2012, Bug 
56792,360,56,3,2011-2,12-04-2011, Bug 
57081,360,56,3,2011-2,29-04-2011, Bug 
57216,360,56,3,2011-2,03-05-2011, Bug 
61912,360,56,4,2011-4,29-10-2011, Bug 
64704,360,56,5,2012-1,25-01-2012, Bug 
62197,360,57,2,2011-4,06-11-2011, Bug 
65793,360,57,6,2012-1,02-03-2012, Bug 
67894,360,57,1,2012-2,15-05-2012, Feature 
83498,360,57,1,2013-4,14-11-2013, Bug 
64327,360,58,2,2012-1,16-01-2012, Bug 
27509,360,59,15,2010-4,03-11-2010, Bug 
64702,360,59,3,2012-1,25-01-2012, Bug 
70581,360,59,1,2012-3,23-08-2012, Feature 
71172,360,59,15,2012-3,10-09-2012, Bug 
71173,360,59,4,2012-3,22-09-2012, Bug 
79654,360,59,2,2013-2,13-06-2013, Bug 
68903,360,60,5,2012-2,15-06-2012, Bug 
79395,360,60,1,2013-2,05-06-2013, Bug 
69118,360,61,5,2012-2,21-06-2012, Bug 
61847,360,62,1,2011-4,02-11-2011, Bug 
64803,360,62,3,2012-1,31-01-2012, Bug 
71212,360,62,8,2012-3,11-09-2012, Bug 
73745,360,62,1,2012-4,29-11-2012, Feature 
56065,360,63,3,2011-2,12-04-2011, Bug 
62480,360,63,2,2011-4,14-11-2011, Bug 
64935,360,63,3,2012-1,06-02-2012, Bug 
66896,360,63,1,2012-1,28-03-2012, Bug 
55599,360,64,4,2011-2,11-04-2011, Bug 
62479,360,64,2,2011-4,14-11-2011, Bug 
68947,360,64,2,2012-2,19-06-2012, Bug 
74609,360,64,3,2012-4,21-12-2012, Bug 
62189,360,65,1,2011-4,05-11-2011, Bug 
77397,360,66,1,2013-2,02-04-2013, Bug 
64784,360,67,2,2012-1,31-01-2012, Bug 
64785,360,67,2,2012-1,31-01-2012, Bug 
68953,360,67,7,2012-2,18-06-2012, Bug 
69051,360,67,3,2012-2,20-06-2012, Bug 
74296,360,67,5,2012-4,12-12-2012, Feature 
79464,360,67,4,2013-2,07-06-2013, Bug 
79112,360,68,1,2013-2,30-05-2013, Bug 
57260,360,69,1,2011-2,05-05-2011, Bug 
61902,360,69,4,2011-4,28-10-2011, Bug 
64512,360,69,1,2012-1,19-01-2012, Bug 
71174,360,69,15,2012-3,10-09-2012, Bug 
71175,360,69,4,2012-3,22-09-2012, Bug 
83483,360,69,1,2013-4,14-11-2013, Bug 
69089,360,70,1,2012-2,20-06-2012, Bug 
56055,360,71,8,2011-2,11-04-2011, Bug 
69022,360,71,2,2012-2,19-06-2012, Bug 
61914,360,73,1,2011-4,02-11-2011, Bug 
57213,360,74,2,2011-2,03-05-2011, Bug 
64608,360,74,2,2012-1,25-01-2012, Bug 
55508,360,75,6,2011-2,07-04-2011, Bug 
70465,360,75,3,2012-3,21-08-2012, Feature 
69100,360,76,5,2012-2,21-06-2012, Bug 
69154,360,76,5,2012-2,22-06-2012, Bug 
62019,360,77,1,2011-4,05-11-2011, Bug 
65354,360,78,1,2012-1,15-02-2012, Bug 
62255,360,79,2,2011-4,07-11-2011, Bug 
64710,360,79,6,2012-1,26-01-2012, Bug 
64366,360,80,3,2012-1,16-01-2012, Bug 
56974,360,81,8,2011-2,19-04-2011, Bug 
68945,360,81,2,2012-2,18-06-2012, Bug 
65076,360,82,2,2012-1,15-02-2012, Bug 
69040,360,82,2,2012-2,19-06-2012, Bug 
57207,360,83,1,2011-2,03-05-2011, Bug 
64420,360,83,15,2012-1,18-01-2012, Bug 
68944,360,83,1,2012-2,18-06-2012, Bug 
64721,360,84,14,2012-1,15-02-2012, Bug 
64729,360,84,3,2012-1,15-02-2012, Bug 
79368,360,84,7,2013-2,05-06-2013, Bug 
61666,360,86,7,2011-4,21-10-2011, Feature 
64835,360,86,4,2012-1,31-01-2012, Bug 
61379,360,87,2,2011-4,06-11-2011, Bug 
67239,360,87,10,2012-2,23-06-2012, Feature 
68977,360,89,1,2012-2,18-06-2012, Bug 
68089,360,90,2,2012-2,19-06-2012, Bug 
69331,360,90,4,2012-2,28-06-2012, Feature 
69398,360,90,3,2012-2,30-06-2012, Bug 
82323,360,90,2,2013-4,01-10-2013, Bug 
68640,360,92,2,2012-2,19-06-2012, Bug 
69151,360,92,3,2012-2,22-06-2012, Bug 
78311,360,92,5,2013-2,02-05-2013, Bug 
62298,360,93,2,2011-4,08-11-2011, Bug 
65189,360,93,9,2012-1,16-02-2012, Bug 
61887,360,94,9,2011-4,27-10-2011, Bug 
62209,360,94,2,2011-4,06-11-2011, Bug 
