23502,Frontend,9,1,2010-3,20-09-2010, Bug 
23504,Frontend,199,7,2010-3,16-09-2010, Bug 
23506,Frontend,9,8,2010-3,21-09-2010, Bug 
23508,Frontend,14,12,2010-4,08-10-2010, Bug 
23509,Frontend,144,3,2010-3,21-09-2010, Bug 
23524,Frontend,78,14,2010-3,15-09-2010, Bug 
23526,Frontend,12,16,2010-3,22-09-2010, Bug 
23527,Frontend,4,6,2010-3,23-09-2010, Bug 
23535,Frontend,115,1,2011-2,13-04-2011, Feature 
23556,Frontend,0,1,2010-4,14-10-2010, Bug 
23557,Frontend,147,7,2010-4,15-10-2010, Feature 
23565,Frontend,16,6,2010-4,14-10-2010, Feature 
23929,Frontend,0,1,2011-4,02-12-2011, Bug 
23930,Frontend,0,1,2011-4,02-12-2011, Bug 
23974,Frontend,137,2,2010-3,20-09-2010, Feature 
24001,Frontend,0,1,2010-3,07-09-2010, Bug 
24003,Frontend,118,10,2010-3,08-09-2010, Bug 
24036,Frontend,11,1,2010-3,28-09-2010, Bug 
24084,Frontend,59,22,2010-4,07-10-2010, Feature 
24118,Frontend,517,20,2010-4,01-10-2010, Feature 
24119,Frontend,383,13,2010-3,22-09-2010, Feature 
24134,Frontend,16,6,2010-4,01-10-2010, Feature 
24149,Frontend,358,6,2010-3,10-09-2010, Bug 
24197,Frontend,79,8,2010-3,13-09-2010, Bug 
24308,Frontend,1,5,2010-3,15-09-2010, Bug 
24312,Frontend,197,5,2010-3,15-09-2010, Bug 
24315,Frontend,199,12,2010-3,17-09-2010, Feature 
24316,Frontend,246,13,2010-3,17-09-2010, Bug 
24332,Frontend,1072,17,2010-3,20-09-2010, Feature 
24333,Frontend,377,12,2010-3,23-09-2010, Feature 
24364,Frontend,96,19,2010-4,07-10-2010, Bug 
24379,Frontend,51,4,2010-3,16-09-2010, Bug 
24382,Frontend,377,14,2010-3,23-09-2010, Bug 
24415,Frontend,33,3,2010-3,17-09-2010, Bug 
24460,Frontend,43,12,2010-4,14-10-2010, Bug 
24501,Frontend,46,8,2010-3,21-09-2010, Bug 
24531,Frontend,0,1,2010-3,28-09-2010, Bug 
24538,Frontend,0,1,2010-3,29-09-2010, Feature 
24540,Frontend,377,8,2010-3,28-09-2010, Bug 
24547,Frontend,3,7,2010-3,28-09-2010, Bug 
24602,Frontend,0,5,2010-3,23-09-2010, Feature 
24663,Frontend,141,5,2010-3,24-09-2010, Feature 
24717,Frontend,0,3,2010-3,28-09-2010, Bug 
24735,Frontend,3,4,2010-3,27-09-2010, Bug 
24754,Frontend,0,1,2010-3,29-09-2010, Bug 
24771,Frontend,0,10,2010-3,28-09-2010, Bug 
24792,Frontend,377,6,2010-3,30-09-2010, Bug 
24793,Frontend,0,12,2010-3,30-09-2010, Bug 
24805,Frontend,129,1,2010-3,28-09-2010, Feature 
24819,Frontend,182,6,2010-4,01-10-2010, Bug 
24821,Frontend,0,10,2011-1,17-01-2011, Bug 
24848,Frontend,57,6,2010-4,06-10-2010, Feature 
24854,Frontend,377,6,2010-3,30-09-2010, Bug 
24859,Frontend,5,7,2010-3,29-09-2010, Bug 
24872,Frontend,182,3,2010-4,04-10-2010, Bug 
24882,Frontend,370,4,2010-4,18-10-2010, Feature 
24883,Frontend,56,21,2010-4,05-10-2010, Feature 
24895,Frontend,16,7,2010-3,30-09-2010, Feature 
24913,Frontend,13,4,2010-4,01-10-2010, Feature 
24915,Frontend,38,12,2010-4,14-10-2010, Feature 
24917,Frontend,0,3,2010-4,04-10-2010, Feature 
24922,Frontend,71,5,2010-4,07-10-2010, Feature 
24938,Frontend,0,5,2010-4,01-10-2010, Bug 
24948,Frontend,182,3,2010-4,04-10-2010, Bug 
24949,Frontend,0,3,2010-4,04-10-2010, Feature 
24950,Frontend,0,3,2010-4,05-10-2010, Feature 
24985,Frontend,135,8,2010-4,04-10-2010, Feature 
25008,Frontend,103,12,2010-4,08-10-2010, Bug 
25057,Frontend,25,2,2010-4,06-10-2010, Bug 
25094,Frontend,139,16,2010-4,28-10-2010, Bug 
25131,Frontend,977,6,2010-4,08-10-2010, Feature 
25168,Frontend,40,7,2010-4,12-10-2010, Bug 
25236,Frontend,96,7,2010-4,11-10-2010, Bug 
25270,Frontend,541,38,2010-4,13-10-2010, Feature 
25331,Frontend,653,1,2010-4,14-10-2010, Feature 
25334,Frontend,85,3,2010-4,18-10-2010, Feature 
25339,Frontend,6,8,2010-4,19-10-2010, Bug 
25360,Frontend,6,6,2010-4,11-11-2010, Bug 
25362,Frontend,3,8,2010-4,15-11-2010, Bug 
25363,Frontend,31,13,2010-4,21-10-2010, Bug 
25394,Frontend,295,9,2010-4,19-10-2010, Feature 
25428,Frontend,195,29,2010-4,20-10-2010, Bug 
25430,Frontend,0,3,2010-4,15-11-2010, Bug 
25456,Frontend,0,1,2010-4,19-10-2010, Bug 
25457,Frontend,0,1,2010-4,19-10-2010, Bug 
25462,Frontend,98,13,2010-4,20-10-2010, Feature 
25470,Frontend,6,12,2010-4,12-11-2010, Feature 
25484,Frontend,54,4,2010-4,30-11-2010, Bug 
25495,Frontend,98,5,2010-4,20-10-2010, Bug 
25496,Frontend,0,1,2010-4,25-10-2010, Bug 
25498,Frontend,106,8,2010-4,21-10-2010, Bug 
25500,Frontend,0,2,2010-4,27-10-2010, Bug 
25505,Frontend,0,15,2010-4,21-10-2010, Feature 
25528,Frontend,0,1,2010-4,25-10-2010, Bug 
25537,Frontend,0,1,2010-4,15-11-2010, Bug 
25543,Frontend,11,5,2010-4,25-10-2010, Bug 
25558,Frontend,58,1,2010-4,01-11-2010, Bug 
25560,Frontend,12,17,2010-4,22-10-2010, Bug 
25600,Frontend,2,2,2010-4,25-10-2010, Feature 
25601,Frontend,0,1,2010-4,25-10-2010, Bug 
25603,Frontend,0,1,2013-1,19-02-2013, Bug 
25644,Frontend,863,3,2013-1,19-02-2013, Bug 
25896,Frontend,126,2,2010-4,26-10-2010, Bug 
25902,Frontend,23,28,2010-4,08-12-2010, Bug 
26090,Frontend,7,7,2010-4,27-10-2010, Bug 
26097,Frontend,216,2,2010-4,27-10-2010, Feature 
26190,Frontend,33,8,2010-4,27-10-2010, Feature 
26296,Frontend,2,2,2010-4,28-10-2010, Bug 
26404,Frontend,537,7,2010-4,28-10-2010, Feature 
26548,Frontend,0,1,2010-4,29-10-2010, Bug 
26549,Frontend,0,1,2010-4,29-10-2010, Bug 
26551,Frontend,0,1,2010-4,08-11-2010, Bug 
26643,Frontend,0,1,2010-4,04-11-2010, Bug 
26659,Frontend,34,3,2010-4,02-11-2010, Bug 
26969,Frontend,40,1,2010-4,01-11-2010, Feature 
26988,Frontend,0,1,2013-1,19-02-2013, Bug 
27008,Frontend,0,1,2010-4,22-11-2010, Bug 
27044,Frontend,27,1,2010-4,01-11-2010, Bug 
27165,Frontend,18,9,2010-4,03-11-2010, Bug 
27187,Frontend,24,23,2010-4,04-11-2010, Feature 
27334,Frontend,0,5,2010-4,04-11-2010, Bug 
27335,Frontend,28,6,2010-4,04-11-2010, Bug 
27362,Frontend,119,24,2010-4,10-11-2010, Bug 
27393,Frontend,7,5,2010-4,04-11-2010, Bug 
27607,Frontend,0,1,2010-4,04-11-2010, Bug 
27609,Frontend,0,1,2010-4,04-11-2010, Bug 
27668,Frontend,311,4,2010-4,04-11-2010, Feature 
28284,Frontend,0,1,2010-4,08-11-2010, Bug 
28295,Frontend,661,57,2010-4,08-11-2010, Feature 
28296,Frontend,0,2,2010-4,08-11-2010, Bug 
28375,Frontend,1433,60,2010-4,08-11-2010, Feature 
28526,Frontend,0,3,2010-4,09-11-2010, Bug 
28527,Frontend,0,3,2010-4,09-11-2010, Bug 
28552,Frontend,0,1,2010-4,09-11-2010, Bug 
28559,Frontend,0,1,2010-4,09-11-2010, Bug 
28560,Frontend,0,1,2010-4,09-11-2010, Bug 
28561,Frontend,0,1,2010-4,09-11-2010, Bug 
28564,Frontend,16,1,2010-4,09-11-2010, Bug 
28621,Frontend,9,8,2010-4,09-11-2010, Bug 
28747,Frontend,0,1,2010-4,10-11-2010, Bug 
28748,Frontend,0,1,2010-4,10-11-2010, Bug 
28750,Frontend,664,10,2010-4,10-11-2010, Feature 
29008,Frontend,0,1,2010-4,23-11-2010, Bug 
29009,Frontend,6,6,2010-4,17-11-2010, Bug 
29010,Frontend,0,1,2010-4,22-11-2010, Bug 
29087,Frontend,2,43,2010-4,07-12-2010, Bug 
29286,Frontend,0,3,2010-4,12-11-2010, Feature 
29316,Frontend,210,5,2010-4,12-11-2010, Bug 
29319,Frontend,0,4,2010-4,19-11-2010, Bug 
29371,Frontend,588,4,2010-4,16-11-2010, Feature 
29373,Frontend,595,2,2010-4,16-11-2010, Feature 
29374,Frontend,12,5,2010-4,19-11-2010, Bug 
29939,Frontend,260,15,2010-4,19-11-2010, Feature 
29940,Frontend,862,18,2010-4,16-11-2010, Feature 
29942,Frontend,145,4,2010-4,16-11-2010, Feature 
30310,Frontend,0,28,2011-1,06-01-2011, Feature 
30311,Frontend,122,15,2010-4,22-12-2010, Feature 
30312,Frontend,471,8,2010-4,02-12-2010, Feature 
30315,Frontend,0,15,2010-4,22-12-2010, Feature 
30316,Frontend,664,29,2010-4,16-12-2010, Feature 
30317,Frontend,0,1,2010-4,09-12-2010, Feature 
30318,Frontend,75,1,2010-4,09-12-2010, Feature 
30358,Frontend,0,5,2010-4,18-11-2010, Bug 
30650,Frontend,27,50,2011-2,06-04-2011, Feature 
30871,Frontend,131,9,2010-4,25-11-2010, Feature 
30879,Frontend,0,1,2010-4,09-12-2010, Feature 
30939,Frontend,109,4,2010-4,06-12-2010, Bug 
31037,Frontend,4,2,2010-4,23-11-2010, Bug 
31106,Frontend,550,9,2010-4,24-11-2010, Bug 
31239,Frontend,45,30,2010-4,06-12-2010, Bug 
31381,Frontend,4308,58,2011-1,10-01-2011, Feature 
31607,Frontend,13,1,2010-4,30-11-2010, Feature 
31889,Frontend,24,25,2010-4,07-12-2010, Bug 
32109,Frontend,63,1,2010-4,30-11-2010, Feature 
32148,Frontend,15,1,2010-4,30-11-2010, Bug 
32298,Frontend,21,2,2010-4,01-12-2010, Bug 
32366,Frontend,11,2,2010-4,01-12-2010, Feature 
32535,Frontend,11,7,2010-4,02-12-2010, Feature 
32627,Frontend,55,3,2010-4,03-12-2010, Feature 
33267,Frontend,12,1,2010-4,09-12-2010, Bug 
33561,Frontend,3,13,2010-4,09-12-2010, Bug 
33594,Frontend,1095,61,2010-4,10-12-2010, Feature 
33595,Frontend,32,26,2010-4,09-12-2010, Feature 
33739,Frontend,21,23,2010-4,13-12-2010, Bug 
34094,Frontend,0,1,2010-4,14-12-2010, Feature 
34587,Frontend,853,6,2010-4,16-12-2010, Bug 
34927,Frontend,265,78,2010-4,21-12-2010, Feature 
35200,Frontend,0,2,2011-3,12-07-2011, Bug 
35206,Frontend,0,42,2011-2,31-05-2011, Bug 
35323,Frontend,0,2,2011-3,07-07-2011, Bug 
36186,Frontend,538,70,2010-4,29-12-2010, Feature 
37051,Frontend,0,56,2012-4,17-10-2012, Bug 
37069,Frontend,42,8,2011-1,03-01-2011, Bug 
37078,Frontend,0,1,2011-1,03-01-2011, Bug 
37213,Frontend,0,2,2011-1,05-01-2011, Bug 
37219,Frontend,56,1,2011-1,06-01-2011, Bug 
37257,Frontend,7,4,2011-1,04-01-2011, Bug 
37258,Frontend,7,4,2011-1,04-01-2011, Bug 
37677,Frontend,109,11,2011-1,11-01-2011, Bug 
37862,Frontend,25,10,2011-2,27-05-2011, Feature 
38375,Frontend,57,2,2011-1,10-01-2011, Feature 
38376,Frontend,0,2,2011-1,10-01-2011, Bug 
38378,Frontend,59,14,2011-1,10-01-2011, Feature 
38452,Frontend,41,1,2011-1,10-01-2011, Bug 
38857,Frontend,0,3,2011-1,12-01-2011, Feature 
39235,Frontend,0,31,2011-1,14-01-2011, Feature 
39295,Frontend,32,15,2011-1,18-01-2011, Bug 
39296,Frontend,14,151,2011-1,18-01-2011, Bug 
39763,Frontend,0,10,2011-1,17-01-2011, Bug 
39952,Frontend,0,1,2011-2,31-05-2011, Feature 
40618,Frontend,15,4,2011-1,21-01-2011, Feature 
41192,Frontend,25,2,2011-1,24-01-2011, Bug 
41927,Frontend,30,15,2011-1,31-01-2011, Feature 
41929,Frontend,0,12,2011-1,03-02-2011, Feature 
41931,Frontend,0,7,2011-1,08-02-2011, Feature 
41952,Frontend,69,6,2011-1,01-02-2011, Feature 
42416,Frontend,1555,158,2011-1,31-01-2011, Feature 
42425,Frontend,0,14,2011-1,01-02-2011, Feature 
42427,Frontend,320,12,2011-1,14-02-2011, Feature 
42435,Frontend,375,75,2011-1,15-02-2011, Feature 
42578,Frontend,423,22,2011-2,19-04-2011, Feature 
42614,Frontend,65,2,2011-1,23-03-2011, Bug 
42634,Frontend,115,1,2011-2,13-04-2011, Feature 
42641,Frontend,3,434,2011-4,05-11-2011, Bug 
42670,Frontend,74,92,2011-1,08-02-2011, Feature 
42798,Frontend,6,5,2011-2,26-05-2011, Feature 
43285,Frontend,0,1,2013-1,16-01-2013, Bug 
43810,Frontend,252,93,2011-1,07-02-2011, Feature 
44078,Frontend,2602,79,2011-1,11-02-2011, Feature 
44100,Frontend,0,1,2011-2,10-05-2011, Feature 
44315,Frontend,85,17,2011-1,09-02-2011, Feature 
44591,Frontend,0,2,2011-3,07-07-2011, Bug 
44863,Frontend,35917,6,2011-1,03-03-2011, Feature 
44864,Frontend,81,4,2011-2,30-04-2011, Feature 
44867,Frontend,0,4,2011-1,14-02-2011, Feature 
44927,Frontend,64,11,2011-1,15-02-2011, Feature 
44941,Frontend,123,5,2011-1,21-02-2011, Feature 
45061,Frontend,2998,8,2011-1,15-02-2011, Feature 
45096,Frontend,520,16,2011-1,16-02-2011, Feature 
45182,Frontend,134,3,2011-1,17-02-2011, Feature 
45333,Frontend,737,40,2011-1,28-02-2011, Feature 
45813,Frontend,50,8,2011-1,18-02-2011, Feature 
45816,Frontend,106,52,2011-1,10-03-2011, Feature 
45820,Frontend,0,4,2011-1,28-02-2011, Feature 
46346,Frontend,60,1,2011-1,22-02-2011, Feature 
46508,Frontend,181,15,2011-1,22-02-2011, Feature 
46755,Frontend,120,3,2011-1,23-02-2011, Feature 
46817,Frontend,87,13,2011-1,23-02-2011, Feature 
46930,Frontend,572,13,2011-1,24-02-2011, Feature 
46966,Frontend,460,66,2011-1,24-02-2011, Feature 
47804,Frontend,0,1,2011-4,05-11-2011, Bug 
48412,Frontend,76,2,2011-1,03-03-2011, Feature 
48474,Frontend,0,8,2011-1,07-03-2011, Bug 
48638,Frontend,305,58,2011-1,04-03-2011, Feature 
48664,Frontend,121,1,2011-1,04-03-2011, Bug 
48680,Frontend,140,53,2011-1,08-03-2011, Feature 
48683,Frontend,0,37,2011-2,10-05-2011, Bug 
48685,Frontend,0,1,2013-1,14-02-2013, Bug 
48689,Frontend,15,78,2011-1,09-03-2011, Bug 
48691,Frontend,31,16,2011-1,08-03-2011, Bug 
49149,Frontend,1889,24,2011-1,07-03-2011, Feature 
49150,Frontend,0,10,2011-1,28-03-2011, Feature 
49151,Frontend,238,14,2011-2,09-05-2011, Feature 
49228,Frontend,0,45,2011-4,18-10-2011, Bug 
49393,Frontend,0,92,2011-1,08-03-2011, Feature 
49404,Frontend,43,8,2011-3,17-08-2011, Feature 
49461,Frontend,14,12,2011-1,09-03-2011, Feature 
49611,Frontend,0,1,2011-1,09-03-2011, Feature 
49613,Frontend,3,39,2011-1,23-03-2011, Feature 
50001,Frontend,620,20,2011-1,11-03-2011, Feature 
50614,Frontend,300,2,2011-1,17-03-2011, Feature 
50615,Frontend,0,2,2011-1,17-03-2011, Feature 
50616,Frontend,0,3,2011-1,28-03-2011, Bug 
50858,Frontend,13,10,2011-2,02-05-2011, Feature 
50863,Frontend,131,4,2011-1,17-03-2011, Feature 
51471,Frontend,179,50,2011-2,06-04-2011, Bug 
51472,Frontend,91,50,2011-2,06-04-2011, Bug 
51476,Frontend,179,50,2011-2,06-04-2011, Bug 
51486,Frontend,188,50,2011-2,06-04-2011, Bug 
51487,Frontend,0,10,2011-1,18-03-2011, Bug 
51804,Frontend,2,18,2011-1,20-03-2011, Bug 
51805,Frontend,11,41,2011-1,20-03-2011, Bug 
52089,Frontend,179,50,2011-2,06-04-2011, Bug 
52308,Frontend,217,48,2012-1,10-03-2012, Bug 
52323,Frontend,36,43,2011-2,13-04-2011, Bug 
53472,Frontend,10,7,2013-1,15-02-2013, Bug 
53480,Frontend,47,51,2012-1,21-03-2012, Feature 
53952,Frontend,0,4,2011-2,27-04-2011, Bug 
54226,Frontend,98,4,2011-1,31-03-2011, Bug 
55236,Frontend,0,26,2011-2,05-04-2011, Bug 
55983,Frontend,35956,49,2011-2,08-04-2011, Bug 
56975,Frontend,22,9,2011-2,02-05-2011, Feature 
56986,Frontend,0,1,2011-2,10-05-2011, Bug 
57010,Frontend,35,5,2011-2,26-04-2011, Bug 
57018,Frontend,72,13,2011-2,27-04-2011, Feature 
57156,Frontend,28,5,2011-2,05-05-2011, Feature 
57158,Frontend,345,20,2011-2,04-05-2011, Feature 
57159,Frontend,5,9,2011-2,02-05-2011, Feature 
57161,Frontend,4,17,2011-2,10-05-2011, Feature 
57162,Frontend,0,2,2011-2,05-05-2011, Feature 
57164,Frontend,1,2,2011-2,02-05-2011, Feature 
57196,Frontend,420,1,2011-2,03-05-2011, Feature 
57217,Frontend,149,5,2011-2,05-05-2011, Feature 
57220,Frontend,245,23,2011-2,04-05-2011, Bug 
57223,Frontend,0,1,2011-2,04-05-2011, Feature 
57228,Frontend,0,27,2011-2,05-05-2011, Feature 
57230,Frontend,0,1,2011-2,23-05-2011, Feature 
57275,Frontend,1173,13,2011-3,14-07-2011, Feature 
57277,Frontend,741,10,2011-2,06-06-2011, Feature 
57278,Frontend,0,6,2011-2,10-06-2011, Feature 
57279,Frontend,1147,20,2011-2,01-06-2011, Feature 
57282,Frontend,0,24,2011-2,23-05-2011, Bug 
57365,Frontend,0,11,2011-2,13-05-2011, Bug 
57382,Frontend,0,17,2011-2,10-05-2011, Bug 
57384,Frontend,2,4,2011-2,06-06-2011, Bug 
57497,Frontend,34,14,2011-2,13-05-2011, Bug 
57503,Frontend,267,12,2011-2,13-05-2011, Feature 
57534,Frontend,70,7,2011-2,16-05-2011, Bug 
57535,Frontend,0,9,2011-2,16-05-2011, Bug 
57596,Frontend,426,1,2011-2,19-05-2011, Feature 
57597,Frontend,8,5,2011-2,19-05-2011, Feature 
57633,Frontend,52,2,2011-2,06-06-2011, Bug 
57641,Frontend,1,11,2011-2,07-06-2011, Bug 
57647,Frontend,17,10,2011-2,20-05-2011, Bug 
57650,Frontend,26,2,2011-2,25-05-2011, Bug 
57651,Frontend,46,3,2011-2,23-05-2011, Bug 
57652,Frontend,36,16,2011-2,25-05-2011, Bug 
57658,Frontend,6,2,2011-2,06-06-2011, Bug 
57669,Frontend,115,7,2011-2,31-05-2011, Feature 
57694,Frontend,0,1,2011-2,25-05-2011, Bug 
57711,Frontend,0,1,2011-2,15-06-2011, Bug 
57752,Frontend,34,43,2011-2,31-05-2011, Bug 
57762,Frontend,32,14,2011-2,26-05-2011, Bug 
57764,Frontend,17,2,2011-2,24-05-2011, Bug 
57765,Frontend,14,2,2011-2,24-05-2011, Bug 
57834,Frontend,72,49,2011-2,24-05-2011, Feature 
57845,Frontend,73,9,2012-4,27-11-2012, Bug 
57846,Frontend,8,1,2011-2,24-05-2011, Feature 
57879,Frontend,0,14,2011-2,26-05-2011, Bug 
57887,Frontend,34,9,2011-2,01-06-2011, Bug 
57892,Frontend,19,6,2011-2,26-05-2011, Feature 
57896,Frontend,0,14,2011-2,26-05-2011, Bug 
57897,Frontend,4,10,2011-2,30-05-2011, Bug 
57906,Frontend,29,14,2011-2,26-05-2011, Bug 
57907,Frontend,19,1,2011-2,27-05-2011, Bug 
57912,Frontend,0,10,2011-2,30-05-2011, Bug 
57913,Frontend,0,1,2011-2,30-05-2011, Bug 
57921,Frontend,0,10,2011-2,30-05-2011, Bug 
57949,Frontend,50,11,2011-2,27-05-2011, Feature 
57974,Frontend,71,17,2011-2,30-05-2011, Feature 
57975,Frontend,98,5,2011-2,16-06-2011, Feature 
57976,Frontend,0,7,2011-2,08-06-2011, Feature 
57977,Frontend,261,7,2011-2,08-06-2011, Feature 
58006,Frontend,0,519,2011-3,15-09-2011, Bug 
58011,Frontend,84,2,2011-2,16-06-2011, Bug 
58110,Frontend,99,15,2011-2,06-06-2011, Feature 
58171,Frontend,260,2,2011-2,06-06-2011, Feature 
58210,Frontend,69,29,2011-2,10-06-2011, Feature 
58219,Frontend,0,3,2011-3,06-07-2011, Feature 
58225,Frontend,114,29,2011-2,10-06-2011, Bug 
58304,Frontend,51,5,2011-2,10-06-2011, Bug 
58305,Frontend,173,12,2011-2,09-06-2011, Feature 
58308,Frontend,0,1,2011-2,14-06-2011, Bug 
58309,Frontend,9,1,2011-2,16-06-2011, Bug 
58311,Frontend,31,3,2011-2,11-06-2011, Bug 
58349,Frontend,2,15,2011-2,09-06-2011, Bug 
58395,Frontend,52,7,2011-2,13-06-2011, Bug 
58411,Frontend,1016,9,2011-2,15-06-2011, Feature 
58450,Frontend,0,1,2011-2,16-06-2011, Bug 
58451,Frontend,0,6,2011-3,29-07-2011, Bug 
58453,Frontend,0,2,2011-3,27-07-2011, Bug 
58454,Frontend,0,1,2011-2,20-06-2011, Bug 
58466,Frontend,6,1,2011-2,20-06-2011, Bug 
58483,Frontend,89,1,2011-2,15-06-2011, Bug 
58485,Frontend,10,1,2011-2,15-06-2011, Bug 
58486,Frontend,0,1,2011-2,15-06-2011, Bug 
58487,Frontend,22,2,2011-2,15-06-2011, Bug 
58490,Frontend,6,1,2011-2,15-06-2011, Bug 
58495,Frontend,28,2,2011-2,15-06-2011, Bug 
58506,Frontend,71,5,2011-2,16-06-2011, Bug 
58509,Frontend,279,1,2011-2,30-06-2011, Bug 
58510,Frontend,6,1,2011-2,30-06-2011, Bug 
58511,Frontend,104,1,2011-2,15-06-2011, Bug 
58512,Frontend,21,1,2011-2,15-06-2011, Bug 
58513,Frontend,6,1,2011-2,30-06-2011, Bug 
58519,Frontend,5,1,2011-2,16-06-2011, Bug 
58520,Frontend,5,1,2011-2,15-06-2011, Bug 
58523,Frontend,0,544,2011-3,22-08-2011, Bug 
58535,Frontend,0,1,2013-1,15-01-2013, Bug 
58538,Frontend,109,22,2011-2,16-06-2011, Bug 
58546,Frontend,10,1,2011-2,16-06-2011, Bug 
58620,Frontend,2,1,2011-2,17-06-2011, Bug 
58621,Frontend,105,4,2011-2,20-06-2011, Feature 
58664,Frontend,16,1,2011-2,17-06-2011, Bug 
58665,Frontend,78,7,2011-2,17-06-2011, Bug 
58667,Frontend,12,3,2011-2,17-06-2011, Bug 
58675,Frontend,4,1,2011-2,17-06-2011, Bug 
58678,Frontend,5,3,2011-2,17-06-2011, Bug 
58680,Frontend,5,3,2011-3,27-07-2011, Bug 
58685,Frontend,11,3,2011-2,17-06-2011, Bug 
58702,Frontend,14,1,2011-2,20-06-2011, Feature 
58703,Frontend,6,1,2011-2,20-06-2011, Feature 
58714,Frontend,6,1,2011-2,30-06-2011, Bug 
58716,Frontend,6,1,2011-2,30-06-2011, Bug 
58722,Frontend,57,18,2011-2,20-06-2011, Bug 
58738,Frontend,6,1,2011-2,30-06-2011, Bug 
58853,Frontend,111,7,2011-2,22-06-2011, Feature 
58854,Frontend,87,16,2011-2,22-06-2011, Feature 
58868,Frontend,1958,16,2011-2,23-06-2011, Feature 
58870,Frontend,2,1,2011-2,23-06-2011, Bug 
58871,Frontend,0,16,2011-2,27-06-2011, Feature 
58941,Frontend,26,15,2011-2,24-06-2011, Bug 
58942,Frontend,52,15,2011-2,24-06-2011, Bug 
58963,Frontend,0,2,2011-2,27-06-2011, Feature 
58964,Frontend,1664,2,2011-2,27-06-2011, Feature 
58968,Frontend,2,2,2011-2,27-06-2011, Bug 
59017,Frontend,1445,133,2011-3,01-07-2011, Feature 
59047,Frontend,7216,55,2011-2,28-06-2011, Feature 
59068,Frontend,0,13,2011-2,29-06-2011, Bug 
59069,Frontend,39,13,2011-2,29-06-2011, Bug 
59070,Frontend,39,13,2011-2,29-06-2011, Bug 
59105,Frontend,397,111,2011-3,22-07-2011, Feature 
59106,Frontend,201,76,2011-3,01-07-2011, Feature 
59107,Frontend,6984,184,2011-3,12-09-2011, Feature 
59176,Frontend,407,23,2011-3,16-08-2011, Feature 
59177,Frontend,202,56,2011-3,12-07-2011, Feature 
59211,Frontend,0,3,2011-3,06-07-2011, Bug 
59212,Frontend,0,2,2011-3,12-07-2011, Bug 
59213,Frontend,0,2,2011-3,12-07-2011, Bug 
59241,Frontend,100,6,2013-1,16-02-2013, Bug 
59272,Frontend,0,8,2011-3,25-07-2011, Bug 
59273,Frontend,0,3,2011-3,27-07-2011, Bug 
59348,Frontend,189,56,2011-3,12-07-2011, Feature 
59351,Frontend,33,8,2011-3,13-07-2011, Bug 
59384,Frontend,0,5,2011-3,21-07-2011, Bug 
59385,Frontend,0,5,2011-3,21-07-2011, Bug 
59386,Frontend,0,1,2011-3,12-08-2011, Bug 
59387,Frontend,0,22,2011-3,01-08-2011, Bug 
59388,Frontend,0,21,2011-3,02-08-2011, Bug 
59389,Frontend,0,14,2011-3,09-08-2011, Bug 
59391,Frontend,0,1,2011-3,12-08-2011, Bug 
59392,Frontend,0,2,2011-3,08-08-2011, Bug 
59393,Frontend,0,11,2011-3,12-08-2011, Bug 
59394,Frontend,0,25,2011-3,12-08-2011, Bug 
59419,Frontend,259,12,2011-3,14-07-2011, Feature 
59427,Frontend,0,6,2011-3,20-07-2011, Bug 
59429,Frontend,0,2,2011-3,14-07-2011, Feature 
59464,Frontend,0,5,2011-3,15-07-2011, Bug 
59467,Frontend,0,1,2011-3,02-09-2011, Feature 
59480,Frontend,149,79,2011-3,18-07-2011, Feature 
59491,Frontend,0,1,2011-3,28-07-2011, Bug 
59518,Frontend,11,8,2011-3,20-07-2011, Feature 
59525,Frontend,522,33,2011-3,20-07-2011, Feature 
59527,Frontend,0,8,2011-3,20-07-2011, Bug 
59531,Frontend,54,8,2011-3,20-07-2011, Feature 
59544,Frontend,12,1,2011-3,28-07-2011, Bug 
59548,Frontend,5650,31,2011-3,22-07-2011, Feature 
59569,Frontend,18,2,2011-3,27-07-2011, Bug 
59570,Frontend,0,2,2011-3,27-07-2011, Bug 
59571,Frontend,10,2,2011-3,27-07-2011, Bug 
59572,Frontend,0,2,2011-3,27-07-2011, Bug 
59573,Frontend,164,2,2011-3,26-07-2011, Bug 
59581,Frontend,35,3,2011-3,27-07-2011, Bug 
59592,Frontend,364,2,2011-3,28-07-2011, Bug 
59612,Frontend,221,25,2011-3,29-07-2011, Feature 
59619,Frontend,0,5,2011-3,01-08-2011, Bug 
59620,Frontend,20,4,2011-3,01-08-2011, Bug 
59621,Frontend,2,2,2011-3,01-08-2011, Bug 
59623,Frontend,9,3,2011-3,01-08-2011, Bug 
59624,Frontend,0,3,2011-3,01-08-2011, Bug 
59636,Frontend,764,44,2011-3,01-08-2011, Feature 
59669,Frontend,0,4,2011-3,05-08-2011, Bug 
59670,Frontend,9,4,2011-3,05-08-2011, Bug 
59680,Frontend,14,30,2011-3,04-08-2011, Feature 
59683,Frontend,986,42,2011-3,04-08-2011, Feature 
59706,Frontend,17,4,2011-3,05-08-2011, Bug 
59723,Frontend,51,31,2011-3,08-08-2011, Feature 
59752,Frontend,250,4,2011-3,08-08-2011, Feature 
59773,Frontend,0,6,2011-3,02-09-2011, Bug 
59777,Frontend,90,13,2011-3,09-08-2011, Bug 
59946,Frontend,535,4,2011-3,02-09-2011, Feature 
59952,Frontend,5203,21,2011-3,20-09-2011, Feature 
59991,Frontend,0,3,2011-3,23-08-2011, Bug 
60044,Frontend,20,3,2011-3,05-09-2011, Feature 
60045,Frontend,27,6,2011-3,02-09-2011, Feature 
60046,Frontend,0,6,2011-3,09-09-2011, Feature 
60047,Frontend,341,4,2011-3,02-09-2011, Feature 
60048,Frontend,1593,1,2012-1,23-01-2012, Feature 
60049,Frontend,70,9,2011-3,08-09-2011, Feature 
60051,Frontend,0,5,2011-3,02-09-2011, Feature 
60052,Frontend,0,6,2011-3,02-09-2011, Feature 
60117,Frontend,69,11,2011-3,26-08-2011, Feature 
60118,Frontend,2,11,2011-3,26-08-2011, Bug 
60126,Frontend,0,4,2011-4,07-10-2011, Bug 
60138,Frontend,2,37,2011-3,29-08-2011, Bug 
60143,Frontend,0,2,2011-3,15-09-2011, Feature 
60146,Frontend,552,7,2011-3,06-09-2011, Bug 
60179,Frontend,42,16,2011-3,30-08-2011, Feature 
60198,Frontend,0,7,2011-3,08-09-2011, Bug 
60228,Frontend,25,34,2011-3,31-08-2011, Bug 
60239,Frontend,0,4,2011-4,07-10-2011, Bug 
60289,Frontend,111,2,2011-3,08-09-2011, Feature 
60290,Frontend,343,23,2011-4,11-10-2011, Feature 
60292,Frontend,122,2,2011-3,05-09-2011, Feature 
60293,Frontend,84,3,2011-3,05-09-2011, Feature 
60294,Frontend,37,3,2011-3,05-09-2011, Feature 
60295,Frontend,505,16,2011-3,07-09-2011, Feature 
60296,Frontend,13,5,2011-3,12-09-2011, Feature 
60297,Frontend,58,24,2011-3,07-09-2011, Feature 
60300,Frontend,65,20,2011-3,21-09-2011, Feature 
60301,Frontend,187,10,2011-3,13-09-2011, Feature 
60302,Frontend,14,8,2011-3,02-09-2011, Bug 
60303,Frontend,25,7,2011-3,08-09-2011, Feature 
60304,Frontend,102,3,2011-3,14-09-2011, Feature 
60305,Frontend,0,10,2011-3,12-09-2011, Feature 
60343,Frontend,103,11,2011-3,30-09-2011, Bug 
60347,Frontend,166,3,2011-3,07-09-2011, Bug 
60348,Frontend,186,4,2011-3,06-09-2011, Bug 
60349,Frontend,166,4,2011-3,06-09-2011, Bug 
60355,Frontend,70,7,2011-4,11-10-2011, Bug 
60375,Frontend,0,29,2011-3,12-09-2011, Feature 
60408,Frontend,39,1,2011-4,02-12-2011, Bug 
60425,Frontend,0,1,2011-3,07-09-2011, Bug 
60427,Frontend,0,1,2011-3,07-09-2011, Bug 
60428,Frontend,0,3,2011-3,07-09-2011, Bug 
60494,Frontend,229,4,2011-3,09-09-2011, Feature 
60505,Frontend,222,3,2011-3,09-09-2011, Bug 
60506,Frontend,90,22,2011-4,11-10-2011, Bug 
60509,Frontend,11,2,2011-3,21-09-2011, Bug 
60510,Frontend,191,5,2011-3,12-09-2011, Bug 
60513,Frontend,97,5,2011-3,12-09-2011, Bug 
60539,Frontend,12,3,2011-3,19-09-2011, Feature 
60542,Frontend,201,5,2011-3,12-09-2011, Feature 
60543,Frontend,2,5,2011-3,12-09-2011, Bug 
60553,Frontend,42,50,2011-3,13-09-2011, Feature 
60554,Frontend,7916,1,2013-1,23-01-2013, Feature 
60558,Frontend,46,8,2011-4,04-10-2011, Feature 
60574,Frontend,9,15,2011-3,20-09-2011, Feature 
60575,Frontend,25,22,2011-3,12-09-2011, Bug 
60674,Frontend,553,27,2011-3,15-09-2011, Bug 
60684,Frontend,221,6,2011-3,16-09-2011, Feature 
60730,Frontend,0,2,2011-3,21-09-2011, Bug 
60731,Frontend,0,2,2011-3,21-09-2011, Bug 
60732,Frontend,0,3,2011-3,19-09-2011, Bug 
60733,Frontend,0,2,2011-3,21-09-2011, Bug 
60734,Frontend,0,2,2011-3,21-09-2011, Bug 
60795,Frontend,0,2,2011-3,19-09-2011, Feature 
60818,Frontend,0,3,2011-3,20-09-2011, Bug 
60824,Frontend,0,2,2011-3,20-09-2011, Bug 
60835,Frontend,237,21,2011-3,20-09-2011, Feature 
60837,Frontend,0,9,2011-4,12-10-2011, Bug 
60858,Frontend,763,18,2011-3,22-09-2011, Feature 
60859,Frontend,476,26,2011-3,22-09-2011, Bug 
60903,Frontend,21,12,2011-3,22-09-2011, Bug 
60911,Frontend,10,6,2011-3,22-09-2011, Bug 
60915,Frontend,8,18,2011-3,23-09-2011, Bug 
60933,Frontend,156,9,2011-3,26-09-2011, Bug 
60953,Frontend,115,20,2011-3,28-09-2011, Bug 
60955,Frontend,43,14,2011-3,27-09-2011, Bug 
61025,Frontend,0,17,2011-3,27-09-2011, Feature 
61026,Frontend,56,8,2011-3,27-09-2011, Feature 
61031,Frontend,78,7,2011-3,27-09-2011, Bug 
61032,Frontend,5,3,2011-4,03-10-2011, Bug 
61033,Frontend,5,7,2011-3,27-09-2011, Bug 
61034,Frontend,0,10,2011-4,05-10-2011, Bug 
61071,Frontend,24,8,2011-3,28-09-2011, Bug 
61094,Frontend,41,9,2011-4,10-10-2011, Bug 
61107,Frontend,0,6,2011-3,30-09-2011, Feature 
61114,Frontend,0,8,2011-4,03-10-2011, Bug 
61115,Frontend,0,8,2011-4,03-10-2011, Bug 
61116,Frontend,36,1,2011-3,30-09-2011, Bug 
61129,Frontend,0,8,2011-4,06-10-2011, Bug 
61162,Frontend,21,17,2011-4,03-10-2011, Bug 
61228,Frontend,50,17,2011-4,05-10-2011, Feature 
61237,Frontend,52,4,2011-4,07-10-2011, Feature 
61252,Frontend,5,1,2011-4,02-12-2011, Bug 
61273,Frontend,3,7,2011-4,07-10-2011, Bug 
61274,Frontend,2,7,2011-4,07-10-2011, Bug 
61275,Frontend,2,8,2011-4,11-10-2011, Bug 
61276,Frontend,0,6,2011-4,07-10-2011, Bug 
61278,Frontend,0,6,2011-4,07-10-2011, Bug 
61407,Frontend,61,21,2011-4,13-10-2011, Feature 
61408,Frontend,27,16,2011-4,08-11-2011, Feature 
61409,Frontend,75,21,2011-4,18-10-2011, Feature 
61419,Frontend,0,5,2011-4,12-10-2011, Feature 
61422,Frontend,3,6,2011-4,12-10-2011, Bug 
61441,Frontend,2,5,2011-4,14-10-2011, Bug 
61442,Frontend,2,25,2011-4,14-10-2011, Bug 
61443,Frontend,9,4,2011-4,13-10-2011, Bug 
61444,Frontend,34,6,2011-4,14-10-2011, Bug 
61445,Frontend,33,8,2011-4,13-10-2011, Bug 
61449,Frontend,0,6,2011-4,14-10-2011, Bug 
61494,Frontend,13,6,2011-4,13-10-2011, Feature 
61506,Frontend,10,1,2011-4,02-12-2011, Bug 
61546,Frontend,652,24,2011-4,17-10-2011, Bug 
61553,Frontend,0,15,2011-4,24-10-2011, Bug 
61554,Frontend,0,1,2011-4,21-10-2011, Bug 
61555,Frontend,0,1,2011-4,07-11-2011, Bug 
61556,Frontend,0,1,2011-4,07-11-2011, Bug 
61557,Frontend,0,4,2011-4,18-10-2011, Bug 
61558,Frontend,0,1,2011-4,07-11-2011, Bug 
61559,Frontend,0,14,2011-4,20-10-2011, Bug 
61560,Frontend,0,1,2011-4,21-10-2011, Bug 
61561,Frontend,0,1,2011-4,03-11-2011, Bug 
61562,Frontend,0,1,2011-4,04-11-2011, Bug 
61563,Frontend,0,1,2011-4,04-11-2011, Bug 
61564,Frontend,0,1,2011-4,04-11-2011, Bug 
61565,Frontend,58,1,2011-4,03-11-2011, Bug 
61566,Frontend,0,1,2011-4,03-11-2011, Bug 
61567,Frontend,0,5,2011-4,03-11-2011, Bug 
61568,Frontend,19,13,2011-4,21-10-2011, Bug 
61569,Frontend,0,1,2011-4,03-11-2011, Bug 
61570,Frontend,0,1,2011-4,07-11-2011, Bug 
61571,Frontend,0,1,2011-4,03-11-2011, Bug 
61572,Frontend,0,1,2011-4,03-11-2011, Bug 
61573,Frontend,0,1,2011-4,03-11-2011, Bug 
61574,Frontend,0,1,2011-4,03-11-2011, Bug 
61575,Frontend,0,1,2011-4,03-11-2011, Bug 
61576,Frontend,0,1,2011-4,03-11-2011, Bug 
61577,Frontend,0,1,2011-4,03-11-2011, Bug 
61578,Frontend,0,1,2011-4,03-11-2011, Bug 
61580,Frontend,0,1,2011-4,03-11-2011, Bug 
61581,Frontend,0,1,2011-4,07-11-2011, Bug 
61582,Frontend,0,1,2011-4,21-10-2011, Bug 
61598,Frontend,12,8,2011-4,02-11-2011, Bug 
61599,Frontend,48,14,2011-4,20-10-2011, Bug 
61600,Frontend,0,1,2012-1,01-03-2012, Bug 
61625,Frontend,317,15,2011-4,18-10-2011, Feature 
61633,Frontend,33,2,2011-4,19-10-2011, Bug 
61635,Frontend,33,2,2011-4,19-10-2011, Bug 
61637,Frontend,33,2,2011-4,19-10-2011, Bug 
61647,Frontend,0,1,2011-4,19-10-2011, Bug 
61657,Frontend,5672,14,2011-4,19-10-2011, Feature 
61672,Frontend,0,8,2011-4,31-10-2011, Bug 
61674,Frontend,7,13,2011-4,20-10-2011, Bug 
61718,Frontend,2,9,2011-4,25-10-2011, Bug 
61719,Frontend,0,3,2011-4,31-10-2011, Feature 
61721,Frontend,28,12,2011-4,21-10-2011, Bug 
61722,Frontend,21,18,2011-4,21-10-2011, Bug 
61947,Frontend,2,2,2011-4,31-10-2011, Feature 
61948,Frontend,10,2,2011-4,31-10-2011, Feature 
61975,Frontend,136,8,2011-4,31-10-2011, Feature 
62004,Frontend,3,1,2011-4,01-11-2011, Bug 
62005,Frontend,7,1,2011-4,01-11-2011, Bug 
62026,Frontend,0,21,2011-4,02-11-2011, Feature 
62128,Frontend,14,3,2011-4,04-11-2011, Bug 
62222,Frontend,2,1,2011-4,07-11-2011, Bug 
62228,Frontend,279,46,2011-4,07-11-2011, Bug 
62270,Frontend,0,2,2011-4,08-11-2011, Bug 
62271,Frontend,0,2,2011-4,08-11-2011, Bug 
62289,Frontend,2,1,2012-1,01-03-2012, Bug 
62377,Frontend,675,25,2011-4,10-11-2011, Feature 
62378,Frontend,286,1,2012-1,01-03-2012, Feature 
62386,Frontend,1142,3,2012-1,24-01-2012, Bug 
62463,Frontend,9,18,2011-4,14-11-2011, Bug 
62467,Frontend,153,3,2012-1,24-01-2012, Bug 
62511,Frontend,44,16,2011-4,16-11-2011, Feature 
62566,Frontend,126,16,2011-4,15-11-2011, Bug 
62572,Frontend,5,9,2011-4,24-11-2011, Feature 
62622,Frontend,19,9,2011-4,23-11-2011, Bug 
62637,Frontend,54,16,2011-4,17-11-2011, Feature 
62683,Frontend,1239,62,2012-3,19-09-2012, Bug 
62714,Frontend,0,24,2011-4,21-11-2011, Bug 
62809,Frontend,0,15,2011-4,23-11-2011, Feature 
62814,Frontend,174,9,2012-1,04-01-2012, Feature 
62815,Frontend,85,8,2011-4,28-11-2011, Feature 
62816,Frontend,175,19,2011-4,02-12-2011, Feature 
62817,Frontend,561,19,2011-4,02-12-2011, Feature 
62818,Frontend,340,37,2011-4,07-12-2011, Feature 
62819,Frontend,23,13,2011-4,08-12-2011, Feature 
62820,Frontend,529,11,2011-4,25-11-2011, Feature 
62821,Frontend,393,11,2011-4,28-11-2011, Feature 
62822,Frontend,173,22,2011-4,22-12-2011, Feature 
62823,Frontend,57,2,2011-4,21-12-2011, Feature 
62824,Frontend,57,2,2011-4,21-12-2011, Feature 
62825,Frontend,57,2,2011-4,21-12-2011, Feature 
62826,Frontend,83,21,2011-4,28-12-2011, Feature 
62829,Frontend,60,2,2011-4,21-12-2011, Feature 
62851,Frontend,4,1,2011-4,21-12-2011, Feature 
62852,Frontend,0,1,2011-4,21-12-2011, Feature 
62853,Frontend,0,1,2011-4,21-12-2011, Feature 
62854,Frontend,0,1,2011-4,21-12-2011, Feature 
62858,Frontend,996,19,2011-4,01-12-2011, Feature 
62861,Frontend,0,1,2011-4,21-12-2011, Feature 
62862,Frontend,0,1,2011-4,21-12-2011, Feature 
62863,Frontend,0,1,2011-4,21-12-2011, Feature 
62867,Frontend,272,7,2012-1,10-01-2012, Feature 
62870,Frontend,0,50,2011-4,29-11-2011, Feature 
62871,Frontend,0,48,2011-4,01-12-2011, Feature 
62873,Frontend,0,14,2012-1,04-01-2012, Feature 
62874,Frontend,0,20,2012-1,04-01-2012, Feature 
62875,Frontend,0,36,2011-4,13-12-2011, Feature 
62901,Frontend,2,8,2011-4,24-11-2011, Bug 
62917,Frontend,40,14,2011-4,24-11-2011, Feature 
62922,Frontend,319,23,2011-4,29-11-2011, Feature 
62931,Frontend,24,7,2011-4,25-11-2011, Bug 
62974,Frontend,50,4,2011-4,28-11-2011, Feature 
62997,Frontend,116,1,2012-1,23-01-2012, Feature 
63024,Frontend,128,14,2011-4,29-11-2011, Bug 
63025,Frontend,118,14,2011-4,29-11-2011, Bug 
63048,Frontend,0,1,2011-4,14-12-2011, Bug 
63090,Frontend,0,4,2011-4,01-12-2011, Bug 
63113,Frontend,12,1,2012-1,23-01-2012, Feature 
63114,Frontend,0,7,2011-4,13-12-2011, Feature 
63117,Frontend,30,3,2012-1,27-01-2012, Bug 
63118,Frontend,0,7,2011-4,06-12-2011, Bug 
63119,Frontend,0,7,2011-4,06-12-2011, Bug 
63127,Frontend,5,3,2012-1,24-01-2012, Bug 
63140,Frontend,49,3,2012-1,24-01-2012, Bug 
63141,Frontend,0,11,2011-4,09-12-2011, Bug 
63142,Frontend,19,5,2011-4,05-12-2011, Bug 
63143,Frontend,0,11,2011-4,09-12-2011, Bug 
63144,Frontend,1,7,2011-4,02-12-2011, Bug 
63258,Frontend,14,37,2011-4,07-12-2011, Feature 
63261,Frontend,0,4,2012-1,18-02-2012, Bug 
63321,Frontend,21,15,2012-1,27-01-2012, Bug 
63356,Frontend,2,10,2011-4,09-12-2011, Bug 
63444,Frontend,0,6,2011-4,13-12-2011, Bug 
63453,Frontend,65,3,2012-1,10-01-2012, Feature 
63458,Frontend,16,8,2011-4,13-12-2011, Bug 
63459,Frontend,8,8,2011-4,13-12-2011, Feature 
63461,Frontend,0,22,2012-1,17-01-2012, Feature 
63462,Frontend,528,49,2012-1,17-01-2012, Feature 
63464,Frontend,0,14,2012-1,04-01-2012, Feature 
63470,Frontend,0,6,2012-1,27-01-2012, Bug 
63483,Frontend,12,1,2012-1,02-02-2012, Bug 
63561,Frontend,1272,24,2012-3,31-08-2012, Feature 
63579,Frontend,0,23,2011-4,19-12-2011, Bug 
63583,Frontend,1,3,2011-4,19-12-2011, Bug 
63641,Frontend,1,21,2011-4,20-12-2011, Bug 
63642,Frontend,8,23,2011-4,20-12-2011, Feature 
63646,Frontend,0,8,2012-1,10-01-2012, Bug 
63671,Frontend,0,10,2012-2,19-05-2012, Feature 
63679,Frontend,8,13,2011-4,20-12-2011, Feature 
63711,Frontend,0,19,2011-4,22-12-2011, Bug 
63715,Frontend,0,21,2011-4,22-12-2011, Bug 
63720,Frontend,0,7,2012-1,10-01-2012, Feature 
63754,Frontend,14,20,2011-4,28-12-2011, Feature 
63760,Frontend,66,5,2012-4,20-10-2012, Bug 
63845,Frontend,0,1,2013-1,08-02-2013, Bug 
63849,Frontend,887,35,2012-2,09-05-2012, Feature 
63962,Frontend,648,18,2012-1,18-02-2012, Bug 
63963,Frontend,525,9,2012-1,01-03-2012, Bug 
63985,Frontend,0,19,2012-1,04-01-2012, Feature 
64014,Frontend,0,1,2012-1,01-03-2012, Bug 
64098,Frontend,0,6,2012-1,27-01-2012, Bug 
64150,Frontend,81,7,2012-1,10-01-2012, Bug 
64151,Frontend,6,8,2012-1,10-01-2012, Feature 
64160,Frontend,98,7,2012-1,10-01-2012, Feature 
64268,Frontend,0,5,2012-1,12-01-2012, Bug 
64269,Frontend,0,5,2012-1,12-01-2012, Bug 
64270,Frontend,0,8,2012-1,16-01-2012, Bug 
64278,Frontend,0,16,2012-1,19-01-2012, Bug 
64279,Frontend,784,2,2012-1,16-01-2012, Bug 
64317,Frontend,0,11,2012-1,17-01-2012, Bug 
64320,Frontend,0,1,2012-1,17-01-2012, Bug 
64321,Frontend,78,1,2012-1,16-01-2012, Bug 
64329,Frontend,0,1,2012-1,25-01-2012, Bug 
64335,Frontend,0,7,2012-1,17-01-2012, Bug 
64336,Frontend,0,8,2012-1,20-01-2012, Bug 
64337,Frontend,0,1,2012-1,16-01-2012, Bug 
64338,Frontend,0,9,2012-1,19-01-2012, Bug 
64339,Frontend,0,1,2012-1,16-01-2012, Bug 
64340,Frontend,0,5,2012-1,20-01-2012, Bug 
64341,Frontend,0,8,2012-1,27-01-2012, Bug 
64342,Frontend,0,5,2012-1,20-01-2012, Bug 
64343,Frontend,0,3,2012-1,30-01-2012, Bug 
64344,Frontend,0,5,2012-1,20-01-2012, Bug 
64345,Frontend,0,3,2012-1,30-01-2012, Bug 
64346,Frontend,0,1,2012-1,03-02-2012, Bug 
64348,Frontend,0,1,2012-1,03-02-2012, Bug 
64351,Frontend,0,5,2012-1,20-01-2012, Bug 
64352,Frontend,0,3,2012-1,30-01-2012, Bug 
64353,Frontend,0,6,2012-1,04-02-2012, Bug 
64357,Frontend,0,1,2012-1,03-02-2012, Bug 
64358,Frontend,0,4,2012-1,27-01-2012, Bug 
64359,Frontend,0,4,2012-1,27-01-2012, Bug 
64390,Frontend,10,7,2012-1,17-01-2012, Bug 
64393,Frontend,143,6,2012-1,18-01-2012, Bug 
64395,Frontend,78,9,2012-1,26-01-2012, Feature 
64396,Frontend,149,12,2012-1,27-01-2012, Feature 
64397,Frontend,256,11,2012-1,23-01-2012, Feature 
64398,Frontend,107,11,2012-1,24-01-2012, Feature 
64399,Frontend,127,6,2012-1,18-01-2012, Feature 
64400,Frontend,127,1,2012-1,17-01-2012, Bug 
64409,Frontend,2,1,2012-1,18-01-2012, Bug 
64413,Frontend,0,1,2012-1,02-02-2012, Bug 
64422,Frontend,337,17,2012-1,17-01-2012, Feature 
64425,Frontend,0,10,2012-1,25-01-2012, Bug 
64476,Frontend,0,8,2012-1,19-01-2012, Bug 
64480,Frontend,19,1,2012-1,23-01-2012, Bug 
64504,Frontend,7,15,2012-1,19-01-2012, Bug 
64583,Frontend,475,12,2012-1,23-01-2012, Bug 
64584,Frontend,0,8,2012-1,24-02-2012, Bug 
64588,Frontend,0,7,2012-1,01-03-2012, Bug 
64590,Frontend,0,9,2012-1,24-01-2012, Bug 
64591,Frontend,76,27,2012-1,10-02-2012, Bug 
64593,Frontend,0,29,2012-1,08-02-2012, Bug 
64594,Frontend,0,10,2012-1,24-01-2012, Bug 
64595,Frontend,0,7,2012-1,01-03-2012, Bug 
64600,Frontend,337,12,2012-1,23-01-2012, Feature 
64601,Frontend,421,12,2012-1,23-01-2012, Feature 
64607,Frontend,0,1,2012-1,23-01-2012, Bug 
64629,Frontend,155,14,2012-1,25-01-2012, Bug 
64630,Frontend,75,4,2012-1,23-01-2012, Feature 
64632,Frontend,0,7,2012-1,04-02-2012, Bug 
64634,Frontend,120,2,2012-1,02-02-2012, Bug 
64635,Frontend,0,4,2012-1,31-01-2012, Bug 
64636,Frontend,0,9,2012-1,02-02-2012, Bug 
64677,Frontend,0,2,2012-1,02-02-2012, Feature 
64726,Frontend,0,5,2012-1,27-01-2012, Bug 
64735,Frontend,40,7,2012-1,27-01-2012, Bug 
64745,Frontend,272,2,2012-1,02-02-2012, Bug 
64832,Frontend,0,9,2012-1,02-02-2012, Bug 
64859,Frontend,101,40,2012-1,01-02-2012, Feature 
64874,Frontend,34,2,2012-1,02-02-2012, Bug 
64875,Frontend,15,2,2012-1,02-02-2012, Bug 
64876,Frontend,0,8,2012-1,02-02-2012, Feature 
64890,Frontend,32,5,2012-1,02-02-2012, Bug 
64898,Frontend,159,29,2012-1,02-02-2012, Feature 
64902,Frontend,0,8,2012-1,29-02-2012, Bug 
64903,Frontend,0,21,2012-1,04-02-2012, Bug 
64913,Frontend,0,1,2012-1,03-02-2012, Bug 
64916,Frontend,0,4,2012-1,04-02-2012, Bug 
64917,Frontend,0,13,2012-1,03-02-2012, Bug 
64931,Frontend,66,12,2012-1,04-02-2012, Bug 
64949,Frontend,27,6,2012-1,04-02-2012, Bug 
64950,Frontend,27,18,2012-1,06-02-2012, Bug 
64978,Frontend,212,7,2013-1,15-02-2013, Bug 
65010,Frontend,5,6,2012-1,10-02-2012, Bug 
65052,Frontend,0,8,2012-1,07-02-2012, Bug 
65053,Frontend,2,6,2012-1,10-02-2012, Bug 
65180,Frontend,0,2,2012-1,08-03-2012, Bug 
65185,Frontend,0,5,2012-2,07-04-2012, Bug 
65186,Frontend,6,1,2012-2,11-04-2012, Bug 
65187,Frontend,118,7,2013-1,11-01-2013, Bug 
65188,Frontend,0,8,2012-2,11-04-2012, Bug 
65203,Frontend,0,5,2012-1,10-02-2012, Feature 
65208,Frontend,157,14,2012-1,11-02-2012, Bug 
65209,Frontend,25,8,2012-1,24-02-2012, Bug 
65352,Frontend,0,19,2012-1,15-02-2012, Feature 
65400,Frontend,1,14,2012-1,18-02-2012, Bug 
65675,Frontend,0,13,2012-1,22-02-2012, Bug 
65680,Frontend,0,3,2012-1,07-03-2012, Bug 
65687,Frontend,0,8,2012-1,24-02-2012, Bug 
65688,Frontend,528,8,2012-1,24-02-2012, Bug 
65692,Frontend,0,8,2012-1,24-02-2012, Bug 
65693,Frontend,2,11,2012-1,23-02-2012, Bug 
65694,Frontend,0,8,2012-1,24-02-2012, Bug 
65704,Frontend,0,17,2012-1,24-02-2012, Bug 
65705,Frontend,0,54,2012-1,24-02-2012, Bug 
65709,Frontend,528,11,2012-1,24-02-2012, Bug 
65710,Frontend,0,8,2012-1,02-03-2012, Bug 
65712,Frontend,1,10,2012-1,24-02-2012, Bug 
65739,Frontend,43,7,2012-1,03-03-2012, Bug 
65741,Frontend,113,7,2012-1,01-03-2012, Bug 
65743,Frontend,59,11,2012-1,06-03-2012, Feature 
65746,Frontend,11,17,2012-1,12-03-2012, Bug 
65748,Frontend,0,13,2012-1,29-02-2012, Bug 
65781,Frontend,13,77,2012-2,13-06-2012, Feature 
65791,Frontend,0,2,2012-2,26-06-2012, Bug 
65805,Frontend,21,2,2012-1,29-02-2012, Bug 
65806,Frontend,21,2,2012-1,29-02-2012, Bug 
65807,Frontend,21,2,2012-1,29-02-2012, Bug 
65858,Frontend,10,1,2012-1,01-03-2012, Bug 
65860,Frontend,10,1,2012-1,01-03-2012, Bug 
65870,Frontend,10,6,2012-1,02-03-2012, Bug 
65873,Frontend,0,1,2012-2,19-06-2012, Bug 
65879,Frontend,181,16,2012-1,12-03-2012, Feature 
65880,Frontend,76,23,2012-1,21-03-2012, Bug 
65882,Frontend,201,30,2012-1,13-03-2012, Bug 
65889,Frontend,0,3,2012-1,07-03-2012, Bug 
65893,Frontend,1,3,2012-1,07-03-2012, Feature 
65994,Frontend,14,1,2012-1,05-03-2012, Feature 
65996,Frontend,146,6,2012-1,07-03-2012, Feature 
65997,Frontend,14,1,2012-1,05-03-2012, Feature 
65998,Frontend,146,6,2012-1,07-03-2012, Feature 
65999,Frontend,19,1,2012-1,05-03-2012, Feature 
66000,Frontend,12,6,2012-1,07-03-2012, Feature 
66001,Frontend,48,2,2012-1,05-03-2012, Bug 
66003,Frontend,0,3,2012-1,07-03-2012, Bug 
66005,Frontend,113,4,2012-1,06-03-2012, Bug 
66007,Frontend,69,22,2012-1,07-03-2012, Bug 
66018,Frontend,53,20,2012-2,05-05-2012, Feature 
66028,Frontend,8,3,2012-1,07-03-2012, Feature 
66029,Frontend,0,6,2012-1,07-03-2012, Feature 
66040,Frontend,174,41,2012-1,31-03-2012, Feature 
66081,Frontend,16,7,2012-1,07-03-2012, Feature 
66085,Frontend,0,4,2012-2,13-04-2012, Bug 
66087,Frontend,0,1,2013-1,16-01-2013, Bug 
66110,Frontend,48,62,2012-1,09-03-2012, Bug 
66111,Frontend,221,21,2012-1,08-03-2012, Bug 
66112,Frontend,42,20,2012-1,09-03-2012, Bug 
66115,Frontend,4,22,2012-1,22-03-2012, Bug 
66180,Frontend,133,8,2012-1,09-03-2012, Feature 
66211,Frontend,12,1,2012-1,09-03-2012, Bug 
66212,Frontend,38,4,2012-1,09-03-2012, Bug 
66236,Frontend,0,2,2012-1,12-03-2012, Bug 
66289,Frontend,0,3,2012-1,12-03-2012, Bug 
66309,Frontend,9,1,2012-1,12-03-2012, Bug 
66310,Frontend,0,1,2012-1,12-03-2012, Bug 
66317,Frontend,36,16,2012-1,13-03-2012, Bug 
66318,Frontend,0,2,2012-1,13-03-2012, Bug 
66319,Frontend,0,2,2012-1,13-03-2012, Bug 
66320,Frontend,42,4,2012-1,13-03-2012, Bug 
66328,Frontend,4,1,2012-1,13-03-2012, Bug 
66349,Frontend,0,13,2012-2,12-05-2012, Bug 
66350,Frontend,0,39,2012-2,12-05-2012, Bug 
66351,Frontend,121,15,2012-1,14-03-2012, Bug 
66363,Frontend,0,19,2012-1,24-03-2012, Bug 
66384,Frontend,539,44,2012-1,14-03-2012, Feature 
66385,Frontend,0,75,2012-2,21-06-2012, Feature 
66393,Frontend,14,36,2012-1,14-03-2012, Bug 
66457,Frontend,121,42,2012-1,17-03-2012, Bug 
66460,Frontend,597,19,2012-1,24-03-2012, Feature 
66461,Frontend,43,42,2012-1,16-03-2012, Feature 
66711,Frontend,0,9,2012-2,11-04-2012, Feature 
66716,Frontend,259,95,2012-2,14-04-2012, Feature 
66751,Frontend,0,16,2012-2,28-06-2012, Bug 
66772,Frontend,2,47,2012-2,12-04-2012, Bug 
66801,Frontend,543,70,2012-2,20-06-2012, Feature 
66869,Frontend,516,23,2012-2,17-04-2012, Feature 
66890,Frontend,106,16,2012-1,27-03-2012, Bug 
66944,Frontend,9,132,2012-2,11-04-2012, Feature 
66945,Frontend,440,141,2012-2,11-04-2012, Feature 
66947,Frontend,7565,150,2012-2,14-04-2012, Feature 
66970,Frontend,112,29,2012-1,29-03-2012, Bug 
66995,Frontend,0,2,2012-2,11-04-2012, Bug 
66997,Frontend,334,8,2012-2,11-04-2012, Feature 
66998,Frontend,308,13,2012-2,11-04-2012, Feature 
67000,Frontend,308,12,2012-2,11-04-2012, Feature 
67033,Frontend,2,22,2012-2,27-04-2012, Bug 
67134,Frontend,16,22,2012-2,12-04-2012, Bug 
67137,Frontend,136,15,2012-2,25-04-2012, Bug 
67180,Frontend,0,17,2012-2,10-04-2012, Feature 
67184,Frontend,12,2,2012-2,11-04-2012, Bug 
67186,Frontend,12,2,2012-2,11-04-2012, Bug 
67266,Frontend,30,30,2012-2,25-04-2012, Bug 
67289,Frontend,516,24,2012-2,16-04-2012, Feature 
67290,Frontend,516,23,2012-2,26-04-2012, Feature 
67292,Frontend,169,1,2012-2,10-05-2012, Bug 
67328,Frontend,0,1,2012-2,29-06-2012, Bug 
67329,Frontend,0,5,2012-4,29-11-2012, Bug 
67386,Frontend,2,8,2012-2,19-04-2012, Bug 
67390,Frontend,241,51,2012-2,24-04-2012, Feature 
67402,Frontend,0,5,2012-2,05-05-2012, Bug 
67403,Frontend,0,24,2012-2,12-05-2012, Bug 
67508,Frontend,9508,25,2012-2,04-05-2012, Feature 
67510,Frontend,1684,25,2012-2,04-05-2012, Feature 
67535,Frontend,10,6,2012-2,04-05-2012, Feature 
67613,Frontend,0,24,2012-2,19-05-2012, Bug 
67614,Frontend,0,24,2012-2,19-05-2012, Bug 
67639,Frontend,134,1,2012-2,09-05-2012, Bug 
67673,Frontend,0,6,2012-2,04-05-2012, Bug 
67774,Frontend,22,1,2012-2,07-05-2012, Bug 
67789,Frontend,43,16,2012-2,08-05-2012, Bug 
67806,Frontend,0,10,2012-2,08-05-2012, Feature 
67856,Frontend,9,1,2012-3,05-07-2012, Bug 
67893,Frontend,87,20,2012-2,26-05-2012, Bug 
67903,Frontend,119,28,2012-2,22-05-2012, Feature 
67948,Frontend,0,19,2012-2,26-05-2012, Bug 
67981,Frontend,174,16,2013-1,30-01-2013, Feature 
67984,Frontend,45,9,2012-2,15-05-2012, Bug 
67988,Frontend,0,13,2012-2,23-05-2012, Bug 
67989,Frontend,0,13,2012-2,23-05-2012, Bug 
68028,Frontend,220,58,2012-2,16-05-2012, Feature 
68126,Frontend,1,98,2012-2,01-06-2012, Bug 
68145,Frontend,59,30,2012-2,22-05-2012, Bug 
68291,Frontend,58,19,2012-2,23-05-2012, Bug 
68323,Frontend,88,25,2012-2,24-05-2012, Feature 
68341,Frontend,221,52,2012-3,18-07-2012, Bug 
68366,Frontend,0,4,2012-2,07-06-2012, Bug 
68389,Frontend,0,3,2012-2,19-06-2012, Bug 
68395,Frontend,0,44,2012-3,26-07-2012, Bug 
68435,Frontend,9508,1,2012-3,08-08-2012, Feature 
68519,Frontend,61,39,2012-3,20-08-2012, Bug 
68614,Frontend,365,12,2012-2,07-06-2012, Feature 
68615,Frontend,104,106,2012-2,07-06-2012, Feature 
68616,Frontend,55,102,2012-2,12-06-2012, Feature 
68634,Frontend,15,2,2012-3,27-09-2012, Bug 
68676,Frontend,7,3,2012-2,14-06-2012, Bug 
68716,Frontend,62,5,2012-2,12-06-2012, Bug 
68718,Frontend,0,1,2012-2,19-06-2012, Bug 
68720,Frontend,0,22,2012-2,19-06-2012, Bug 
68782,Frontend,174,9,2012-3,01-08-2012, Feature 
68783,Frontend,3639,70,2012-2,21-06-2012, Feature 
68791,Frontend,8,14,2012-2,12-06-2012, Bug 
68835,Frontend,9508,1,2012-3,08-08-2012, Feature 
68867,Frontend,71,3,2012-2,18-06-2012, Bug 
68927,Frontend,176,5,2012-3,22-09-2012, Bug 
68929,Frontend,0,5,2012-2,16-06-2012, Bug 
68930,Frontend,1,66,2012-2,30-06-2012, Bug 
68931,Frontend,0,24,2012-2,16-06-2012, Bug 
68932,Frontend,26,22,2012-2,18-06-2012, Bug 
68961,Frontend,19,2,2012-2,18-06-2012, Bug 
68970,Frontend,43,22,2012-2,19-06-2012, Bug 
68990,Frontend,82,1,2012-4,16-10-2012, Bug 
68992,Frontend,0,3,2012-2,19-06-2012, Bug 
68993,Frontend,0,2,2012-2,19-06-2012, Bug 
68997,Frontend,0,25,2012-3,22-09-2012, Bug 
68999,Frontend,0,21,2012-2,20-06-2012, Bug 
69000,Frontend,0,21,2012-2,20-06-2012, Bug 
69009,Frontend,0,25,2012-3,22-09-2012, Bug 
69035,Frontend,0,80,2012-2,19-06-2012, Feature 
69054,Frontend,68,15,2012-2,29-06-2012, Bug 
69104,Frontend,27170,96,2012-2,20-06-2012, Feature 
69117,Frontend,0,1,2012-3,10-07-2012, Bug 
69119,Frontend,0,18,2012-2,23-06-2012, Bug 
69221,Frontend,253,65,2012-2,26-06-2012, Feature 
69437,Frontend,982,52,2012-3,02-07-2012, Feature 
69488,Frontend,1113,82,2012-3,04-07-2012, Feature 
69496,Frontend,0,1,2012-3,10-07-2012, Bug 
69521,Frontend,71,1,2012-3,31-08-2012, Feature 
69673,Frontend,13,1,2012-4,19-10-2012, Bug 
69707,Frontend,21,50,2012-3,11-07-2012, Bug 
70167,Frontend,32,28,2013-1,17-01-2013, Bug 
70188,Frontend,15,5,2012-3,08-08-2012, Bug 
70189,Frontend,83,12,2012-3,08-08-2012, Feature 
70201,Frontend,0,26,2012-3,16-08-2012, Bug 
70204,Frontend,0,17,2012-3,22-08-2012, Bug 
70205,Frontend,0,11,2012-3,18-08-2012, Bug 
70206,Frontend,4,36,2012-3,10-08-2012, Bug 
70247,Frontend,633,15,2013-1,22-02-2013, Bug 
70322,Frontend,23,88,2012-3,24-08-2012, Feature 
70324,Frontend,15,8,2012-3,19-09-2012, Feature 
70325,Frontend,0,5,2013-1,18-01-2013, Feature 
70466,Frontend,0,25,2012-3,20-08-2012, Feature 
70467,Frontend,269,2,2012-3,29-08-2012, Feature 
70519,Frontend,0,11,2012-3,21-08-2012, Feature 
70548,Frontend,0,1,2013-1,13-02-2013, Bug 
70575,Frontend,0,6,2012-3,22-08-2012, Bug 
70647,Frontend,3,6,2012-3,27-09-2012, Bug 
70648,Frontend,0,5,2012-3,24-08-2012, Bug 
70649,Frontend,0,1,2012-3,05-09-2012, Bug 
70670,Frontend,510,6,2012-3,31-08-2012, Feature 
70685,Frontend,96,9,2012-3,06-09-2012, Bug 
70707,Frontend,134,6,2013-1,07-02-2013, Bug 
70721,Frontend,406,24,2012-3,01-09-2012, Feature 
70765,Frontend,13,15,2012-3,25-09-2012, Bug 
70817,Frontend,8600,15,2012-3,25-09-2012, Feature 
70824,Frontend,4200,6,2012-4,09-11-2012, Feature 
70869,Frontend,0,27,2012-3,31-08-2012, Bug 
70870,Frontend,0,1,2012-3,05-09-2012, Bug 
70872,Frontend,0,10,2012-3,31-08-2012, Bug 
70891,Frontend,39,14,2012-3,31-08-2012, Feature 
70899,Frontend,0,116,2012-3,22-09-2012, Bug 
70903,Frontend,78,22,2012-3,05-09-2012, Bug 
70919,Frontend,4,4,2012-3,31-08-2012, Bug 
70936,Frontend,10,26,2012-3,31-08-2012, Bug 
70975,Frontend,146,3,2013-1,12-02-2013, Bug 
71035,Frontend,41,8,2012-3,04-09-2012, Feature 
71050,Frontend,126,24,2012-3,05-09-2012, Bug 
71072,Frontend,782,21,2012-3,08-09-2012, Bug 
71079,Frontend,293,9,2012-3,05-09-2012, Feature 
71099,Frontend,6,9,2012-3,06-09-2012, Bug 
71100,Frontend,66,19,2012-3,06-09-2012, Feature 
71121,Frontend,5081,54,2012-3,08-09-2012, Feature 
71122,Frontend,5226,37,2012-3,13-09-2012, Feature 
71152,Frontend,186,14,2012-3,13-09-2012, Bug 
71153,Frontend,190,20,2012-3,07-09-2012, Bug 
71154,Frontend,190,14,2012-3,13-09-2012, Bug 
71200,Frontend,171,18,2012-3,10-09-2012, Feature 
71220,Frontend,23,13,2012-3,11-09-2012, Bug 
71221,Frontend,25,12,2012-3,13-09-2012, Bug 
71222,Frontend,40,12,2012-3,13-09-2012, Bug 
71223,Frontend,40,12,2012-3,13-09-2012, Bug 
71244,Frontend,2348,14,2012-3,25-09-2012, Feature 
71251,Frontend,100,3,2012-3,18-09-2012, Bug 
71252,Frontend,107,7,2012-3,14-09-2012, Bug 
71253,Frontend,101,8,2012-3,13-09-2012, Bug 
71256,Frontend,2,2,2012-3,12-09-2012, Bug 
71293,Frontend,1,1,2012-3,14-09-2012, Feature 
71295,Frontend,36,12,2012-4,06-12-2012, Feature 
71302,Frontend,1434,11,2012-3,14-09-2012, Feature 
71311,Frontend,21,8,2012-3,27-09-2012, Bug 
71312,Frontend,0,11,2012-3,18-09-2012, Bug 
71313,Frontend,0,3,2012-3,17-09-2012, Bug 
71314,Frontend,8,7,2012-4,01-11-2012, Bug 
71326,Frontend,1043,8,2012-3,17-09-2012, Bug 
71347,Frontend,100,6,2012-3,21-09-2012, Feature 
71396,Frontend,28,6,2012-3,19-09-2012, Bug 
71442,Frontend,1170,3,2012-4,02-10-2012, Bug 
71473,Frontend,45,14,2012-4,22-11-2012, Bug 
71523,Frontend,34,7,2012-3,26-09-2012, Bug 
71535,Frontend,1170,3,2012-4,02-10-2012, Bug 
71537,Frontend,28,9,2012-3,26-09-2012, Bug 
71547,Frontend,302,5,2012-3,21-09-2012, Bug 
71550,Frontend,0,4,2012-4,05-10-2012, Bug 
71560,Frontend,8,6,2012-3,27-09-2012, Bug 
71564,Frontend,8,3,2012-3,26-09-2012, Bug 
71568,Frontend,0,1,2013-1,19-02-2013, Bug 
71575,Frontend,6,6,2012-4,06-10-2012, Feature 
71591,Frontend,5,1,2012-3,24-09-2012, Bug 
71630,Frontend,0,1,2012-3,25-09-2012, Bug 
71646,Frontend,751,5,2012-4,25-10-2012, Feature 
71647,Frontend,0,7,2012-3,28-09-2012, Feature 
71652,Frontend,2248,5,2012-4,25-10-2012, Feature 
71669,Frontend,0,107,2012-3,26-09-2012, Feature 
71673,Frontend,5,5,2012-3,28-09-2012, Bug 
71675,Frontend,5,5,2012-3,28-09-2012, Bug 
71676,Frontend,5,5,2012-3,28-09-2012, Bug 
71677,Frontend,13,5,2012-3,28-09-2012, Bug 
71800,Frontend,73,5,2012-4,04-10-2012, Bug 
71801,Frontend,5,5,2012-4,04-10-2012, Bug 
71807,Frontend,49,10,2012-3,28-09-2012, Bug 
71811,Frontend,3,6,2012-3,28-09-2012, Feature 
71813,Frontend,24,4,2012-3,28-09-2012, Bug 
71818,Frontend,3,7,2012-3,28-09-2012, Bug 
71819,Frontend,1560,5,2012-3,28-09-2012, Bug 
71825,Frontend,911,4,2012-3,28-09-2012, Feature 
71864,Frontend,2046,1,2012-4,01-10-2012, Feature 
71869,Frontend,0,1,2012-4,23-11-2012, Bug 
71870,Frontend,0,1,2012-4,18-10-2012, Bug 
71872,Frontend,559,12,2012-4,30-11-2012, Bug 
71882,Frontend,2,3,2012-4,02-10-2012, Feature 
71883,Frontend,2,1,2012-4,04-10-2012, Feature 
71884,Frontend,2,3,2012-4,02-10-2012, Feature 
71887,Frontend,94,4,2012-4,05-10-2012, Bug 
71888,Frontend,0,1,2012-4,12-10-2012, Feature 
71889,Frontend,0,20,2012-4,03-10-2012, Feature 
71906,Frontend,141,9,2012-4,02-10-2012, Feature 
71907,Frontend,350,4,2012-4,05-10-2012, Bug 
71908,Frontend,4,4,2012-4,05-10-2012, Bug 
71910,Frontend,135,5,2012-4,03-10-2012, Bug 
71929,Frontend,4,6,2012-4,11-10-2012, Bug 
71938,Frontend,2,4,2012-4,05-10-2012, Bug 
71945,Frontend,0,4,2012-4,05-10-2012, Bug 
71946,Frontend,0,4,2012-4,05-10-2012, Bug 
71947,Frontend,2,1,2012-4,05-10-2012, Bug 
71979,Frontend,9368,83,2012-4,12-10-2012, Feature 
71980,Frontend,2137,60,2012-4,13-10-2012, Feature 
71983,Frontend,2500,5,2012-4,12-10-2012, Feature 
71984,Frontend,1445,11,2012-4,06-10-2012, Feature 
71985,Frontend,2270,8,2012-4,09-10-2012, Feature 
71986,Frontend,212,11,2012-4,06-10-2012, Feature 
71987,Frontend,36,34,2012-4,20-10-2012, Feature 
71989,Frontend,860,80,2012-4,23-10-2012, Feature 
72007,Frontend,291,4,2012-4,04-10-2012, Bug 
72014,Frontend,2360,13,2012-4,04-10-2012, Feature 
72018,Frontend,13,5,2012-4,05-10-2012, Bug 
72019,Frontend,77,1,2012-4,09-10-2012, Feature 
72052,Frontend,8,4,2012-4,05-10-2012, Feature 
72062,Frontend,3,4,2012-4,06-10-2012, Bug 
72069,Frontend,67,1,2012-4,05-10-2012, Feature 
72076,Frontend,737,1,2012-4,23-10-2012, Feature 
72096,Frontend,6,3,2012-4,05-10-2012, Bug 
72117,Frontend,1592,8,2012-4,12-10-2012, Feature 
72118,Frontend,0,1,2012-4,17-10-2012, Feature 
72119,Frontend,0,1,2012-4,19-10-2012, Feature 
72147,Frontend,2,11,2012-4,05-10-2012, Feature 
72159,Frontend,52,5,2012-4,02-11-2012, Bug 
72167,Frontend,0,5,2012-4,02-11-2012, Bug 
72177,Frontend,5,5,2012-4,02-11-2012, Bug 
72194,Frontend,3,2,2012-4,08-10-2012, Bug 
72196,Frontend,3,1,2012-4,09-10-2012, Bug 
72202,Frontend,220,1,2012-4,08-10-2012, Feature 
72203,Frontend,213,2,2012-4,08-10-2012, Feature 
72222,Frontend,33,3,2012-4,09-10-2012, Bug 
72224,Frontend,66,3,2012-4,09-10-2012, Bug 
72228,Frontend,1,1,2012-4,09-10-2012, Bug 
72233,Frontend,177,10,2012-4,09-10-2012, Bug 
72236,Frontend,3,1,2012-4,09-10-2012, Bug 
72241,Frontend,2,1,2013-1,22-01-2013, Bug 
72256,Frontend,84,3,2012-4,10-10-2012, Feature 
72259,Frontend,75,9,2012-4,10-10-2012, Bug 
72264,Frontend,52,6,2012-4,17-10-2012, Bug 
72265,Frontend,0,1,2012-4,23-10-2012, Bug 
72273,Frontend,69,1,2012-4,16-10-2012, Bug 
72274,Frontend,19,6,2012-4,10-10-2012, Feature 
72300,Frontend,32,12,2012-4,10-10-2012, Feature 
72307,Frontend,101,35,2012-4,25-10-2012, Bug 
72320,Frontend,51,8,2012-4,11-10-2012, Bug 
72328,Frontend,810,22,2012-4,12-10-2012, Feature 
72332,Frontend,1858,39,2012-4,12-10-2012, Feature 
72335,Frontend,638,25,2012-4,17-11-2012, Feature 
72345,Frontend,1585,8,2012-4,12-10-2012, Feature 
72363,Frontend,68,1,2012-4,16-10-2012, Feature 
72365,Frontend,402,6,2012-4,12-10-2012, Bug 
72367,Frontend,0,1,2013-1,14-02-2013, Bug 
72368,Frontend,0,1,2013-1,14-02-2013, Bug 
72369,Frontend,0,125,2012-4,12-10-2012, Bug 
72370,Frontend,7,9,2013-1,19-02-2013, Bug 
72377,Frontend,30,4,2012-4,12-10-2012, Feature 
72464,Frontend,27,8,2012-4,15-10-2012, Bug 
72470,Frontend,88,7,2012-4,26-10-2012, Bug 
72482,Frontend,232,1,2012-4,15-10-2012, Feature 
72499,Frontend,161,3,2012-4,16-10-2012, Bug 
72501,Frontend,0,82,2012-4,26-10-2012, Bug 
72511,Frontend,0,1,2012-4,19-10-2012, Feature 
72520,Frontend,56,1,2012-4,16-10-2012, Feature 
72530,Frontend,137,1,2012-4,17-10-2012, Feature 
72538,Frontend,52,7,2012-4,18-10-2012, Bug 
72543,Frontend,64,1,2012-4,17-10-2012, Feature 
72551,Frontend,60,5,2012-4,20-10-2012, Feature 
72553,Frontend,251,5,2012-4,20-10-2012, Feature 
72579,Frontend,28,7,2012-4,18-10-2012, Bug 
72587,Frontend,14,7,2012-4,18-10-2012, Bug 
72597,Frontend,4,6,2012-4,18-10-2012, Bug 
72607,Frontend,0,6,2012-4,18-10-2012, Bug 
72614,Frontend,259,5,2012-4,20-10-2012, Feature 
72615,Frontend,3845,17,2012-4,17-11-2012, Feature 
72633,Frontend,27,6,2012-4,24-11-2012, Bug 
72634,Frontend,22,5,2012-4,20-10-2012, Feature 
72638,Frontend,0,8,2012-4,04-12-2012, Bug 
72639,Frontend,16,8,2012-4,23-11-2012, Bug 
72641,Frontend,777,10,2012-4,01-12-2012, Bug 
72643,Frontend,0,1,2012-4,19-10-2012, Bug 
72650,Frontend,294,34,2012-4,19-10-2012, Bug 
72653,Frontend,290,5,2012-4,20-10-2012, Feature 
72681,Frontend,75,3,2012-4,22-10-2012, Bug 
72682,Frontend,14734,19,2012-4,26-10-2012, Feature 
72697,Frontend,581,2,2012-4,23-10-2012, Feature 
72722,Frontend,1,1,2012-4,23-10-2012, Bug 
72730,Frontend,7416,41,2012-4,26-10-2012, Feature 
72748,Frontend,198,8,2012-4,24-10-2012, Bug 
72749,Frontend,198,8,2012-4,24-10-2012, Bug 
72762,Frontend,26,5,2012-4,02-11-2012, Bug 
72763,Frontend,0,5,2012-4,02-11-2012, Bug 
72764,Frontend,2,5,2012-4,02-11-2012, Bug 
72773,Frontend,9,1,2013-1,16-01-2013, Feature 
72780,Frontend,123,5,2012-4,02-11-2012, Bug 
72795,Frontend,3,5,2012-4,26-10-2012, Bug 
72895,Frontend,4,1,2012-4,29-10-2012, Bug 
72896,Frontend,44,6,2012-4,31-10-2012, Feature 
72897,Frontend,215,12,2012-4,02-11-2012, Feature 
72898,Frontend,20,11,2012-4,03-11-2012, Feature 
72902,Frontend,680,2,2012-4,30-10-2012, Bug 
72961,Frontend,9,15,2012-4,07-11-2012, Bug 
73092,Frontend,0,8,2012-4,30-11-2012, Bug 
73094,Frontend,1875,18,2012-4,24-11-2012, Feature 
73118,Frontend,0,15,2012-4,07-11-2012, Bug 
73129,Frontend,7311,15,2012-4,07-11-2012, Feature 
73259,Frontend,1,22,2012-4,22-11-2012, Bug 
73260,Frontend,136,22,2012-4,22-11-2012, Bug 
73262,Frontend,9,6,2012-4,09-11-2012, Bug 
73292,Frontend,57,5,2013-1,22-03-2013, Bug 
73353,Frontend,244,5,2012-4,06-12-2012, Feature 
73355,Frontend,1537,19,2012-4,22-11-2012, Feature 
73365,Frontend,367,6,2012-4,15-11-2012, Feature 
73394,Frontend,494,4,2012-4,16-11-2012, Feature 
73411,Frontend,4,4,2012-4,16-11-2012, Bug 
73412,Frontend,12,1,2012-4,20-11-2012, Bug 
73415,Frontend,4,1,2012-4,20-11-2012, Bug 
73416,Frontend,4,4,2012-4,16-11-2012, Bug 
73506,Frontend,211,9,2012-4,20-11-2012, Feature 
73633,Frontend,137,5,2012-4,23-11-2012, Bug 
73656,Frontend,1,53,2012-4,26-11-2012, Feature 
73697,Frontend,127,9,2012-4,02-12-2012, Feature 
73702,Frontend,5080,44,2012-4,27-11-2012, Feature 
73725,Frontend,4,1,2012-4,28-11-2012, Bug 
73734,Frontend,1,8,2012-4,29-11-2012, Bug 
73735,Frontend,1,8,2012-4,29-11-2012, Bug 
73757,Frontend,46,8,2012-4,29-11-2012, Bug 
73766,Frontend,6,1,2012-4,30-11-2012, Bug 
73767,Frontend,3,1,2012-4,30-11-2012, Bug 
73785,Frontend,42,5,2012-4,30-11-2012, Bug 
73802,Frontend,189,3,2012-4,03-12-2012, Feature 
73854,Frontend,44,71,2012-4,03-12-2012, Bug 
73900,Frontend,1677,16,2013-1,13-02-2013, Bug 
73901,Frontend,52,14,2013-1,15-02-2013, Bug 
73937,Frontend,96,6,2012-4,05-12-2012, Bug 
73960,Frontend,1,35,2012-4,06-12-2012, Bug 
73962,Frontend,268,29,2012-4,06-12-2012, Feature 
73966,Frontend,187,58,2012-4,10-12-2012, Bug 
73978,Frontend,294,48,2012-4,06-12-2012, Bug 
73982,Frontend,0,1,2012-4,06-12-2012, Bug 
73992,Frontend,126,18,2013-1,15-02-2013, Bug 
74019,Frontend,0,1,2012-4,11-12-2012, Bug 
74049,Frontend,0,1,2013-1,17-01-2013, Bug 
74051,Frontend,0,14,2012-4,19-12-2012, Bug 
74053,Frontend,244,13,2012-4,20-12-2012, Bug 
74078,Frontend,46,28,2012-4,11-12-2012, Bug 
74107,Frontend,0,2,2012-4,11-12-2012, Bug 
74126,Frontend,371,19,2012-4,14-12-2012, Bug 
74145,Frontend,15,3,2012-4,11-12-2012, Bug 
74218,Frontend,0,19,2012-4,14-12-2012, Bug 
74229,Frontend,428,1,2012-4,11-12-2012, Feature 
74324,Frontend,203,28,2012-4,13-12-2012, Feature 
74342,Frontend,908,35,2012-4,13-12-2012, Bug 
74394,Frontend,276,3,2012-4,17-12-2012, Bug 
74514,Frontend,1,1,2012-4,19-12-2012, Bug 
74524,Frontend,12,1,2012-4,19-12-2012, Bug 
74525,Frontend,7,14,2012-4,19-12-2012, Bug 
74691,Frontend,26,3,2013-1,15-01-2013, Bug 
74701,Frontend,612,16,2013-1,01-01-2013, Feature 
74717,Frontend,0,1,2013-1,02-01-2013, Bug 
74719,Frontend,0,1,2013-1,02-01-2013, Bug 
74740,Frontend,136,8,2013-1,23-01-2013, Feature 
74768,Frontend,105,1,2013-1,17-01-2013, Bug 
74769,Frontend,0,1,2013-1,03-01-2013, Bug 
74796,Frontend,175,20,2013-1,03-01-2013, Bug 
74797,Frontend,280,4,2013-1,15-01-2013, Bug 
74811,Frontend,0,1,2013-1,15-01-2013, Bug 
74831,Frontend,6,2,2013-1,16-01-2013, Bug 
74870,Frontend,0,8,2013-1,07-02-2013, Bug 
74882,Frontend,181,6,2013-1,24-01-2013, Bug 
74979,Frontend,0,1,2013-1,14-02-2013, Bug 
75032,Frontend,64,9,2013-1,23-01-2013, Feature 
75063,Frontend,0,1,2013-1,22-01-2013, Bug 
75065,Frontend,0,1,2013-1,22-01-2013, Bug 
75070,Frontend,0,1,2013-1,15-02-2013, Bug 
75135,Frontend,23,28,2013-1,16-01-2013, Bug 
75138,Frontend,6,29,2013-1,16-01-2013, Bug 
75240,Frontend,61,9,2013-1,22-01-2013, Feature 
75258,Frontend,9,14,2013-1,18-01-2013, Bug 
75262,Frontend,893,26,2013-1,18-01-2013, Bug 
75282,Frontend,621,8,2013-1,24-01-2013, Bug 
75326,Frontend,12,2,2013-1,21-01-2013, Bug 
75335,Frontend,70,1,2013-1,21-01-2013, Feature 
75339,Frontend,889,23,2013-1,21-01-2013, Bug 
75387,Frontend,193,9,2013-1,22-01-2013, Feature 
75388,Frontend,0,22,2013-1,22-01-2013, Bug 
75459,Frontend,45,1,2013-1,23-01-2013, Bug 
75471,Frontend,0,1,2013-1,06-02-2013, Bug 
75479,Frontend,2,8,2013-1,24-01-2013, Bug 
75485,Frontend,34,20,2013-1,24-01-2013, Feature 
75540,Frontend,33,3,2013-1,28-01-2013, Bug 
75575,Frontend,771,10,2013-1,29-01-2013, Feature 
75612,Frontend,10,24,2013-1,02-02-2013, Bug 
75642,Frontend,18,13,2013-1,30-01-2013, Bug 
75669,Frontend,0,1,2013-1,31-01-2013, Feature 
75780,Frontend,1510,50,2013-1,05-02-2013, Bug 
75835,Frontend,38,1,2013-1,14-02-2013, Bug 
75859,Frontend,12,5,2013-1,06-02-2013, Bug 
75915,Frontend,291,8,2013-1,07-02-2013, Bug 
75948,Frontend,1,3,2013-1,08-02-2013, Bug 
76005,Frontend,3,2,2013-1,11-02-2013, Bug 
76120,Frontend,1,1,2013-1,13-02-2013, Bug 
76121,Frontend,2,1,2013-1,13-02-2013, Bug 
76297,Frontend,0,8,2013-1,06-03-2013, Feature 
76334,Frontend,65,5,2013-1,22-03-2013, Feature 
76544,Frontend,38,5,2013-1,23-03-2013, Bug 
76546,Frontend,0,1,2013-1,26-03-2013, Bug 
76551,Frontend,121,6,2013-1,27-02-2013, Bug 
76809,Frontend,2,6,2013-1,05-03-2013, Bug 
76859,Frontend,89,7,2013-1,13-03-2013, Feature 
76987,Frontend,30,3,2013-1,12-03-2013, Bug 
76995,Frontend,1,2,2013-1,13-03-2013, Bug 
77199,Frontend,16,16,2013-1,21-03-2013, Bug 
77209,Frontend,20,15,2013-1,21-03-2013, Bug 
70620,Frontend,63,45,2013-1,26-02-2013, Bug 
72370,Frontend,59,126,2013-1,15-02-2013, Bug 
75257,Frontend,5,95,2013-1,18-01-2013, Bug 
75925,Frontend,145,8,2013-2,21-05-2013, Bug 
76414,Frontend,80743,65,2013-1,20-02-2013, Feature 
76426,Frontend,202,60,2013-1,21-02-2013, Feature 
76539,Frontend,86,49,2013-1,04-03-2013, Bug 
76577,Frontend,2,52,2013-1,27-02-2013, Bug 
77212,Frontend,50,33,2013-1,21-03-2013, Bug 
77345,Frontend,16,59,2013-1,26-03-2013, Bug 
77352,Frontend,7,28,2013-1,26-03-2013, Bug 
77396,Frontend,0,16,2013-1,28-03-2013, Bug 
77827,Frontend,1038,26,2013-2,17-04-2013, Feature 
78007,Frontend,0,36,2013-2,23-04-2013, Bug 
78042,Frontend,4,10,2013-2,24-04-2013, Bug 
78187,Frontend,91,11,2013-2,30-04-2013, Bug 
78560,Frontend,192,14,2013-2,10-05-2013, Bug 
78567,Frontend,97,5,2013-2,10-05-2013, Bug 
78579,Frontend,100,5,2013-2,10-05-2013, Bug 
78580,Frontend,27760,4,2013-2,10-05-2013, Feature 
78654,Frontend,6,1,2013-2,14-05-2013, Bug 
78753,Frontend,42,4,2013-2,20-05-2013, Bug 
78909,Frontend,30,2,2013-2,22-05-2013, Feature 
78940,Frontend,72,5,2013-2,23-05-2013, Bug 
79049,Frontend,216,14,2013-2,27-05-2013, Bug 
79191,Frontend,605,2,2013-2,30-05-2013, Bug 
79212,Frontend,100,1,2013-2,30-05-2013, Bug 
79221,Frontend,0,1,2013-2,31-05-2013, Bug 
79223,Frontend,0,1,2013-2,31-05-2013, Bug 
79389,Frontend,65,29,2013-3,22-07-2013, Feature 
79462,Frontend,0,25,2013-2,07-06-2013, Bug 
79501,Frontend,543,43,2013-3,26-08-2013, Feature 
79632,Frontend,44,96,2013-2,12-06-2013, Bug 
79670,Frontend,6,27,2013-2,13-06-2013, Bug 
79688,Frontend,120,11,2013-2,14-06-2013, Bug 
79726,Frontend,48,10,2013-2,17-06-2013, Bug 
79851,Frontend,123,1,2013-2,20-06-2013, Feature 
79915,Frontend,4,14,2013-2,24-06-2013, Bug 
79970,Frontend,12,7,2013-2,25-06-2013, Bug 
79973,Frontend,11,7,2013-2,25-06-2013, Bug 
79988,Frontend,63,6,2013-2,25-06-2013, Bug 
79992,Frontend,11,7,2013-2,25-06-2013, Bug 
79994,Frontend,11,7,2013-2,25-06-2013, Bug 
80045,Frontend,0,13,2013-2,27-06-2013, Bug 
80052,Frontend,990,23,2013-2,27-06-2013, Bug 
80125,Frontend,29,3,2013-2,28-06-2013, Bug 
80150,Frontend,220,1,2013-3,01-07-2013, Bug 
80151,Frontend,159,66,2013-3,01-07-2013, Bug 
80324,Frontend,403,20,2013-3,12-07-2013, Feature 
80344,Frontend,0,36,2013-3,05-07-2013, Bug 
80390,Frontend,1659,12,2013-3,08-07-2013, Feature 
80486,Frontend,45,5,2013-3,10-07-2013, Bug 
80530,Frontend,3,4,2013-3,12-07-2013, Bug 
80554,Frontend,129,4,2013-3,12-07-2013, Bug 
80627,Frontend,50,37,2013-3,17-07-2013, Bug 
80652,Frontend,58,3,2013-3,18-07-2013, Bug 
80673,Frontend,0,1,2013-3,19-07-2013, Bug 
80974,Frontend,1383,23,2013-3,05-08-2013, Feature 
81043,Frontend,2,7,2013-3,13-08-2013, Bug 
81045,Frontend,76,13,2013-3,08-08-2013, Bug 
81182,Frontend,6,1,2013-3,14-08-2013, Bug 
81192,Frontend,12,7,2013-3,14-08-2013, Bug 
81239,Frontend,121,1,2013-3,16-08-2013, Feature 
81264,Frontend,84,11,2013-3,27-08-2013, Bug 
81375,Frontend,95,29,2013-3,22-08-2013, Bug 
81411,Frontend,2,1,2013-3,26-08-2013, Bug 
81578,Frontend,120,22,2013-3,02-09-2013, Feature 
81616,Frontend,126,7,2013-3,03-09-2013, Bug 
81619,Frontend,24,10,2013-3,03-09-2013, Feature 
81642,Frontend,300,66,2013-3,04-09-2013, Bug 
81703,Frontend,3,13,2013-3,06-09-2013, Bug 
81719,Frontend,223,4,2013-3,09-09-2013, Bug 
81728,Frontend,5507,4,2013-3,09-09-2013, Bug 
81759,Frontend,10,3,2013-3,10-09-2013, Bug 
81848,Frontend,54,8,2013-3,13-09-2013, Bug 
81895,Frontend,120,2,2013-3,16-09-2013, Bug 
81924,Frontend,18,1,2013-3,17-09-2013, Bug 
81959,Frontend,12,1,2013-3,18-09-2013, Bug 
81977,Frontend,391,48,2013-3,19-09-2013, Bug 
82024,Frontend,15,4,2013-3,20-09-2013, Bug 
82117,Frontend,9,2,2013-3,23-09-2013, Bug 
82127,Frontend,3,1,2013-3,23-09-2013, Bug 
82146,Frontend,52,2,2013-3,24-09-2013, Bug 
82273,Frontend,0,1,2013-3,30-09-2013, Bug 
82295,Frontend,4,3,2013-3,30-09-2013, Bug 
82393,Frontend,3,15,2013-4,03-10-2013, Bug 
82567,Frontend,498,21,2013-4,11-10-2013, Feature 
82568,Frontend,0,60,2013-4,11-10-2013, Feature 
82582,Frontend,237,7,2013-4,17-10-2013, Feature 
82621,Frontend,211,15,2013-4,15-10-2013, Feature 
82734,Frontend,124,12,2013-4,18-10-2013, Feature 
82843,Frontend,103,12,2013-4,24-10-2013, Bug 
82877,Frontend,33,6,2013-4,24-10-2013, Bug 
83081,Frontend,34,12,2013-4,31-10-2013, Feature 
83289,Frontend,11,1,2013-4,11-11-2013, Bug 
83362,Frontend,1062,39,2013-4,11-11-2013, Feature 
83550,Frontend,2501,5,2013-4,15-11-2013, Bug 
83557,Frontend,123,13,2013-4,21-11-2013, Bug 
83604,Frontend,1358,10,2013-4,25-11-2013, Feature 
83664,Frontend,774,10,2013-4,25-11-2013, Feature 
83771,Frontend,14,10,2013-4,25-11-2013, Bug 
83822,Frontend,242,9,2013-4,28-11-2013, Bug 
83833,Frontend,86,11,2013-4,28-11-2013, Bug 
83918,Frontend,38,14,2013-4,03-12-2013, Bug 
83920,Frontend,0,18,2013-4,06-12-2013, Bug 
83924,Frontend,266,14,2013-4,03-12-2013, Bug 
83925,Frontend,67,13,2013-4,03-12-2013, Bug 
83936,Frontend,0,21,2013-4,03-12-2013, Bug 
83942,Frontend,10,13,2013-4,03-12-2013, Bug 
