66339,Neon,0,8,2012-2,19-04-2012, Bug 
66747,Neon,0,8,2012-1,21-03-2012, Feature 
66853,Neon,0,2,2012-1,26-03-2012, Bug 
67019,Neon,0,14,2012-2,04-04-2012, Bug 
67042,Neon,0,15,2012-2,02-04-2012, Feature 
67117,Neon,0,14,2012-2,05-04-2012, Feature 
67147,Neon,0,10,2012-2,09-04-2012, Feature 
67502,Neon,0,1,2012-2,26-04-2012, Bug 
67700,Neon,0,1,2012-2,30-05-2012, Bug 
68008,Neon,0,4,2012-4,12-10-2012, Bug 
68032,Neon,0,2,2012-2,25-05-2012, Feature 
68067,Neon,0,3,2012-2,09-06-2012, Bug 
68069,Neon,0,3,2012-2,09-06-2012, Bug 
68142,Neon,0,2,2012-3,12-07-2012, Bug 
68617,Neon,0,8,2012-2,07-06-2012, Bug 
68707,Neon,0,2,2012-2,11-06-2012, Bug 
68762,Neon,0,3,2012-2,12-06-2012, Feature 
68836,Neon,0,1,2012-2,13-06-2012, Bug 
69491,Neon,0,9,2012-3,09-07-2012, Feature 
69533,Neon,0,14,2012-3,06-07-2012, Feature 
69534,Neon,0,14,2012-3,06-07-2012, Feature 
69559,Neon,0,2,2012-3,09-07-2012, Feature 
69584,Neon,0,8,2012-3,09-07-2012, Bug 
69623,Neon,0,3,2012-3,10-07-2012, Feature 
69775,Neon,0,10,2012-3,16-07-2012, Feature 
69794,Neon,0,16,2012-3,19-07-2012, Bug 
69795,Neon,0,3,2012-3,21-07-2012, Bug 
69807,Neon,0,7,2012-3,18-07-2012, Feature 
69808,Neon,0,20,2012-3,18-07-2012, Feature 
69867,Neon,0,11,2012-3,28-07-2012, Feature 
69886,Neon,0,16,2012-3,26-07-2012, Feature 
69906,Neon,0,5,2012-3,26-07-2012, Bug 
69973,Neon,0,6,2012-3,31-07-2012, Feature 
69997,Neon,0,5,2012-3,02-08-2012, Bug 
70169,Neon,0,2,2012-3,08-08-2012, Feature 
70868,Neon,0,1,2012-3,30-08-2012, Feature 
70897,Neon,0,1,2012-3,31-08-2012, Feature 
70958,Neon,0,1,2012-3,04-09-2012, Bug 
70959,Neon,0,1,2012-3,03-09-2012, Feature 
70960,Neon,0,1,2012-3,03-09-2012, Feature 
70979,Neon,0,2,2012-3,03-09-2012, Feature 
71085,Neon,0,5,2012-3,06-09-2012, Bug 
71129,Neon,0,2,2012-3,25-09-2012, Bug 
71156,Neon,0,15,2012-3,17-09-2012, Bug 
71409,Neon,0,1,2013-1,08-03-2013, Bug 
71805,Neon,0,15,2012-3,28-09-2012, Bug 
71834,Neon,0,7,2012-4,06-10-2012, Feature 
71855,Neon,0,1,2012-4,01-10-2012, Bug 
71913,Neon,0,1,2012-4,03-10-2012, Feature 
72467,Neon,0,3,2013-1,25-02-2013, Bug 
72474,Neon,0,1,2013-1,07-03-2013, Bug 
72476,Neon,0,1,2013-1,08-02-2013, Bug 
72477,Neon,0,5,2013-1,17-01-2013, Bug 
72834,Neon,0,10,2012-4,27-10-2012, Bug 
72835,Neon,0,16,2012-4,06-11-2012, Feature 
72854,Neon,0,1,2012-4,29-10-2012, Feature 
72888,Neon,0,1,2012-4,03-12-2012, Bug 
72889,Neon,0,16,2013-1,17-01-2013, Bug 
72997,Neon,0,8,2012-4,01-11-2012, Bug 
72998,Neon,0,1,2012-4,01-11-2012, Bug 
73097,Neon,0,10,2012-4,07-11-2012, Bug 
73291,Neon,0,14,2013-1,03-01-2013, Bug 
73401,Neon,0,1,2012-4,20-11-2012, Bug 
73483,Neon,0,2,2012-4,20-11-2012, Bug 
73529,Neon,0,7,2012-4,29-11-2012, Feature 
73531,Neon,0,17,2012-4,24-11-2012, Feature 
73532,Neon,0,7,2012-4,29-11-2012, Feature 
73683,Neon,0,2,2012-4,27-11-2012, Bug 
73723,Neon,0,5,2012-4,28-11-2012, Bug 
73853,Neon,0,1,2013-1,09-01-2013, Bug 
73878,Neon,0,8,2012-4,05-12-2012, Bug 
74428,Neon,0,2,2013-1,24-01-2013, Bug 
74638,Neon,0,25,2012-4,29-12-2012, Feature 
74783,Neon,0,1,2013-1,16-01-2013, Bug 
74912,Neon,0,13,2013-1,09-01-2013, Feature 
74938,Neon,0,8,2013-1,09-01-2013, Feature 
74994,Neon,0,1,2013-2,04-04-2013, Bug 
74997,Neon,0,5,2013-1,21-03-2013, Bug 
75132,Neon,0,1,2013-1,15-01-2013, Feature 
75191,Neon,0,5,2013-1,17-01-2013, Bug 
75311,Neon,0,1,2013-1,21-01-2013, Bug 
75428,Neon,0,1,2013-1,23-01-2013, Feature 
75429,Neon,0,1,2013-1,23-01-2013, Feature 
75430,Neon,0,1,2013-1,23-01-2013, Feature 
75431,Neon,0,1,2013-1,23-01-2013, Feature 
75521,Neon,0,3,2013-1,28-01-2013, Feature 
75715,Neon,0,2,2013-1,03-02-2013, Feature 
75716,Neon,0,2,2013-1,03-02-2013, Feature 
75717,Neon,0,2,2013-1,03-02-2013, Feature 
75718,Neon,0,2,2013-1,03-02-2013, Feature 
75719,Neon,0,2,2013-1,03-02-2013, Feature 
75720,Neon,0,2,2013-1,03-02-2013, Feature 
75771,Neon,0,1,2013-1,06-02-2013, Feature 
75934,Neon,0,4,2013-1,08-02-2013, Bug 
76042,Neon,0,1,2013-1,12-02-2013, Bug 
76440,Neon,0,1,2013-1,22-02-2013, Feature 
76655,Neon,0,4,2013-1,05-03-2013, Bug 
76661,Neon,0,1,2013-1,01-03-2013, Feature 
77099,Neon,0,3,2013-1,18-03-2013, Feature 
77437,Neon,0,1,2013-2,01-04-2013, Bug 
78127,Neon,0,6,2013-2,26-04-2013, Bug 
78525,Neon,0,1,2013-2,09-05-2013, Feature 
78597,Neon,0,7,2013-2,13-05-2013, Feature 
78599,Neon,0,10,2013-2,18-06-2013, Feature 
78714,Neon,0,26,2013-2,16-05-2013, Feature 
79043,Neon,0,6,2013-2,14-06-2013, Bug 
79543,Neon,0,7,2013-2,18-06-2013, Bug 
79707,Neon,0,3,2013-2,17-06-2013, Feature 
79771,Neon,0,2,2013-2,19-06-2013, Bug 
79919,Neon,0,8,2013-2,24-06-2013, Bug 
79958,Neon,0,16,2013-4,08-10-2013, Feature 
80230,Neon,0,1,2013-3,02-07-2013, Bug 
80238,Neon,0,2,2013-3,03-07-2013, Bug 
80494,Neon,0,5,2013-3,11-07-2013, Feature 
80527,Neon,0,5,2013-3,12-07-2013, Bug 
80600,Neon,0,1,2013-3,16-07-2013, Feature 
80697,Neon,0,23,2013-3,22-07-2013, Feature 
80705,Neon,0,8,2013-3,22-07-2013, Feature 
81170,Neon,0,5,2013-3,14-08-2013, Bug 
81318,Neon,0,7,2013-3,21-08-2013, Feature 
81422,Neon,0,11,2013-3,26-08-2013, Feature 
81773,Neon,0,2,2013-3,11-09-2013, Bug 
82549,Neon,0,1,2013-4,10-10-2013, Feature 
84048,Neon,0,8,2013-4,09-12-2013, Feature 
84351,Neon,0,2,2013-4,16-12-2013, Feature 
84459,Neon,0,2,2013-4,19-12-2013, Feature 
84520,Neon,0,2,2013-4,23-12-2013, Feature 
17296,Neon,1,23,2010-3,06-09-2010, Feature 
24336,Neon,1,1,2010-3,15-09-2010, Bug 
24373,Neon,1,22,2010-3,16-09-2010, Bug 
24947,Neon,1,3,2010-4,04-10-2010, Bug 
25007,Neon,1,2,2011-3,02-08-2011, Bug 
27568,Neon,1,14,2010-4,04-11-2010, Bug 
28547,Neon,1,9,2011-1,03-01-2011, Bug 
31474,Neon,1,11,2010-4,25-11-2010, Bug 
32522,Neon,1,1,2011-3,02-09-2011, Feature 
37017,Neon,1,11,2011-1,04-01-2011, Feature 
37674,Neon,1,20,2011-1,21-01-2011, Bug 
42607,Neon,1,2,2011-1,08-02-2011, Bug 
46772,Neon,1,6,2011-1,09-03-2011, Bug 
47267,Neon,1,4,2011-1,25-02-2011, Bug 
50907,Neon,1,1,2011-1,15-03-2011, Bug 
50925,Neon,1,2,2011-1,15-03-2011, Bug 
51086,Neon,1,1,2011-1,16-03-2011, Bug 
52143,Neon,1,1,2011-1,21-03-2011, Bug 
53549,Neon,1,8,2011-1,29-03-2011, Bug 
57258,Neon,1,15,2011-2,09-05-2011, Bug 
57843,Neon,1,22,2011-2,25-05-2011, Bug 
58342,Neon,1,5,2011-2,23-06-2011, Bug 
58679,Neon,1,7,2011-2,17-06-2011, Bug 
58808,Neon,1,6,2011-2,23-06-2011, Bug 
58840,Neon,1,1,2011-2,22-06-2011, Bug 
58842,Neon,1,1,2011-2,22-06-2011, Bug 
59217,Neon,1,1,2011-3,05-07-2011, Bug 
59707,Neon,1,11,2011-3,05-08-2011, Bug 
59708,Neon,1,11,2011-3,05-08-2011, Bug 
59942,Neon,1,9,2011-3,22-08-2011, Feature 
60183,Neon,1,1,2011-3,30-08-2011, Bug 
60225,Neon,1,5,2011-3,31-08-2011, Bug 
60620,Neon,1,6,2011-3,14-09-2011, Bug 
60623,Neon,1,6,2011-3,14-09-2011, Bug 
60796,Neon,1,11,2011-4,25-10-2011, Bug 
60870,Neon,1,4,2011-3,26-09-2011, Bug 
61142,Neon,1,1,2011-3,30-09-2011, Bug 
62118,Neon,1,12,2011-4,04-11-2011, Bug 
62388,Neon,1,3,2011-4,06-12-2011, Bug 
62643,Neon,1,6,2012-1,24-02-2012, Bug 
63208,Neon,1,3,2011-4,06-12-2011, Bug 
63302,Neon,1,2,2011-4,08-12-2011, Bug 
63959,Neon,1,1,2012-1,07-02-2012, Feature 
64174,Neon,1,4,2012-1,10-01-2012, Feature 
64177,Neon,1,4,2012-1,16-02-2012, Bug 
64224,Neon,1,15,2012-1,11-01-2012, Bug 
64959,Neon,1,2,2012-1,08-02-2012, Bug 
65587,Neon,1,7,2012-1,21-02-2012, Bug 
65724,Neon,1,2,2012-1,28-02-2012, Bug 
65755,Neon,1,2,2012-1,28-02-2012, Bug 
65832,Neon,1,1,2012-1,01-03-2012, Bug 
65833,Neon,1,2,2012-1,01-03-2012, Bug 
66048,Neon,1,10,2012-1,20-03-2012, Bug 
66337,Neon,1,3,2012-2,09-04-2012, Bug 
66924,Neon,1,1,2012-1,27-03-2012, Bug 
66925,Neon,1,1,2012-1,27-03-2012, Bug 
67491,Neon,1,3,2012-2,24-04-2012, Bug 
67495,Neon,1,15,2012-2,24-04-2012, Feature 
67557,Neon,1,8,2012-2,25-04-2012, Bug 
68068,Neon,1,1,2012-2,25-05-2012, Bug 
68637,Neon,1,3,2012-2,09-06-2012, Bug 
68872,Neon,1,4,2012-2,14-06-2012, Bug 
69428,Neon,1,3,2012-3,10-07-2012, Bug 
69544,Neon,1,7,2012-3,23-08-2012, Bug 
69618,Neon,1,2,2012-3,12-07-2012, Bug 
69791,Neon,1,4,2012-3,17-07-2012, Bug 
70194,Neon,1,2,2012-3,16-08-2012, Bug 
70228,Neon,1,8,2012-3,10-08-2012, Bug 
70402,Neon,1,8,2012-3,17-08-2012, Bug 
70423,Neon,1,4,2012-3,08-09-2012, Bug 
70528,Neon,1,1,2012-3,21-08-2012, Bug 
70553,Neon,1,2,2012-3,22-08-2012, Bug 
70554,Neon,1,1,2012-3,21-08-2012, Bug 
70823,Neon,1,2,2012-3,29-08-2012, Bug 
70910,Neon,1,3,2012-3,04-09-2012, Bug 
70911,Neon,1,5,2012-3,07-09-2012, Bug 
70940,Neon,1,2,2012-3,03-09-2012, Bug 
70969,Neon,1,1,2012-3,04-09-2012, Bug 
71411,Neon,1,7,2012-3,18-09-2012, Feature 
71434,Neon,1,1,2012-3,19-09-2012, Bug 
71435,Neon,1,2,2012-3,19-09-2012, Bug 
71803,Neon,1,11,2012-3,28-09-2012, Bug 
71804,Neon,1,11,2012-3,28-09-2012, Bug 
71911,Neon,1,3,2012-4,03-10-2012, Bug 
72882,Neon,1,3,2012-4,04-12-2012, Bug 
73070,Neon,1,3,2012-4,20-11-2012, Bug 
73153,Neon,1,2,2012-4,07-11-2012, Bug 
73571,Neon,1,6,2012-4,22-11-2012, Feature 
73739,Neon,1,6,2012-4,29-11-2012, Bug 
73805,Neon,1,2,2012-4,03-12-2012, Bug 
74071,Neon,1,3,2012-4,08-12-2012, Bug 
74214,Neon,1,2,2012-4,11-12-2012, Bug 
74998,Neon,1,4,2013-1,17-01-2013, Bug 
75291,Neon,1,2,2013-1,19-01-2013, Bug 
75299,Neon,1,1,2013-1,22-01-2013, Bug 
75781,Neon,1,1,2013-1,05-02-2013, Feature 
76251,Neon,1,3,2013-1,15-02-2013, Bug 
78180,Neon,1,3,2013-2,29-04-2013, Bug 
79831,Neon,1,2,2013-2,19-06-2013, Bug 
79832,Neon,1,12,2013-2,19-06-2013, Bug 
80015,Neon,1,1,2013-2,26-06-2013, Bug 
81540,Neon,1,1,2013-3,29-08-2013, Feature 
81582,Neon,1,3,2013-3,10-09-2013, Bug 
83017,Neon,1,8,2013-4,30-10-2013, Bug 
83225,Neon,1,8,2013-4,07-11-2013, Bug 
83231,Neon,1,8,2013-4,07-11-2013, Bug 
83233,Neon,1,13,2013-4,07-11-2013, Bug 
83237,Neon,1,13,2013-4,07-11-2013, Bug 
83408,Neon,1,8,2013-4,12-11-2013, Bug 
24399,Neon,2,1,2010-3,16-09-2010, Bug 
24400,Neon,2,1,2010-3,16-09-2010, Bug 
24760,Neon,2,7,2011-3,08-07-2011, Bug 
26143,Neon,2,2,2010-4,27-10-2010, Bug 
28775,Neon,2,2,2010-4,10-11-2010, Bug 
44816,Neon,2,2,2011-1,16-02-2011, Bug 
45172,Neon,2,10,2011-2,25-05-2011, Bug 
48017,Neon,2,6,2011-1,10-03-2011, Bug 
50905,Neon,2,1,2011-1,15-03-2011, Bug 
50928,Neon,2,1,2011-1,17-03-2011, Bug 
52018,Neon,2,2,2011-1,21-03-2011, Feature 
52141,Neon,2,2,2011-1,21-03-2011, Bug 
52142,Neon,2,1,2011-1,21-03-2011, Bug 
52152,Neon,2,4,2011-1,21-03-2011, Bug 
54047,Neon,2,6,2011-1,31-03-2011, Bug 
57783,Neon,2,12,2011-2,25-05-2011, Bug 
57990,Neon,2,3,2011-2,30-05-2011, Bug 
58118,Neon,2,2,2011-2,08-06-2011, Feature 
58169,Neon,2,1,2011-2,02-06-2011, Bug 
58283,Neon,2,3,2011-2,09-06-2011, Bug 
58371,Neon,2,8,2011-2,23-06-2011, Bug 
58445,Neon,2,9,2011-2,14-06-2011, Bug 
58446,Neon,2,1,2011-2,14-06-2011, Bug 
59426,Neon,2,4,2011-3,15-07-2011, Bug 
60424,Neon,2,2,2011-4,17-10-2011, Bug 
60600,Neon,2,3,2011-3,27-09-2011, Bug 
61451,Neon,2,6,2012-1,24-02-2012, Bug 
61602,Neon,2,1,2011-4,18-10-2011, Bug 
62364,Neon,2,5,2011-4,17-11-2011, Bug 
62365,Neon,2,2,2011-4,16-11-2011, Bug 
63303,Neon,2,2,2011-4,08-12-2011, Bug 
63454,Neon,2,2,2011-4,13-12-2011, Bug 
64021,Neon,2,1,2012-1,09-01-2012, Bug 
64958,Neon,2,2,2012-1,08-02-2012, Bug 
64967,Neon,2,2,2012-1,14-02-2012, Bug 
64971,Neon,2,2,2012-1,14-02-2012, Bug 
65872,Neon,2,5,2012-1,02-03-2012, Bug 
66850,Neon,2,1,2012-1,26-03-2012, Bug 
68315,Neon,2,2,2012-2,24-05-2012, Bug 
69796,Neon,2,4,2012-3,20-07-2012, Bug 
69806,Neon,2,3,2012-3,17-07-2012, Bug 
70629,Neon,2,7,2012-3,23-08-2012, Bug 
70770,Neon,2,2,2012-3,28-08-2012, Bug 
70772,Neon,2,5,2012-3,07-09-2012, Bug 
70822,Neon,2,2,2012-3,29-08-2012, Bug 
71823,Neon,2,7,2012-3,28-09-2012, Bug 
71824,Neon,2,7,2012-3,28-09-2012, Bug 
71957,Neon,2,11,2012-4,05-10-2012, Bug 
71966,Neon,2,11,2012-4,05-10-2012, Bug 
72121,Neon,2,6,2012-4,05-10-2012, Bug 
73670,Neon,2,8,2013-1,10-01-2013, Bug 
73687,Neon,2,2,2012-4,27-11-2012, Feature 
73935,Neon,2,1,2012-4,05-12-2012, Bug 
73986,Neon,2,2,2012-4,11-12-2012, Bug 
74504,Neon,2,9,2013-1,08-01-2013, Bug 
74908,Neon,2,11,2013-1,07-02-2013, Bug 
75237,Neon,2,7,2013-1,24-01-2013, Bug 
75675,Neon,2,7,2013-1,27-02-2013, Bug 
75779,Neon,2,1,2013-1,05-02-2013, Feature 
76618,Neon,2,5,2013-1,01-03-2013, Bug 
77116,Neon,2,5,2013-1,21-03-2013, Bug 
77570,Neon,2,4,2013-2,05-04-2013, Bug 
79291,Neon,2,4,2013-2,21-06-2013, Bug 
79764,Neon,2,3,2013-2,19-06-2013, Bug 
80014,Neon,2,2,2013-2,26-06-2013, Bug 
81091,Neon,2,1,2013-3,12-08-2013, Feature 
81459,Neon,2,5,2013-3,12-09-2013, Bug 
81576,Neon,2,1,2013-3,02-09-2013, Feature 
81746,Neon,2,1,2013-3,10-09-2013, Bug 
82724,Neon,2,1,2013-4,18-10-2013, Feature 
83018,Neon,2,1,2013-4,30-10-2013, Bug 
83147,Neon,2,2,2013-4,05-11-2013, Bug 
83148,Neon,2,2,2013-4,05-11-2013, Bug 
83761,Neon,2,2,2013-4,11-12-2013, Bug 
23991,Neon,3,1,2010-3,07-09-2010, Bug 
24348,Neon,3,1,2010-3,15-09-2010, Bug 
24349,Neon,3,1,2010-3,15-09-2010, Bug 
24719,Neon,3,1,2010-3,28-09-2010, Bug 
26299,Neon,3,6,2010-4,28-10-2010, Bug 
29975,Neon,3,21,2011-1,10-02-2011, Bug 
31355,Neon,3,2,2010-4,25-11-2010, Bug 
32459,Neon,3,1,2010-4,02-12-2010, Bug 
34585,Neon,3,8,2010-4,16-12-2010, Bug 
37516,Neon,3,7,2011-1,16-02-2011, Bug 
45859,Neon,3,5,2011-1,18-02-2011, Bug 
45860,Neon,3,3,2011-1,21-02-2011, Bug 
46513,Neon,3,2,2011-1,22-02-2011, Bug 
46517,Neon,3,2,2011-1,22-02-2011, Bug 
47756,Neon,3,2,2011-1,28-02-2011, Bug 
52366,Neon,3,27,2011-2,11-05-2011, Bug 
53491,Neon,3,8,2011-1,28-03-2011, Bug 
57484,Neon,3,25,2011-2,12-05-2011, Bug 
57486,Neon,3,7,2011-2,13-05-2011, Bug 
58095,Neon,3,6,2012-1,23-02-2012, Bug 
58230,Neon,3,4,2011-2,07-06-2011, Bug 
58527,Neon,3,2,2011-2,15-06-2011, Bug 
58634,Neon,3,1,2011-2,16-06-2011, Bug 
58635,Neon,3,1,2011-2,16-06-2011, Bug 
58636,Neon,3,1,2011-2,16-06-2011, Bug 
58809,Neon,3,2,2011-2,21-06-2011, Bug 
58822,Neon,3,2,2011-2,21-06-2011, Bug 
58824,Neon,3,3,2011-2,21-06-2011, Bug 
58970,Neon,3,4,2011-2,27-06-2011, Bug 
60007,Neon,3,1,2011-3,26-08-2011, Bug 
60008,Neon,3,5,2011-3,26-08-2011, Bug 
60025,Neon,3,7,2011-3,22-09-2011, Bug 
60252,Neon,3,5,2011-3,01-09-2011, Bug 
61998,Neon,3,5,2012-1,27-02-2012, Bug 
63669,Neon,3,10,2012-1,18-02-2012, Bug 
66061,Neon,3,8,2012-1,08-03-2012, Bug 
67868,Neon,3,1,2012-2,10-05-2012, Bug 
68018,Neon,3,4,2012-2,17-05-2012, Bug 
68809,Neon,3,1,2012-2,13-06-2012, Bug 
69742,Neon,3,1,2012-3,13-07-2012, Bug 
69803,Neon,3,3,2012-3,17-07-2012, Bug 
70309,Neon,3,7,2012-3,05-09-2012, Bug 
70726,Neon,3,3,2012-3,27-08-2012, Bug 
71943,Neon,3,3,2012-4,03-10-2012, Bug 
71944,Neon,3,7,2012-4,05-10-2012, Bug 
72815,Neon,3,3,2012-4,27-10-2012, Bug 
72893,Neon,3,14,2013-1,23-01-2013, Bug 
73385,Neon,3,3,2012-4,17-11-2012, Bug 
73424,Neon,3,1,2012-4,20-11-2012, Bug 
75800,Neon,3,1,2013-1,05-02-2013, Feature 
78067,Neon,3,1,2013-2,25-04-2013, Bug 
78754,Neon,3,1,2013-2,20-05-2013, Feature 
79549,Neon,3,6,2013-2,20-06-2013, Bug 
80915,Neon,3,1,2013-3,01-08-2013, Feature 
81237,Neon,3,10,2013-3,21-08-2013, Bug 
83496,Neon,3,7,2013-4,14-11-2013, Bug 
24511,Neon,4,3,2011-2,24-05-2011, Bug 
25117,Neon,4,2,2010-4,07-10-2010, Bug 
25370,Neon,4,10,2010-4,25-10-2010, Bug 
25377,Neon,4,1,2010-4,18-10-2010, Bug 
25380,Neon,4,1,2010-4,18-10-2010, Bug 
29680,Neon,4,1,2010-4,23-11-2010, Bug 
31104,Neon,4,7,2010-4,23-11-2010, Bug 
45163,Neon,4,8,2011-2,30-05-2011, Bug 
48013,Neon,4,5,2011-1,03-03-2011, Bug 
48150,Neon,4,6,2011-1,02-03-2011, Feature 
53528,Neon,4,4,2011-1,28-03-2011, Bug 
57511,Neon,4,3,2011-2,24-05-2011, Bug 
57895,Neon,4,6,2011-2,24-06-2011, Bug 
58098,Neon,4,4,2011-2,31-05-2011, Bug 
58348,Neon,4,5,2011-2,23-06-2011, Bug 
59127,Neon,4,3,2011-3,01-07-2011, Bug 
59128,Neon,4,3,2011-3,01-07-2011, Bug 
59476,Neon,4,5,2011-3,19-09-2011, Bug 
59912,Neon,4,10,2011-4,02-10-2011, Bug 
60226,Neon,4,6,2011-3,31-08-2011, Bug 
60356,Neon,4,9,2011-3,05-09-2011, Bug 
60787,Neon,4,2,2011-3,19-09-2011, Bug 
61604,Neon,4,7,2011-4,09-11-2011, Bug 
63046,Neon,4,4,2011-4,02-12-2011, Bug 
63080,Neon,4,4,2011-4,02-12-2011, Bug 
64221,Neon,4,8,2012-1,11-01-2012, Bug 
64222,Neon,4,13,2012-1,11-01-2012, Bug 
64953,Neon,4,1,2012-1,10-02-2012, Bug 
64956,Neon,4,2,2012-1,15-02-2012, Bug 
66852,Neon,4,7,2012-2,05-04-2012, Bug 
66916,Neon,4,3,2012-1,27-03-2012, Bug 
70214,Neon,4,2,2012-3,09-08-2012, Bug 
70215,Neon,4,4,2012-3,10-08-2012, Bug 
70303,Neon,4,4,2012-3,14-08-2012, Bug 
70304,Neon,4,4,2012-3,14-08-2012, Bug 
70725,Neon,4,3,2012-3,27-08-2012, Bug 
70918,Neon,4,11,2012-3,31-08-2012, Feature 
72804,Neon,4,1,2012-4,28-10-2012, Bug 
74156,Neon,4,8,2013-1,01-02-2013, Bug 
74157,Neon,4,4,2013-1,11-02-2013, Bug 
74197,Neon,4,2,2012-4,10-12-2012, Feature 
75763,Neon,4,6,2013-1,08-02-2013, Bug 
79508,Neon,4,21,2013-3,21-08-2013, Feature 
79895,Neon,4,4,2013-2,21-06-2013, Bug 
81010,Neon,4,27,2013-3,06-08-2013, Bug 
81550,Neon,4,12,2013-3,05-09-2013, Bug 
81571,Neon,4,6,2013-3,31-08-2013, Bug 
82653,Neon,4,3,2013-4,16-10-2013, Bug 
83369,Neon,4,5,2013-4,21-11-2013, Bug 
84251,Neon,4,6,2013-4,18-12-2013, Bug 
24457,Neon,5,2,2010-3,20-09-2010, Bug 
28789,Neon,5,1,2010-4,11-11-2010, Bug 
30892,Neon,5,4,2010-4,22-11-2010, Bug 
30893,Neon,5,5,2010-4,22-11-2010, Bug 
34602,Neon,5,20,2010-4,16-12-2010, Bug 
38915,Neon,5,11,2011-1,17-01-2011, Bug 
39769,Neon,5,24,2011-1,17-01-2011, Feature 
40661,Neon,5,4,2011-1,21-01-2011, Bug 
47801,Neon,5,2,2011-1,28-02-2011, Bug 
49422,Neon,5,12,2011-2,23-05-2011, Bug 
57981,Neon,5,6,2011-2,01-06-2011, Bug 
58673,Neon,5,6,2011-2,17-06-2011, Bug 
58674,Neon,5,3,2011-2,17-06-2011, Bug 
59914,Neon,5,2,2011-4,17-10-2011, Bug 
60034,Neon,5,3,2011-4,13-10-2011, Bug 
60617,Neon,5,21,2011-3,13-09-2011, Bug 
61357,Neon,5,7,2011-4,11-10-2011, Bug 
61697,Neon,5,12,2011-4,23-10-2011, Bug 
63206,Neon,5,3,2011-4,05-12-2011, Bug 
63629,Neon,5,14,2012-1,16-02-2012, Bug 
64261,Neon,5,8,2012-1,16-01-2012, Bug 
66015,Neon,5,2,2012-1,06-03-2012, Bug 
66856,Neon,5,2,2012-1,26-03-2012, Bug 
66857,Neon,5,3,2012-1,26-03-2012, Bug 
67519,Neon,5,10,2012-2,05-06-2012, Bug 
68365,Neon,5,16,2012-2,28-05-2012, Bug 
68852,Neon,5,2,2012-2,14-06-2012, Bug 
70623,Neon,5,3,2012-3,27-08-2012, Bug 
70624,Neon,5,11,2012-3,27-08-2012, Bug 
73985,Neon,5,4,2012-4,06-12-2012, Bug 
74094,Neon,5,2,2012-4,10-12-2012, Bug 
74210,Neon,5,2,2012-4,11-12-2012, Bug 
74224,Neon,5,1,2012-4,11-12-2012, Bug 
75293,Neon,5,2,2013-1,19-01-2013, Bug 
77054,Neon,5,8,2013-1,15-03-2013, Bug 
77932,Neon,5,3,2013-2,22-04-2013, Bug 
20657,Neon,6,4,2010-4,14-10-2010, Feature 
23216,Neon,6,2,2010-3,16-09-2010, Bug 
23266,Neon,6,2,2010-3,16-09-2010, Bug 
24405,Neon,6,1,2010-3,16-09-2010, Bug 
37498,Neon,6,8,2011-1,22-02-2011, Feature 
40382,Neon,6,8,2011-1,20-01-2011, Feature 
41905,Neon,6,2,2011-1,01-02-2011, Bug 
51234,Neon,6,2,2011-1,17-03-2011, Bug 
58159,Neon,6,16,2011-3,15-08-2011, Bug 
58536,Neon,6,1,2011-2,17-06-2011, Bug 
59029,Neon,6,2,2011-2,28-06-2011, Bug 
60220,Neon,6,6,2011-3,01-09-2011, Bug 
60244,Neon,6,13,2011-3,31-08-2011, Bug 
61654,Neon,6,27,2011-4,19-10-2011, Bug 
61679,Neon,6,1,2011-4,31-10-2011, Bug 
62716,Neon,6,3,2012-1,29-02-2012, Bug 
63031,Neon,6,7,2012-4,03-10-2012, Bug 
64163,Neon,6,1,2012-1,11-01-2012, Bug 
64644,Neon,6,1,2012-1,25-01-2012, Bug 
64960,Neon,6,1,2012-1,14-02-2012, Bug 
67701,Neon,6,1,2012-2,02-05-2012, Bug 
68390,Neon,6,2,2012-2,29-05-2012, Bug 
69752,Neon,6,4,2012-3,13-07-2012, Bug 
71909,Neon,6,9,2012-4,03-10-2012, Bug 
73882,Neon,6,4,2012-4,05-12-2012, Bug 
74092,Neon,6,8,2013-1,20-02-2013, Bug 
76041,Neon,6,9,2013-1,19-02-2013, Bug 
76059,Neon,6,10,2013-1,20-02-2013, Bug 
77206,Neon,6,10,2013-1,23-03-2013, Bug 
79856,Neon,6,5,2013-2,20-06-2013, Bug 
81322,Neon,6,12,2013-3,21-08-2013, Bug 
53523,Neon,7,11,2011-1,29-03-2011, Bug 
53525,Neon,7,12,2011-1,28-03-2011, Bug 
53816,Neon,7,2,2011-1,31-03-2011, Bug 
55313,Neon,7,15,2011-3,22-09-2011, Bug 
57576,Neon,7,7,2011-2,18-05-2011, Bug 
57577,Neon,7,7,2011-2,18-05-2011, Bug 
57729,Neon,7,3,2011-2,30-05-2011, Bug 
59466,Neon,7,5,2011-3,15-07-2011, Bug 
60036,Neon,7,2,2011-3,25-08-2011, Bug 
60712,Neon,7,11,2011-3,16-09-2011, Bug 
68690,Neon,7,2,2012-2,11-06-2012, Bug 
68914,Neon,7,2,2012-3,09-07-2012, Bug 
69663,Neon,7,5,2012-3,12-07-2012, Bug 
69751,Neon,7,4,2012-3,21-07-2012, Bug 
69779,Neon,7,4,2012-3,16-07-2012, Bug 
69780,Neon,7,8,2012-3,16-07-2012, Bug 
70535,Neon,7,2,2012-3,22-08-2012, Bug 
70536,Neon,7,1,2012-3,21-08-2012, Bug 
70627,Neon,7,2,2012-3,23-08-2012, Bug 
70724,Neon,7,7,2012-3,14-09-2012, Bug 
71305,Neon,7,7,2012-3,14-09-2012, Bug 
74072,Neon,7,2,2012-4,08-12-2012, Bug 
76024,Neon,7,1,2013-1,11-02-2013, Bug 
76703,Neon,7,17,2013-1,09-03-2013, Bug 
80032,Neon,7,2,2013-2,26-06-2013, Bug 
81273,Neon,7,1,2013-3,19-08-2013, Feature 
81809,Neon,7,1,2013-4,04-11-2013, Bug 
24567,Neon,8,4,2010-4,18-10-2010, Bug 
24844,Neon,8,7,2010-3,29-09-2010, Bug 
24878,Neon,8,16,2010-3,30-09-2010, Bug 
24879,Neon,8,18,2010-3,30-09-2010, Bug 
24998,Neon,8,4,2010-4,18-10-2010, Bug 
37669,Neon,8,6,2011-1,11-02-2011, Bug 
41874,Neon,8,6,2011-1,28-01-2011, Bug 
59515,Neon,8,1,2011-3,25-07-2011, Bug 
61623,Neon,8,10,2011-4,19-10-2011, Bug 
62813,Neon,8,9,2011-4,23-11-2011, Bug 
67536,Neon,8,2,2012-2,24-04-2012, Bug 
67706,Neon,8,7,2012-2,03-05-2012, Bug 
69825,Neon,8,13,2012-3,19-07-2012, Feature 
73718,Neon,8,8,2012-4,28-11-2012, Bug 
74251,Neon,8,1,2012-4,11-12-2012, Bug 
76861,Neon,8,6,2013-1,21-03-2013, Bug 
78440,Neon,8,16,2013-2,07-05-2013, Bug 
80216,Neon,8,3,2013-3,02-07-2013, Bug 
81747,Neon,8,11,2013-3,10-09-2013, Feature 
83472,Neon,8,12,2013-4,14-11-2013, Bug 
24825,Neon,9,6,2010-4,07-10-2010, Bug 
24836,Neon,9,23,2010-4,11-10-2010, Bug 
24866,Neon,9,8,2010-4,12-10-2010, Bug 
24868,Neon,9,2,2010-4,13-10-2010, Bug 
43122,Neon,9,13,2011-1,09-02-2011, Bug 
44337,Neon,9,8,2011-1,09-02-2011, Bug 
44338,Neon,9,8,2011-1,09-02-2011, Bug 
47013,Neon,9,1,2011-1,24-02-2011, Bug 
47014,Neon,9,1,2011-1,24-02-2011, Bug 
61196,Neon,9,5,2011-4,04-10-2011, Bug 
63859,Neon,9,4,2012-1,28-02-2012, Bug 
66932,Neon,9,1,2012-1,29-03-2012, Bug 
67565,Neon,9,2,2012-2,25-04-2012, Bug 
67809,Neon,9,7,2012-3,03-08-2012, Bug 
69240,Neon,9,10,2012-3,13-07-2012, Bug 
69731,Neon,9,11,2012-3,12-07-2012, Bug 
70778,Neon,9,2,2012-3,25-09-2012, Bug 
71414,Neon,9,7,2012-3,18-09-2012, Bug 
72513,Neon,9,5,2012-4,19-10-2012, Bug 
72886,Neon,9,7,2012-4,29-10-2012, Bug 
72887,Neon,9,1,2012-4,29-10-2012, Bug 
73678,Neon,9,4,2013-1,21-01-2013, Bug 
75226,Neon,9,4,2013-1,18-01-2013, Feature 
81009,Neon,9,22,2013-3,06-08-2013, Bug 
81808,Neon,9,5,2013-3,16-09-2013, Bug 
81845,Neon,9,5,2013-3,13-09-2013, Bug 
81846,Neon,9,8,2013-3,13-09-2013, Bug 
82910,Neon,9,2,2013-4,06-11-2013, Bug 
83211,Neon,9,8,2013-4,07-11-2013, Bug 
24293,Neon,10,3,2010-3,14-09-2010, Bug 
30355,Neon,10,11,2010-4,18-11-2010, Bug 
39102,Neon,10,14,2011-1,20-01-2011, Bug 
41404,Neon,10,16,2011-1,24-02-2011, Feature 
52153,Neon,10,4,2011-1,21-03-2011, Bug 
57905,Neon,10,5,2011-2,27-05-2011, Bug 
58132,Neon,10,1,2011-2,21-06-2011, Bug 
58280,Neon,10,15,2011-2,08-06-2011, Bug 
60027,Neon,10,22,2011-3,23-08-2011, Bug 
60399,Neon,10,3,2012-3,23-07-2012, Bug 
60868,Neon,10,4,2011-4,11-10-2011, Bug 
61215,Neon,10,2,2012-1,16-01-2012, Bug 
63228,Neon,10,1,2011-4,07-12-2011, Bug 
63405,Neon,10,1,2012-1,17-01-2012, Bug 
70213,Neon,10,2,2012-3,09-08-2012, Bug 
73316,Neon,10,7,2012-4,15-11-2012, Feature 
73706,Neon,10,8,2012-4,27-11-2012, Bug 
75166,Neon,10,2,2013-1,17-01-2013, Bug 
63277,Neon,10,6,2013-3,20-09-2013, Feature 
66418,Neon,10,5,2013-4,26-12-2013, Feature 
77467,Neon,10,7,2013-2,02-04-2013, Bug 
78716,Neon,10,20,2013-2,17-05-2013, Bug 
83023,Neon,10,8,2013-4,30-10-2013, Bug 
49449,Neon,11,27,2011-1,31-03-2011, Bug 
57840,Neon,11,8,2011-2,24-05-2011, Bug 
59774,Neon,11,15,2011-3,09-08-2011, Bug 
60419,Neon,11,4,2011-3,12-09-2011, Bug 
64267,Neon,11,8,2012-1,16-01-2012, Bug 
64275,Neon,11,11,2012-1,13-01-2012, Bug 
67082,Neon,11,14,2012-2,03-04-2012, Feature 
67779,Neon,11,3,2012-2,09-05-2012, Bug 
68680,Neon,11,2,2012-2,11-06-2012, Bug 
69750,Neon,11,8,2012-3,13-07-2012, Bug 
69852,Neon,11,7,2012-3,23-07-2012, Feature 
70562,Neon,11,5,2012-3,25-08-2012, Bug 
70566,Neon,11,2,2012-3,28-08-2012, Bug 
71378,Neon,11,8,2012-3,18-09-2012, Bug 
71379,Neon,11,9,2012-3,25-09-2012, Bug 
77837,Neon,11,26,2013-2,17-04-2013, Bug 
80039,Neon,11,5,2013-2,26-06-2013, Bug 
81625,Neon,11,10,2013-3,03-09-2013, Bug 
83238,Neon,11,13,2013-4,07-11-2013, Bug 
24416,Neon,12,15,2010-3,28-09-2010, Feature 
24629,Neon,12,5,2010-3,23-09-2010, Bug 
33422,Neon,12,5,2010-4,08-12-2010, Bug 
51072,Neon,12,8,2011-1,21-03-2011, Bug 
59739,Neon,12,3,2011-4,11-10-2011, Feature 
59983,Neon,12,18,2011-3,22-08-2011, Bug 
60628,Neon,12,21,2011-3,13-09-2011, Bug 
60665,Neon,12,2,2011-4,03-10-2011, Bug 
61495,Neon,12,6,2011-4,13-10-2011, Bug 
61500,Neon,12,1,2011-4,14-10-2011, Feature 
63678,Neon,12,1,2011-4,20-12-2011, Bug 
64513,Neon,12,5,2012-1,19-01-2012, Bug 
65682,Neon,12,5,2012-1,23-02-2012, Feature 
67497,Neon,12,2,2012-2,25-04-2012, Bug 
70917,Neon,12,4,2012-3,31-08-2012, Feature 
72694,Neon,12,8,2013-1,17-01-2013, Bug 
74001,Neon,12,4,2012-4,07-12-2012, Feature 
75801,Neon,12,7,2013-1,05-02-2013, Bug 
76009,Neon,12,1,2013-1,11-02-2013, Bug 
76396,Neon,12,10,2013-1,23-02-2013, Bug 
77320,Neon,12,22,2013-1,25-03-2013, Bug 
77798,Neon,12,2,2013-2,16-04-2013, Bug 
80470,Neon,12,2,2013-3,10-07-2013, Bug 
83271,Neon,12,12,2013-4,08-11-2013, Bug 
21389,Neon,13,6,2010-4,01-10-2010, Bug 
24856,Neon,13,2,2010-4,05-10-2010, Bug 
57242,Neon,13,15,2011-2,27-05-2011, Bug 
57370,Neon,13,22,2011-2,18-05-2011, Bug 
57572,Neon,13,16,2011-2,18-05-2011, Bug 
58134,Neon,13,3,2011-2,29-06-2011, Bug 
58177,Neon,13,12,2011-2,03-06-2011, Bug 
60829,Neon,13,17,2011-3,20-09-2011, Bug 
66854,Neon,13,1,2012-1,26-03-2012, Bug 
66926,Neon,13,6,2012-1,29-03-2012, Bug 
68526,Neon,13,1,2012-2,05-06-2012, Bug 
68658,Neon,13,2,2012-2,09-06-2012, Bug 
72514,Neon,13,2,2012-4,16-10-2012, Bug 
72623,Neon,13,11,2012-4,19-10-2012, Feature 
72711,Neon,13,8,2012-4,23-10-2012, Feature 
74226,Neon,13,2,2012-4,11-12-2012, Feature 
79928,Neon,13,10,2013-2,25-06-2013, Bug 
81555,Neon,13,6,2013-3,30-08-2013, Feature 
84063,Neon,13,3,2013-4,11-12-2013, Bug 
19762,Neon,14,8,2011-1,09-02-2011, Bug 
21835,Neon,14,4,2010-3,21-09-2010, Bug 
24861,Neon,14,2,2010-4,06-10-2010, Bug 
30180,Neon,14,3,2010-4,21-11-2010, Bug 
30213,Neon,14,3,2010-4,21-11-2010, Bug 
37517,Neon,14,7,2011-1,09-02-2011, Bug 
41418,Neon,14,10,2011-1,31-01-2011, Bug 
41426,Neon,14,10,2011-1,31-01-2011, Bug 
44112,Neon,14,9,2011-2,02-06-2011, Bug 
48023,Neon,14,14,2011-1,01-03-2011, Feature 
57495,Neon,14,4,2011-2,13-05-2011, Bug 
58273,Neon,14,2,2011-2,08-06-2011, Bug 
60420,Neon,14,7,2011-3,13-09-2011, Bug 
62303,Neon,14,6,2011-4,10-11-2011, Bug 
62601,Neon,14,15,2011-4,16-11-2011, Bug 
62603,Neon,14,5,2011-4,28-11-2011, Bug 
67209,Neon,14,7,2012-3,06-08-2012, Bug 
68801,Neon,14,1,2012-2,12-06-2012, Feature 
70727,Neon,14,2,2012-3,27-08-2012, Bug 
70728,Neon,14,3,2012-3,27-08-2012, Bug 
70730,Neon,14,2,2012-3,28-08-2012, Feature 
70731,Neon,14,2,2012-3,27-08-2012, Feature 
72500,Neon,14,9,2013-1,30-01-2013, Bug 
73351,Neon,14,4,2012-4,16-11-2012, Feature 
75588,Neon,14,15,2013-1,05-02-2013, Feature 
75877,Neon,14,1,2013-1,07-02-2013, Bug 
76447,Neon,14,5,2013-1,25-02-2013, Bug 
77111,Neon,14,5,2013-1,22-03-2013, Bug 
82649,Neon,14,2,2013-4,16-10-2013, Bug 
83551,Neon,14,5,2013-4,15-11-2013, Bug 
83669,Neon,14,6,2013-4,21-11-2013, Bug 
25445,Neon,15,14,2010-4,23-12-2010, Feature 
31124,Neon,15,9,2011-1,11-01-2011, Bug 
57877,Neon,15,1,2011-2,25-05-2011, Bug 
61120,Neon,15,4,2011-3,30-09-2011, Bug 
64164,Neon,15,22,2012-1,16-01-2012, Bug 
67834,Neon,15,6,2012-2,09-05-2012, Bug 
67909,Neon,15,6,2012-2,11-05-2012, Bug 
68107,Neon,15,1,2012-2,21-05-2012, Bug 
72848,Neon,15,8,2012-4,29-10-2012, Bug 
72849,Neon,15,2,2012-4,29-10-2012, Bug 
75589,Neon,15,19,2013-1,01-02-2013, Feature 
21391,Neon,16,1,2012-1,06-02-2012, Bug 
30064,Neon,16,1,2010-4,24-11-2010, Bug 
30066,Neon,16,1,2010-4,24-11-2010, Bug 
33423,Neon,16,5,2010-4,08-12-2010, Bug 
35907,Neon,16,10,2010-4,27-12-2010, Feature 
41409,Neon,16,10,2011-1,31-01-2011, Bug 
41410,Neon,16,10,2011-1,31-01-2011, Bug 
43109,Neon,16,18,2011-1,03-02-2011, Bug 
43855,Neon,16,8,2011-1,14-02-2011, Bug 
48012,Neon,16,7,2011-1,01-03-2011, Bug 
58007,Neon,16,10,2011-2,07-06-2011, Bug 
59448,Neon,16,7,2011-3,16-09-2011, Feature 
60038,Neon,16,15,2011-3,30-08-2011, Bug 
60130,Neon,16,4,2011-3,26-08-2011, Bug 
64647,Neon,16,9,2012-1,22-03-2012, Bug 
65207,Neon,16,6,2012-1,07-03-2012, Bug 
67503,Neon,16,7,2012-2,03-05-2012, Bug 
71308,Neon,16,3,2012-3,16-09-2012, Feature 
72661,Neon,16,3,2012-4,22-10-2012, Bug 
74003,Neon,16,4,2012-4,07-12-2012, Bug 
74576,Neon,16,23,2013-1,02-01-2013, Bug 
80035,Neon,16,1,2013-2,26-06-2013, Bug 
80189,Neon,16,3,2013-3,02-07-2013, Bug 
81053,Neon,16,1,2013-3,08-08-2013, Feature 
81233,Neon,16,2,2013-3,29-08-2013, Bug 
83646,Neon,16,7,2013-4,20-11-2013, Bug 
84309,Neon,16,7,2013-4,17-12-2013, Bug 
24832,Neon,17,15,2010-4,08-10-2010, Bug 
43871,Neon,17,11,2011-1,11-02-2011, Bug 
58299,Neon,17,9,2011-2,08-06-2011, Bug 
59543,Neon,17,11,2011-3,26-08-2011, Bug 
61271,Neon,17,7,2011-4,14-11-2011, Bug 
62465,Neon,17,7,2011-4,16-11-2011, Bug 
63658,Neon,17,9,2012-1,21-02-2012, Bug 
64961,Neon,17,1,2012-1,08-02-2012, Bug 
66413,Neon,17,7,2012-1,15-03-2012, Bug 
66464,Neon,17,4,2012-1,16-03-2012, Feature 
67531,Neon,17,1,2012-2,24-04-2012, Bug 
69585,Neon,17,3,2012-3,09-07-2012, Bug 
77743,Neon,17,4,2013-2,12-04-2013, Feature 
83027,Neon,17,11,2013-4,22-11-2013, Bug 
83269,Neon,17,12,2013-4,08-11-2013, Bug 
24863,Neon,18,9,2010-4,12-10-2010, Bug 
24874,Neon,18,9,2010-4,04-10-2010, Feature 
33344,Neon,18,5,2011-1,07-01-2011, Bug 
33471,Neon,18,8,2011-1,04-01-2011, Bug 
40189,Neon,18,2,2011-1,19-01-2011, Bug 
40198,Neon,18,3,2011-1,19-01-2011, Bug 
51022,Neon,18,1,2011-1,16-03-2011, Bug 
53547,Neon,18,7,2011-1,30-03-2011, Bug 
59032,Neon,18,3,2011-2,29-06-2011, Bug 
62464,Neon,18,5,2011-4,28-11-2011, Bug 
62644,Neon,18,4,2011-4,17-11-2011, Feature 
65292,Neon,18,7,2012-1,25-02-2012, Bug 
65337,Neon,18,1,2012-1,15-02-2012, Bug 
65373,Neon,18,4,2012-1,16-02-2012, Bug 
67899,Neon,18,8,2012-2,11-05-2012, Bug 
68807,Neon,18,1,2012-2,13-06-2012, Feature 
73857,Neon,18,6,2013-1,21-02-2013, Bug 
77342,Neon,18,7,2013-1,26-03-2013, Bug 
75469,Neon,18,6,2013-3,13-09-2013, Feature 
81093,Neon,18,1,2013-3,12-08-2013, Feature 
81797,Neon,18,3,2013-3,17-09-2013, Bug 
83823,Neon,18,4,2013-4,02-12-2013, Bug 
22884,Neon,19,1,2010-3,16-09-2010, Bug 
33424,Neon,19,5,2010-4,08-12-2010, Bug 
35287,Neon,19,14,2010-4,23-12-2010, Feature 
39791,Neon,19,3,2011-1,18-01-2011, Bug 
58739,Neon,19,2,2011-2,21-06-2011, Bug 
58740,Neon,19,1,2011-2,21-06-2011, Bug 
59083,Neon,19,6,2011-2,30-06-2011, Bug 
65291,Neon,19,3,2012-2,08-05-2012, Bug 
68346,Neon,19,4,2012-2,26-05-2012, Feature 
68839,Neon,19,1,2012-2,13-06-2012, Feature 
71289,Neon,19,11,2012-3,14-09-2012, Bug 
72485,Neon,19,7,2012-4,16-10-2012, Bug 
72486,Neon,19,7,2012-4,16-10-2012, Bug 
73381,Neon,19,4,2012-4,16-11-2012, Bug 
80367,Neon,19,2,2013-3,08-07-2013, Bug 
81001,Neon,19,1,2013-3,06-08-2013, Feature 
82194,Neon,19,13,2013-3,25-09-2013, Bug 
82573,Neon,19,13,2013-4,11-10-2013, Bug 
83502,Neon,19,7,2013-4,14-11-2013, Bug 
8429,Neon,20,18,2011-2,30-05-2011, Bug 
45173,Neon,20,15,2011-2,24-05-2011, Bug 
49638,Neon,20,9,2011-1,15-03-2011, Feature 
57838,Neon,20,8,2011-2,24-05-2011, Bug 
58663,Neon,20,1,2011-2,16-06-2011, Bug 
59748,Neon,20,1,2011-3,08-08-2011, Bug 
60615,Neon,20,3,2011-4,29-11-2011, Bug 
65287,Neon,20,5,2012-2,19-04-2012, Bug 
65907,Neon,20,4,2012-1,03-03-2012, Bug 
66417,Neon,20,11,2012-2,04-06-2012, Bug 
69781,Neon,20,17,2012-3,21-07-2012, Bug 
73429,Neon,20,1,2012-4,19-11-2012, Bug 
75167,Neon,20,2,2013-1,17-01-2013, Bug 
83441,Neon,20,9,2013-4,13-11-2013, Bug 
46581,Neon,21,8,2011-2,16-05-2011, Bug 
50906,Neon,21,2,2011-1,15-03-2011, Bug 
57367,Neon,21,2,2011-2,09-05-2011, Bug 
57609,Neon,21,5,2011-2,19-05-2011, Bug 
58091,Neon,21,12,2011-2,03-06-2011, Bug 
58178,Neon,21,4,2011-2,03-06-2011, Bug 
59862,Neon,21,2,2011-3,22-08-2011, Bug 
60595,Neon,21,3,2011-3,14-09-2011, Bug 
73666,Neon,21,2,2012-4,27-11-2012, Bug 
83165,Neon,21,1,2013-4,06-11-2013, Bug 
83206,Neon,21,8,2013-4,07-11-2013, Bug 
83384,Neon,21,6,2013-4,12-11-2013, Bug 
83434,Neon,21,9,2013-4,13-11-2013, Bug 
25368,Neon,22,2,2010-4,16-10-2010, Bug 
25369,Neon,22,1,2010-4,18-10-2010, Bug 
31280,Neon,22,2,2010-4,24-11-2010, Bug 
57876,Neon,22,9,2011-2,25-05-2011, Bug 
65454,Neon,22,11,2012-1,21-02-2012, Feature 
67965,Neon,22,4,2012-2,15-05-2012, Bug 
68327,Neon,22,1,2012-2,25-05-2012, Bug 
70441,Neon,22,11,2012-3,17-08-2012, Bug 
72691,Neon,22,8,2013-1,03-01-2013, Bug 
75250,Neon,22,11,2013-1,25-01-2013, Bug 
75677,Neon,22,14,2013-1,12-02-2013, Bug 
78910,Neon,22,1,2013-2,22-05-2013, Bug 
82932,Neon,22,4,2013-4,04-11-2013, Bug 
16664,Neon,23,7,2010-4,30-11-2010, Bug 
25337,Neon,23,1,2010-4,14-10-2010, Bug 
51018,Neon,23,1,2011-1,16-03-2011, Feature 
58381,Neon,23,6,2011-2,23-06-2011, Bug 
68798,Neon,23,1,2012-2,12-06-2012, Bug 
76497,Neon,23,3,2013-1,05-03-2013, Bug 
81624,Neon,23,8,2013-3,03-09-2013, Bug 
41159,Neon,24,4,2011-1,24-01-2011, Bug 
41160,Neon,24,4,2011-1,24-01-2011, Bug 
42829,Neon,24,1,2011-1,11-03-2011, Bug 
52791,Neon,24,5,2011-1,24-03-2011, Bug 
62541,Neon,24,10,2012-1,21-02-2012, Bug 
64681,Neon,24,7,2012-2,03-05-2012, Bug 
65009,Neon,24,3,2012-1,07-02-2012, Bug 
66913,Neon,24,7,2012-2,05-04-2012, Bug 
70455,Neon,24,2,2012-3,18-08-2012, Bug 
70798,Neon,24,14,2012-3,28-08-2012, Bug 
79948,Neon,24,10,2013-2,25-06-2013, Bug 
82604,Neon,24,3,2013-4,15-10-2013, Bug 
24758,Neon,25,1,2010-4,02-11-2010, Bug 
32120,Neon,25,5,2011-1,24-01-2011, Bug 
33558,Neon,25,6,2011-1,24-02-2011, Bug 
33580,Neon,25,1,2011-1,23-02-2011, Bug 
60607,Neon,25,10,2011-4,04-10-2011, Bug 
65855,Neon,25,7,2012-2,04-05-2012, Bug 
67512,Neon,25,2,2012-2,24-04-2012, Bug 
67787,Neon,25,4,2012-2,08-05-2012, Bug 
71086,Neon,25,7,2012-3,06-09-2012, Bug 
71532,Neon,25,12,2012-3,21-09-2012, Bug 
82581,Neon,25,4,2013-4,11-10-2013, Feature 
82855,Neon,25,1,2013-4,23-10-2013, Feature 
37509,Neon,26,10,2011-1,09-02-2011, Bug 
57819,Neon,26,1,2011-2,31-05-2011, Bug 
61586,Neon,26,9,2011-4,18-10-2011, Bug 
67799,Neon,26,3,2012-2,08-05-2012, Feature 
71696,Neon,26,21,2012-3,26-09-2012, Bug 
73601,Neon,26,6,2012-4,23-11-2012, Feature 
76953,Neon,26,1,2013-1,21-03-2013, Feature 
80956,Neon,26,4,2013-3,27-08-2013, Bug 
68684,Neon,27,2,2012-2,11-06-2012, Bug 
70782,Neon,27,18,2012-3,07-09-2012, Bug 
71702,Neon,27,21,2012-3,26-09-2012, Bug 
72963,Neon,27,5,2012-4,31-10-2012, Bug 
72964,Neon,27,2,2012-4,31-10-2012, Bug 
75523,Neon,27,4,2013-1,28-01-2013, Bug 
66047,Neon,28,3,2012-1,27-03-2012, Bug 
67902,Neon,28,4,2012-2,11-05-2012, Bug 
68631,Neon,28,10,2012-2,09-06-2012, Bug 
69887,Neon,28,8,2012-3,25-07-2012, Feature 
71290,Neon,28,7,2012-3,21-09-2012, Bug 
71557,Neon,28,15,2012-4,11-10-2012, Feature 
73243,Neon,28,11,2012-4,09-11-2012, Feature 
83121,Neon,28,1,2013-4,06-11-2013, Bug 
83265,Neon,28,12,2013-4,08-11-2013, Bug 
83535,Neon,28,6,2013-4,15-11-2013, Bug 
20230,Neon,29,15,2010-4,18-10-2010, Bug 
21126,Neon,29,9,2010-3,28-09-2010, Bug 
25386,Neon,29,3,2010-4,18-10-2010, Bug 
42270,Neon,29,2,2011-1,30-01-2011, Bug 
59960,Neon,29,18,2011-3,22-08-2011, Bug 
61030,Neon,29,7,2011-4,11-10-2011, Bug 
62361,Neon,29,9,2011-4,12-12-2011, Bug 
65477,Neon,29,8,2012-1,07-03-2012, Bug 
69844,Neon,29,11,2012-3,20-07-2012, Feature 
72744,Neon,29,9,2012-4,25-10-2012, Feature 
75401,Neon,29,8,2013-1,30-01-2013, Bug 
84281,Neon,29,10,2013-4,13-12-2013, Bug 
23154,Neon,30,5,2010-3,20-09-2010, Bug 
25652,Neon,30,7,2010-4,27-10-2010, Bug 
59864,Neon,30,2,2011-3,22-08-2011, Bug 
61763,Neon,30,14,2011-4,23-10-2011, Bug 
68380,Neon,30,9,2012-3,24-07-2012, Bug 
72323,Neon,30,16,2012-4,25-10-2012, Feature 
79366,Neon,30,21,2013-2,11-06-2013, Bug 
80000,Neon,30,7,2013-2,25-06-2013, Bug 
82215,Neon,30,1,2013-3,25-09-2013, Bug 
37303,Neon,31,17,2011-1,01-02-2011, Bug 
50097,Neon,31,3,2011-1,11-03-2011, Bug 
57598,Neon,31,11,2011-2,20-05-2011, Bug 
62445,Neon,31,8,2011-4,28-11-2011, Bug 
65317,Neon,31,5,2012-1,09-03-2012, Bug 
70454,Neon,31,1,2012-3,22-08-2012, Bug 
72838,Neon,31,10,2012-4,27-10-2012, Bug 
76113,Neon,31,2,2013-1,12-02-2013, Bug 
83606,Neon,31,13,2013-4,19-11-2013, Bug 
17559,Neon,32,2,2010-4,18-10-2010, Bug 
25387,Neon,32,3,2010-4,18-10-2010, Bug 
46571,Neon,32,3,2011-1,22-02-2011, Feature 
59343,Neon,32,4,2011-3,11-07-2011, Bug 
61764,Neon,32,5,2011-4,24-10-2011, Bug 
62083,Neon,32,1,2011-4,04-11-2011, Bug 
71120,Neon,32,6,2012-3,11-09-2012, Bug 
72506,Neon,32,17,2012-4,17-10-2012, Feature 
72785,Neon,32,1,2012-4,25-10-2012, Feature 
72803,Neon,32,10,2012-4,27-10-2012, Bug 
81353,Neon,32,9,2013-3,21-08-2013, Bug 
84003,Neon,32,11,2013-4,06-12-2013, Bug 
25089,Neon,33,7,2010-4,12-10-2010, Bug 
48207,Neon,33,5,2011-1,07-03-2011, Feature 
59162,Neon,33,5,2011-3,01-07-2011, Bug 
66910,Neon,33,1,2012-1,27-03-2012, Bug 
70887,Neon,33,1,2012-3,30-08-2012, Bug 
71124,Neon,33,4,2012-3,10-09-2012, Bug 
77823,Neon,33,7,2013-2,17-04-2013, Feature 
80133,Neon,33,8,2013-3,01-07-2013, Bug 
80546,Neon,33,1,2013-3,12-07-2013, Feature 
25078,Neon,34,3,2010-4,10-10-2010, Bug 
64968,Neon,34,1,2012-1,10-02-2012, Bug 
65455,Neon,34,8,2012-1,23-02-2012, Feature 
66332,Neon,34,10,2012-2,12-05-2012, Bug 
68446,Neon,34,5,2012-2,01-06-2012, Feature 
69556,Neon,34,4,2012-3,21-07-2012, Bug 
69724,Neon,34,6,2012-3,14-07-2012, Bug 
75554,Neon,34,10,2013-1,30-01-2013, Bug 
80320,Neon,34,8,2013-3,04-07-2013, Bug 
80327,Neon,34,8,2013-3,04-07-2013, Bug 
82528,Neon,34,5,2013-4,11-10-2013, Bug 
82881,Neon,34,4,2013-4,24-10-2013, Feature 
26298,Neon,35,6,2010-4,28-10-2010, Bug 
29980,Neon,35,7,2011-1,07-01-2011, Bug 
67468,Neon,35,5,2012-2,23-04-2012, Feature 
68890,Neon,35,4,2012-2,15-06-2012, Feature 
69725,Neon,35,6,2012-3,12-07-2012, Bug 
82852,Neon,35,1,2013-4,23-10-2013, Feature 
24867,Neon,36,7,2010-4,13-10-2010, Bug 
31120,Neon,36,8,2011-1,10-01-2011, Bug 
31121,Neon,36,5,2011-1,10-01-2011, Bug 
58829,Neon,36,20,2011-3,21-09-2011, Feature 
59274,Neon,36,11,2011-3,07-07-2011, Bug 
70716,Neon,36,3,2012-3,27-08-2012, Feature 
75018,Neon,36,5,2013-1,11-01-2013, Bug 
77528,Neon,36,18,2013-2,04-04-2013, Bug 
81893,Neon,36,4,2013-3,16-09-2013, Bug 
24881,Neon,37,7,2010-4,20-10-2010, Bug 
25093,Neon,37,2,2010-4,20-10-2010, Feature 
42808,Neon,37,8,2011-1,02-02-2011, Bug 
60551,Neon,37,7,2011-3,14-09-2011, Bug 
64622,Neon,37,8,2012-1,22-03-2012, Bug 
65896,Neon,37,12,2012-1,02-03-2012, Bug 
71141,Neon,37,3,2012-3,10-09-2012, Bug 
73721,Neon,37,1,2012-4,28-11-2012, Feature 
77294,Neon,37,2,2013-1,26-03-2013, Bug 
82993,Neon,37,1,2013-4,29-10-2013, Feature 
19754,Neon,38,13,2011-1,09-02-2011, Bug 
47272,Neon,38,4,2011-1,28-02-2011, Feature 
59313,Neon,38,4,2011-3,12-07-2011, Feature 
61615,Neon,38,24,2011-4,19-10-2011, Bug 
62002,Neon,38,7,2012-1,14-02-2012, Bug 
64780,Neon,38,7,2012-1,30-01-2012, Bug 
70295,Neon,38,7,2012-3,06-09-2012, Bug 
71315,Neon,38,1,2012-3,17-09-2012, Bug 
75496,Neon,38,19,2013-1,08-02-2013, Bug 
76883,Neon,38,4,2013-1,08-03-2013, Bug 
80914,Neon,38,1,2013-3,01-08-2013, Feature 
55043,Neon,39,20,2011-2,18-05-2011, Bug 
57422,Neon,39,7,2011-2,11-05-2011, Bug 
57573,Neon,39,7,2011-2,18-05-2011, Bug 
68335,Neon,39,6,2012-2,25-05-2012, Bug 
25493,Neon,40,7,2010-4,17-12-2010, Feature 
60630,Neon,40,6,2011-3,14-09-2011, Bug 
71318,Neon,40,1,2012-3,17-09-2012, Bug 
78055,Neon,40,2,2013-2,25-04-2013, Bug 
63280,Neon,41,3,2012-2,12-06-2012, Bug 
63695,Neon,41,7,2012-1,21-03-2012, Bug 
79340,Neon,41,6,2013-2,21-06-2013, Bug 
24851,Neon,42,9,2010-4,12-10-2010, Bug 
62363,Neon,42,7,2011-4,11-11-2011, Bug 
24401,Neon,43,8,2010-3,16-09-2010, Feature 
59412,Neon,43,5,2011-3,13-07-2011, Bug 
61188,Neon,43,6,2012-1,09-03-2012, Bug 
62362,Neon,43,15,2011-4,11-11-2011, Bug 
63830,Neon,43,9,2012-1,07-03-2012, Feature 
68523,Neon,43,2,2012-2,08-06-2012, Bug 
71145,Neon,43,3,2012-3,10-09-2012, Bug 
73719,Neon,43,9,2012-4,28-11-2012, Bug 
75930,Neon,43,11,2013-1,08-02-2013, Bug 
81024,Neon,43,1,2013-3,07-08-2013, Feature 
53812,Neon,44,3,2011-1,29-03-2011, Bug 
57229,Neon,44,15,2011-2,09-05-2011, Bug 
62548,Neon,44,3,2011-4,15-11-2011, Feature 
69838,Neon,44,5,2012-3,20-07-2012, Bug 
70453,Neon,44,1,2012-3,19-08-2012, Bug 
70457,Neon,44,1,2012-3,19-08-2012, Bug 
70459,Neon,44,1,2012-3,20-08-2012, Bug 
73664,Neon,44,11,2012-4,26-11-2012, Bug 
76068,Neon,44,1,2013-1,12-02-2013, Feature 
80965,Neon,44,1,2013-3,05-08-2013, Feature 
83392,Neon,44,6,2013-4,12-11-2013, Feature 
58186,Neon,45,2,2011-2,08-06-2011, Feature 
58676,Neon,45,6,2011-2,17-06-2011, Bug 
63872,Neon,45,4,2012-1,03-01-2012, Feature 
71868,Neon,45,4,2012-4,01-10-2012, Bug 
78738,Neon,45,4,2013-2,18-05-2013, Feature 
81837,Neon,45,2,2013-3,12-09-2013, Bug 
81847,Neon,45,1,2013-3,13-09-2013, Bug 
66336,Neon,46,4,2012-2,25-05-2012, Bug 
68611,Neon,46,4,2012-2,08-06-2012, Bug 
69557,Neon,46,7,2012-3,14-07-2012, Bug 
74212,Neon,46,2,2012-4,11-12-2012, Bug 
74851,Neon,46,14,2013-1,09-01-2013, Feature 
76162,Neon,46,19,2013-2,04-04-2013, Bug 
78059,Neon,46,5,2013-2,25-04-2013, Bug 
30182,Neon,47,4,2010-4,20-11-2010, Feature 
30207,Neon,47,4,2010-4,20-11-2010, Feature 
38698,Neon,47,8,2011-1,23-02-2011, Bug 
50869,Neon,47,1,2011-1,15-03-2011, Bug 
61319,Neon,47,2,2011-4,10-10-2011, Bug 
68609,Neon,47,5,2012-2,07-06-2012, Bug 
70452,Neon,47,1,2012-3,22-08-2012, Bug 
70456,Neon,47,1,2012-3,22-08-2012, Bug 
70458,Neon,47,1,2012-3,22-08-2012, Bug 
70853,Neon,47,4,2012-3,30-08-2012, Bug 
23152,Neon,48,20,2010-3,17-09-2010, Bug 
49781,Neon,48,15,2011-2,10-05-2011, Feature 
50852,Neon,48,5,2011-3,11-07-2011, Feature 
79986,Neon,48,7,2013-2,25-06-2013, Bug 
84179,Neon,48,20,2013-4,11-12-2013, Bug 
33345,Neon,49,8,2011-1,15-02-2011, Bug 
42874,Neon,49,9,2011-1,07-02-2011, Bug 
57378,Neon,49,2,2011-2,10-05-2011, Bug 
59440,Neon,49,14,2011-3,19-07-2011, Feature 
61183,Neon,49,18,2011-4,17-10-2011, Feature 
61227,Neon,49,8,2011-4,05-10-2011, Bug 
82128,Neon,49,2,2013-3,23-09-2013, Bug 
47251,Neon,50,6,2011-1,01-03-2011, Bug 
47253,Neon,50,7,2011-1,01-03-2011, Bug 
56839,Neon,50,13,2011-2,26-05-2011, Bug 
57645,Neon,50,17,2011-3,21-09-2011, Bug 
60916,Neon,50,1,2011-3,27-09-2011, Bug 
63226,Neon,50,22,2011-4,12-12-2011, Bug 
68005,Neon,50,8,2012-2,15-05-2012, Bug 
33330,Neon,51,3,2011-1,21-02-2011, Bug 
62368,Neon,51,6,2011-4,08-12-2011, Bug 
70141,Neon,51,3,2012-3,28-08-2012, Bug 
70852,Neon,51,8,2012-3,30-08-2012, Bug 
80063,Neon,51,5,2013-2,27-06-2013, Bug 
61692,Neon,52,9,2011-4,26-10-2011, Bug 
67469,Neon,52,4,2012-2,23-04-2012, Feature 
80856,Neon,52,3,2013-3,30-07-2013, Bug 
80857,Neon,52,3,2013-3,30-07-2013, Feature 
80975,Neon,52,2,2013-3,05-08-2013, Feature 
19586,Neon,53,20,2010-4,14-10-2010, Bug 
59151,Neon,53,5,2011-3,01-07-2011, Bug 
60825,Neon,53,6,2011-3,20-09-2011, Bug 
62007,Neon,53,7,2011-4,25-11-2011, Bug 
70719,Neon,53,2,2012-3,27-08-2012, Feature 
72951,Neon,53,7,2012-4,31-10-2012, Bug 
72952,Neon,53,1,2012-4,31-10-2012, Bug 
75216,Neon,53,3,2013-1,18-01-2013, Bug 
24827,Neon,54,6,2010-4,01-10-2010, Bug 
27201,Neon,54,2,2011-3,06-07-2011, Bug 
59690,Neon,54,2,2011-3,04-08-2011, Bug 
61689,Neon,54,13,2011-4,21-10-2011, Bug 
64814,Neon,54,17,2012-1,11-02-2012, Bug 
72911,Neon,54,3,2012-4,30-10-2012, Bug 
76893,Neon,54,2,2013-1,11-03-2013, Bug 
79034,Neon,54,10,2013-2,17-06-2013, Bug 
79039,Neon,54,9,2013-2,18-06-2013, Bug 
80548,Neon,54,12,2013-3,12-07-2013, Bug 
25084,Neon,55,6,2010-4,15-10-2010, Bug 
25338,Neon,55,4,2010-4,14-10-2010, Feature 
35296,Neon,55,14,2010-4,23-12-2010, Bug 
74225,Neon,55,1,2012-4,11-12-2012, Bug 
26087,Neon,56,4,2011-1,06-01-2011, Feature 
60822,Neon,56,17,2011-3,20-09-2011, Bug 
70193,Neon,56,5,2012-3,16-08-2012, Bug 
72883,Neon,56,11,2013-1,07-01-2013, Bug 
81097,Neon,56,7,2013-3,12-08-2013, Bug 
82204,Neon,56,12,2013-3,25-09-2013, Bug 
25011,Neon,57,3,2010-4,27-10-2010, Bug 
25076,Neon,57,13,2010-4,08-10-2010, Bug 
25142,Neon,57,1,2010-4,02-11-2010, Bug 
50602,Neon,57,13,2011-1,16-03-2011, Feature 
50603,Neon,57,15,2011-1,14-03-2011, Feature 
60874,Neon,57,10,2011-3,28-09-2011, Bug 
62758,Neon,57,10,2012-1,18-02-2012, Bug 
64263,Neon,57,4,2012-1,13-01-2012, Bug 
72910,Neon,57,7,2012-4,30-10-2012, Bug 
76202,Neon,57,8,2013-1,19-02-2013, Bug 
59443,Neon,58,15,2011-3,25-07-2011, Feature 
59846,Neon,58,7,2011-3,17-08-2011, Bug 
83125,Neon,58,3,2013-4,04-11-2013, Bug 
48405,Neon,59,13,2011-1,03-03-2011, Feature 
67493,Neon,59,2,2012-2,25-04-2012, Bug 
70753,Neon,59,2,2012-3,28-08-2012, Feature 
72757,Neon,59,12,2012-4,25-10-2012, Feature 
82864,Neon,59,1,2013-4,24-10-2013, Feature 
32312,Neon,60,5,2010-4,02-12-2010, Bug 
34748,Neon,60,17,2011-1,15-02-2011, Bug 
34749,Neon,60,8,2011-1,15-02-2011, Bug 
44410,Neon,60,8,2011-1,01-03-2011, Feature 
62806,Neon,60,16,2011-4,23-11-2011, Bug 
70748,Neon,60,2,2012-3,29-08-2012, Feature 
72904,Neon,60,8,2012-4,30-10-2012, Bug 
72905,Neon,60,1,2012-4,30-10-2012, Bug 
75292,Neon,60,2,2013-1,19-01-2013, Feature 
60785,Neon,61,7,2011-3,19-09-2011, Bug 
62800,Neon,61,16,2011-4,23-11-2011, Bug 
70749,Neon,61,13,2012-3,29-08-2012, Feature 
75281,Neon,61,3,2013-1,19-01-2013, Bug 
78759,Neon,61,1,2013-2,20-05-2013, Feature 
80921,Neon,61,1,2013-3,01-08-2013, Feature 
34750,Neon,62,15,2011-1,17-02-2011, Bug 
58196,Neon,62,6,2011-2,08-06-2011, Bug 
83610,Neon,62,8,2013-4,19-11-2013, Bug 
60344,Neon,63,8,2011-3,06-09-2011, Bug 
70227,Neon,63,15,2012-3,10-08-2012, Bug 
24587,Neon,64,14,2010-3,22-09-2010, Bug 
24588,Neon,64,2,2010-3,22-09-2010, Bug 
59304,Neon,64,3,2011-3,08-07-2011, Bug 
59306,Neon,64,6,2011-3,08-07-2011, Bug 
60024,Neon,64,15,2012-1,21-02-2012, Bug 
62721,Neon,64,13,2011-4,23-11-2011, Bug 
64964,Neon,64,3,2012-1,11-02-2012, Bug 
65420,Neon,64,3,2012-1,29-02-2012, Feature 
66911,Neon,64,2,2012-1,27-03-2012, Bug 
70537,Neon,64,9,2012-3,27-09-2012, Bug 
71806,Neon,64,9,2012-4,04-10-2012, Bug 
71809,Neon,64,4,2012-3,28-09-2012, Bug 
77618,Neon,64,22,2013-2,08-04-2013, Feature 
63479,Neon,65,12,2012-1,20-02-2012, Bug 
63667,Neon,65,8,2012-3,27-07-2012, Bug 
68837,Neon,65,1,2012-2,13-06-2012, Bug 
71808,Neon,65,7,2012-3,29-09-2012, Bug 
82996,Neon,66,1,2013-4,29-10-2013, Bug 
65333,Neon,67,2,2012-1,15-02-2012, Bug 
65372,Neon,67,4,2012-1,16-02-2012, Bug 
66936,Neon,67,8,2012-2,05-04-2012, Bug 
70886,Neon,67,9,2012-3,30-08-2012, Bug 
71282,Neon,67,5,2013-1,11-01-2013, Bug 
80132,Neon,67,8,2013-3,01-07-2013, Bug 
50911,Neon,68,2,2011-1,15-03-2011, Bug 
61050,Neon,68,22,2012-1,06-03-2012, Bug 
82536,Neon,68,2,2013-4,10-10-2013, Bug 
82595,Neon,68,13,2013-4,11-10-2013, Feature 
75852,Neon,69,14,2013-1,12-02-2013, Bug 
80407,Neon,69,14,2013-3,08-07-2013, Bug 
70752,Neon,70,2,2012-3,28-08-2012, Feature 
75878,Neon,70,6,2013-1,09-02-2013, Bug 
21780,Neon,71,13,2010-4,08-10-2010, Bug 
24393,Neon,71,8,2010-4,14-10-2010, Bug 
24865,Neon,71,9,2010-4,12-10-2010, Bug 
58188,Neon,71,3,2011-2,03-06-2011, Bug 
68725,Neon,71,2,2012-2,11-06-2012, Bug 
72920,Neon,71,1,2012-4,30-10-2012, Bug 
63251,Neon,72,13,2012-1,18-01-2012, Bug 
68522,Neon,72,4,2012-2,05-06-2012, Bug 
76465,Neon,72,3,2013-1,25-02-2013, Bug 
79738,Neon,72,4,2013-2,17-06-2013, Bug 
25467,Neon,73,2,2010-4,20-10-2010, Feature 
25468,Neon,73,2,2010-4,20-10-2010, Feature 
34568,Neon,73,27,2010-4,16-12-2010, Bug 
74611,Neon,73,9,2013-1,07-02-2013, Feature 
66736,Neon,74,9,2012-2,28-05-2012, Bug 
70814,Neon,74,13,2012-3,29-08-2012, Bug 
71376,Neon,74,2,2012-3,18-09-2012, Bug 
73471,Neon,74,11,2012-4,20-11-2012, Bug 
73482,Neon,74,9,2012-4,22-11-2012, Bug 
61280,Neon,75,12,2011-4,07-10-2011, Bug 
71377,Neon,75,3,2012-3,18-09-2012, Bug 
77413,Neon,75,2,2013-2,20-05-2013, Bug 
58831,Neon,76,4,2011-3,19-09-2011, Bug 
70813,Neon,76,6,2012-3,29-08-2012, Bug 
78758,Neon,76,1,2013-2,20-05-2013, Bug 
61753,Neon,77,1,2011-4,26-10-2011, Bug 
67717,Neon,77,4,2012-2,08-05-2012, Bug 
74095,Neon,77,16,2013-1,07-01-2013, Feature 
78078,Neon,77,4,2013-2,26-04-2013, Bug 
79645,Neon,77,16,2013-3,02-07-2013, Bug 
30090,Neon,78,17,2010-4,17-11-2010, Bug 
68411,Neon,78,4,2012-2,02-06-2012, Bug 
68420,Neon,78,4,2012-2,02-06-2012, Bug 
68422,Neon,78,4,2012-2,02-06-2012, Bug 
75933,Neon,78,3,2013-1,08-02-2013, Bug 
80369,Neon,78,1,2013-3,08-07-2013, Bug 
82989,Neon,78,3,2013-4,29-10-2013, Bug 
70195,Neon,79,15,2012-3,10-08-2012, Bug 
72812,Neon,79,10,2012-4,27-10-2012, Bug 
24756,Neon,80,13,2011-1,17-02-2011, Bug 
33334,Neon,80,12,2011-1,11-02-2011, Bug 
61084,Neon,80,14,2011-3,29-09-2011, Bug 
77044,Neon,80,6,2013-1,14-03-2013, Feature 
54059,Neon,81,9,2011-1,30-03-2011, Feature 
71027,Neon,81,4,2012-3,04-09-2012, Bug 
59644,Neon,82,3,2011-3,02-08-2011, Bug 
71028,Neon,82,2,2012-3,04-09-2012, Bug 
75182,Neon,82,5,2013-1,16-01-2013, Feature 
70285,Neon,83,11,2012-3,14-08-2012, Bug 
70889,Neon,83,7,2012-3,30-08-2012, Bug 
77529,Neon,83,6,2013-2,04-04-2013, Bug 
59444,Neon,84,25,2011-3,22-08-2011, Feature 
60790,Neon,84,2,2011-3,20-09-2011, Feature 
76868,Neon,84,6,2013-1,08-03-2013, Bug 
61920,Neon,85,25,2011-4,08-11-2011, Bug 
64954,Neon,85,1,2012-1,15-02-2012, Bug 
78750,Neon,85,3,2013-2,20-05-2013, Bug 
57839,Neon,86,7,2011-2,24-05-2011, Bug 
82343,Neon,86,9,2013-4,01-10-2013, Bug 
65433,Neon,87,7,2012-2,03-05-2012, Bug 
68037,Neon,87,19,2012-2,25-05-2012, Feature 
70888,Neon,87,1,2012-3,30-08-2012, Bug 
59152,Neon,88,7,2011-3,01-07-2011, Bug 
29981,Neon,89,4,2012-1,28-02-2012, Bug 
61218,Neon,89,4,2012-1,28-02-2012, Bug 
68477,Neon,89,9,2012-2,04-06-2012, Feature 
69767,Neon,89,3,2012-3,13-07-2012, Feature 
80220,Neon,89,7,2013-3,02-07-2013, Bug 
76520,Neon,90,7,2013-1,26-02-2013, Bug 
69561,Neon,91,7,2012-3,09-07-2012, Feature 
69726,Neon,91,11,2012-3,12-07-2012, Feature 
77986,Neon,91,3,2013-2,23-04-2013, Bug 
54410,Neon,92,8,2011-2,01-04-2011, Bug 
82728,Neon,92,10,2013-4,18-10-2013, Feature 
58919,Neon,93,17,2011-2,28-06-2011, Feature 
61454,Neon,93,5,2011-4,15-10-2011, Bug 
69901,Neon,93,9,2012-3,25-07-2012, Feature 
57335,Neon,94,17,2011-2,09-05-2011, Bug 
59150,Neon,94,5,2011-3,01-07-2011, Bug 
60839,Neon,95,10,2011-3,20-09-2011, Bug 
70348,Neon,95,5,2012-3,16-08-2012, Bug 
73936,Neon,95,1,2012-4,05-12-2012, Bug 
59281,Neon,96,15,2011-3,07-07-2011, Feature 
81606,Neon,96,13,2013-3,03-09-2013, Bug 
72810,Neon,97,4,2012-4,26-10-2012, Bug 
74004,Neon,97,5,2012-4,07-12-2012, Bug 
72832,Neon,98,3,2012-4,27-10-2012, Bug 
81786,Neon,98,8,2013-3,11-09-2013, Feature 
43812,Neon,99,10,2011-1,14-02-2011, Bug 
59637,Neon,99,11,2011-3,19-09-2011, Bug 
57841,Neon,100,2,2011-2,30-05-2011, Bug 
21805,Neon,101,6,2010-4,22-10-2010, Feature 
30235,Neon,101,1,2010-4,18-11-2010, Bug 
61541,Neon,101,2,2011-4,15-10-2011, Bug 
67357,Neon,102,4,2012-3,20-07-2012, Bug 
84114,Neon,102,13,2013-4,11-12-2013, Bug 
30388,Neon,103,15,2011-1,18-01-2011, Bug 
70771,Neon,103,7,2012-3,25-09-2012, Bug 
73575,Neon,103,5,2012-4,29-11-2012, Feature 
39103,Neon,104,5,2011-1,17-01-2011, Bug 
67841,Neon,104,13,2012-2,09-05-2012, Feature 
73674,Neon,104,1,2012-4,27-11-2012, Feature 
75189,Neon,105,1,2013-1,17-01-2013, Bug 
63813,Neon,106,5,2012-1,02-01-2012, Bug 
82478,Neon,106,4,2013-4,08-10-2013, Feature 
67818,Neon,107,13,2012-2,09-05-2012, Feature 
73111,Neon,107,12,2012-4,08-11-2012, Bug 
44921,Neon,108,11,2011-1,14-02-2011, Feature 
46551,Neon,108,3,2011-1,22-02-2011, Bug 
83139,Neon,108,3,2013-4,04-11-2013, Bug 
84218,Neon,108,11,2013-4,12-12-2013, Bug 
57995,Neon,109,2,2011-2,30-05-2011, Bug 
81665,Neon,109,13,2013-3,05-09-2013, Bug 
67562,Neon,110,9,2012-2,25-04-2012, Feature 
69185,Neon,110,4,2012-2,25-06-2012, Bug 
70509,Neon,110,2,2012-3,22-08-2012, Bug 
70511,Neon,110,2,2012-3,22-08-2012, Feature 
82510,Neon,110,10,2013-4,08-10-2013, Bug 
59278,Neon,111,27,2011-3,07-07-2011, Feature 
46549,Neon,112,3,2011-1,22-02-2011, Bug 
64260,Neon,112,1,2012-1,12-01-2012, Bug 
64975,Neon,113,1,2012-1,10-02-2012, Bug 
18175,Neon,114,9,2011-1,21-02-2011, Bug 
57662,Neon,114,15,2011-2,27-05-2011, Bug 
68016,Neon,114,3,2012-2,16-05-2012, Bug 
73346,Neon,114,5,2012-4,15-11-2012, Bug 
82136,Neon,114,1,2013-3,23-09-2013, Bug 
27567,Neon,115,23,2010-4,04-11-2010, Feature 
57606,Neon,115,6,2011-2,23-06-2011, Bug 
70767,Neon,115,9,2012-3,29-08-2012, Bug 
74233,Neon,115,12,2013-1,07-01-2013, Bug 
60639,Neon,116,5,2011-3,14-09-2011, Feature 
74786,Neon,116,6,2013-1,06-02-2013, Bug 
63828,Neon,117,3,2012-1,10-01-2012, Bug 
67944,Neon,117,11,2012-2,14-05-2012, Feature 
47802,Neon,118,2,2011-1,28-02-2011, Feature 
73102,Neon,118,6,2012-4,21-11-2012, Bug 
73518,Neon,119,7,2012-4,21-11-2012, Feature 
62301,Neon,120,3,2011-4,21-11-2011, Feature 
62651,Neon,120,12,2011-4,24-11-2011, Feature 
30302,Neon,121,6,2010-4,18-11-2010, Feature 
62652,Neon,121,8,2011-4,29-11-2011, Feature 
64963,Neon,121,1,2012-1,10-02-2012, Feature 
65098,Neon,121,20,2012-1,08-02-2012, Feature 
71783,Neon,121,13,2012-3,29-09-2012, Bug 
78954,Neon,122,2,2013-2,23-05-2013, Feature 
59483,Neon,123,23,2011-3,29-08-2011, Feature 
37047,Neon,124,4,2011-1,03-01-2011, Feature 
58699,Neon,124,1,2011-2,20-06-2011, Bug 
70210,Neon,124,2,2012-3,09-08-2012, Bug 
70809,Neon,124,2,2012-3,29-08-2012, Bug 
59919,Neon,125,4,2011-3,22-08-2011, Feature 
51068,Neon,126,8,2011-1,16-03-2011, Feature 
70884,Neon,126,8,2012-3,11-09-2012, Bug 
72778,Neon,126,5,2012-4,25-10-2012, Feature 
74073,Neon,126,3,2012-4,08-12-2012, Bug 
25070,Neon,127,3,2010-4,06-10-2010, Feature 
61833,Neon,127,6,2012-1,08-02-2012, Bug 
76509,Neon,127,20,2013-1,20-03-2013, Bug 
82845,Neon,128,2,2013-4,05-11-2013, Bug 
57910,Neon,130,8,2011-2,29-06-2011, Bug 
81965,Neon,130,16,2013-4,15-10-2013, Feature 
33743,Neon,132,2,2011-1,24-02-2011, Bug 
67018,Neon,132,16,2012-2,04-04-2012, Bug 
70883,Neon,132,12,2012-3,07-09-2012, Bug 
57943,Neon,133,10,2011-2,08-06-2011, Feature 
64173,Neon,133,3,2012-1,10-01-2012, Feature 
66052,Neon,134,6,2012-1,30-03-2012, Bug 
66434,Neon,134,3,2012-1,28-03-2012, Bug 
58195,Neon,138,3,2011-2,07-06-2011, Bug 
58969,Neon,138,4,2011-2,27-06-2011, Bug 
65895,Neon,138,5,2012-1,02-03-2012, Bug 
72878,Neon,138,2,2012-4,29-10-2012, Bug 
72949,Neon,139,6,2012-4,01-11-2012, Bug 
72950,Neon,139,1,2012-4,31-10-2012, Bug 
67038,Neon,140,5,2012-2,02-04-2012, Feature 
58975,Neon,141,4,2011-2,27-06-2011, Bug 
63505,Neon,141,7,2011-4,15-12-2011, Feature 
66928,Neon,141,6,2012-2,12-06-2012, Bug 
59442,Neon,143,24,2011-3,25-07-2011, Feature 
66783,Neon,143,5,2012-1,22-03-2012, Bug 
70450,Neon,143,1,2012-3,22-08-2012, Bug 
75019,Neon,143,1,2013-1,11-01-2013, Bug 
21845,Neon,144,7,2010-3,22-09-2010, Feature 
70451,Neon,144,2,2012-3,18-08-2012, Bug 
81714,Neon,148,5,2013-3,06-09-2013, Bug 
24838,Neon,149,21,2010-3,30-09-2010, Bug 
69798,Neon,150,4,2012-3,20-07-2012, Feature 
74999,Neon,150,9,2013-1,05-02-2013, Bug 
75238,Neon,150,7,2013-1,22-01-2013, Bug 
79862,Neon,150,5,2013-2,20-06-2013, Bug 
58094,Neon,151,11,2011-2,31-05-2011, Bug 
58730,Neon,151,4,2011-2,20-06-2011, Bug 
63604,Neon,151,12,2012-1,09-02-2012, Bug 
73889,Neon,151,8,2013-1,01-02-2013, Bug 
80759,Neon,151,1,2013-3,23-07-2013, Bug 
55337,Neon,152,26,2011-2,08-04-2011, Bug 
69797,Neon,152,6,2012-3,17-07-2012, Feature 
82629,Neon,152,9,2013-4,15-10-2013, Bug 
29968,Neon,153,22,2010-4,28-12-2010, Bug 
72800,Neon,154,13,2012-4,26-10-2012, Bug 
73222,Neon,155,14,2012-4,14-11-2012, Feature 
59446,Neon,156,16,2011-3,25-07-2011, Feature 
70678,Neon,156,6,2012-3,24-08-2012, Feature 
61628,Neon,160,10,2011-4,25-10-2011, Bug 
68509,Neon,160,9,2012-2,04-06-2012, Feature 
59445,Neon,162,18,2011-3,15-07-2011, Feature 
66808,Neon,162,5,2012-1,22-03-2012, Feature 
70508,Neon,163,1,2012-3,21-08-2012, Bug 
70510,Neon,163,1,2012-3,21-08-2012, Feature 
74577,Neon,163,10,2013-1,02-01-2013, Bug 
69868,Neon,164,6,2012-3,24-07-2012, Feature 
73957,Neon,165,7,2012-4,06-12-2012, Bug 
75289,Neon,166,1,2013-1,19-01-2013, Bug 
78167,Neon,166,1,2013-2,29-04-2013, Bug 
75350,Neon,167,21,2013-1,24-01-2013, Bug 
61511,Neon,168,24,2011-4,17-10-2011, Bug 
26289,Neon,169,27,2010-4,03-11-2010, Feature 
58085,Neon,170,1,2011-2,31-05-2011, Bug 
76541,Neon,170,15,2013-1,27-02-2013, Bug 
80939,Neon,170,1,2013-3,01-08-2013, Feature 
58794,Neon,171,7,2011-2,23-06-2011, Bug 
71820,Neon,171,11,2012-3,28-09-2012, Bug 
70677,Neon,172,14,2012-3,24-08-2012, Feature 
82333,Neon,172,7,2013-4,18-10-2013, Feature 
26304,Neon,173,7,2011-1,03-03-2011, Bug 
69879,Neon,174,6,2012-3,24-07-2012, Feature 
73460,Neon,174,6,2012-4,03-12-2012, Bug 
66795,Neon,175,7,2012-1,22-03-2012, Bug 
68638,Neon,176,3,2012-2,08-06-2012, Feature 
69999,Neon,177,12,2013-1,21-03-2013, Feature 
25557,Neon,178,22,2010-4,25-10-2010, Bug 
67852,Neon,179,2,2012-2,10-05-2012, Bug 
67853,Neon,179,2,2012-2,10-05-2012, Bug 
24973,Neon,180,4,2010-4,18-10-2010, Bug 
61386,Neon,180,7,2011-4,11-10-2011, Bug 
81789,Neon,180,8,2013-3,11-09-2013, Feature 
69562,Neon,181,7,2012-3,09-07-2012, Feature 
71130,Neon,183,16,2012-3,12-09-2012, Bug 
80192,Neon,184,10,2013-3,02-07-2013, Bug 
69882,Neon,185,9,2012-3,24-07-2012, Feature 
72745,Neon,185,1,2012-4,25-10-2012, Bug 
61048,Neon,186,9,2012-1,06-03-2012, Bug 
64107,Neon,188,1,2012-1,09-01-2012, Feature 
81029,Neon,189,1,2013-3,07-08-2013, Feature 
72892,Neon,190,16,2012-4,26-11-2012, Bug 
24960,Neon,191,4,2010-4,18-10-2010, Bug 
75260,Neon,191,4,2013-1,18-01-2013, Bug 
79966,Neon,191,3,2013-2,25-06-2013, Bug 
81275,Neon,191,16,2013-3,19-08-2013, Bug 
61923,Neon,192,26,2011-4,10-11-2011, Bug 
64955,Neon,192,1,2012-1,08-02-2012, Bug 
81854,Neon,192,8,2013-3,13-09-2013, Bug 
24437,Neon,193,20,2010-3,18-09-2010, Bug 
73345,Neon,193,6,2012-4,15-11-2012, Feature 
76556,Neon,193,14,2013-1,27-02-2013, Bug 
63492,Neon,195,15,2011-4,13-12-2011, Bug 
72718,Neon,195,8,2012-4,23-10-2012, Feature 
21388,Neon,196,18,2011-3,19-07-2011, Bug 
69793,Neon,199,7,2012-3,17-07-2012, Feature 
66789,Neon,200,5,2012-1,22-03-2012, Bug 
58874,Neon,203,2,2011-2,23-06-2011, Bug 
71821,Neon,203,12,2012-4,05-10-2012, Bug 
73737,Neon,203,6,2012-4,29-11-2012, Bug 
72507,Neon,204,16,2012-4,18-10-2012, Feature 
61363,Neon,205,3,2011-4,11-10-2011, Bug 
62722,Neon,207,2,2011-4,12-12-2011, Bug 
48688,Neon,208,7,2011-1,10-03-2011, Bug 
64178,Neon,209,3,2012-1,29-02-2012, Bug 
61620,Neon,211,22,2011-4,18-10-2011, Feature 
73290,Neon,212,9,2013-1,11-01-2013, Bug 
73872,Neon,212,4,2012-4,05-12-2012, Feature 
73799,Neon,213,1,2012-4,03-12-2012, Feature 
25488,Neon,214,13,2011-1,12-01-2011, Feature 
57993,Neon,214,2,2011-2,30-05-2011, Bug 
74065,Neon,214,1,2012-4,07-12-2012, Feature 
80413,Neon,214,2,2013-3,09-07-2013, Feature 
58976,Neon,216,4,2011-2,27-06-2011, Bug 
83389,Neon,217,12,2013-4,20-11-2013, Bug 
63486,Neon,218,27,2012-1,25-02-2012, Bug 
61417,Neon,220,5,2011-4,13-10-2011, Bug 
80692,Neon,220,5,2013-3,22-07-2013, Feature 
80347,Neon,221,4,2013-3,05-07-2013, Bug 
66883,Neon,224,1,2012-1,26-03-2012, Bug 
78141,Neon,224,4,2013-2,29-04-2013, Bug 
69957,Neon,226,8,2012-3,30-07-2012, Feature 
71144,Neon,226,3,2012-4,23-10-2012, Bug 
82875,Neon,226,4,2013-4,24-10-2013, Feature 
83626,Neon,226,13,2013-4,19-11-2013, Feature 
73989,Neon,230,1,2012-4,06-12-2012, Bug 
73991,Neon,230,2,2012-4,06-12-2012, Bug 
73999,Neon,230,5,2012-4,06-12-2012, Bug 
61839,Neon,231,20,2011-4,10-11-2011, Bug 
64258,Neon,231,5,2012-1,12-01-2012, Bug 
64299,Neon,231,1,2012-1,16-01-2012, Bug 
73891,Neon,231,1,2012-4,05-12-2012, Feature 
73990,Neon,231,5,2012-4,06-12-2012, Bug 
69620,Neon,235,5,2012-3,20-07-2012, Feature 
76676,Neon,236,7,2013-1,05-03-2013, Bug 
60210,Neon,237,5,2012-1,17-02-2012, Bug 
63023,Neon,238,2,2011-4,07-12-2011, Bug 
64265,Neon,238,5,2012-1,12-01-2012, Bug 
64966,Neon,238,1,2012-1,14-02-2012, Bug 
82859,Neon,238,5,2013-4,23-10-2013, Bug 
59461,Neon,239,25,2011-3,15-07-2011, Feature 
72696,Neon,243,5,2013-1,11-03-2013, Bug 
69747,Neon,244,13,2012-3,18-07-2012, Bug 
69748,Neon,247,12,2012-3,13-07-2012, Bug 
63021,Neon,249,2,2011-4,07-12-2011, Bug 
77865,Neon,249,5,2013-2,18-04-2013, Feature 
69621,Neon,253,9,2012-3,12-07-2012, Feature 
62645,Neon,254,27,2011-4,17-11-2011, Feature 
69763,Neon,254,10,2012-3,13-07-2012, Feature 
81256,Neon,257,16,2013-3,19-08-2013, Feature 
80057,Neon,259,9,2013-3,18-09-2013, Feature 
81678,Neon,259,5,2013-3,05-09-2013, Feature 
82849,Neon,262,15,2013-4,23-10-2013, Bug 
64527,Neon,263,8,2012-1,23-01-2012, Feature 
79037,Neon,264,6,2013-2,19-06-2013, Bug 
81361,Neon,264,16,2013-3,28-08-2013, Bug 
72867,Neon,265,7,2012-4,29-10-2012, Bug 
72868,Neon,265,1,2012-4,29-10-2012, Bug 
72991,Neon,266,6,2012-4,01-11-2012, Bug 
72992,Neon,266,1,2012-4,01-11-2012, Bug 
80474,Neon,266,17,2013-3,14-08-2013, Feature 
57994,Neon,268,2,2011-2,30-05-2011, Bug 
80217,Neon,272,9,2013-3,02-07-2013, Bug 
78539,Neon,279,7,2013-2,17-05-2013, Feature 
69853,Neon,285,10,2012-3,23-07-2012, Feature 
73085,Neon,288,15,2012-4,06-11-2012, Feature 
69826,Neon,291,6,2012-3,19-07-2012, Feature 
63789,Neon,294,1,2011-4,28-12-2011, Feature 
65172,Neon,296,22,2012-1,15-02-2012, Bug 
71350,Neon,296,4,2012-3,18-09-2012, Bug 
71360,Neon,296,3,2012-3,17-09-2012, Bug 
71362,Neon,296,3,2012-3,17-09-2012, Bug 
81234,Neon,296,9,2013-3,26-08-2013, Bug 
71348,Neon,299,1,2012-3,18-09-2012, Bug 
71359,Neon,299,1,2012-3,17-09-2012, Bug 
71361,Neon,299,2,2012-3,17-09-2012, Bug 
67448,Neon,300,23,2012-2,10-05-2012, Feature 
54243,Neon,301,9,2011-1,31-03-2011, Bug 
81791,Neon,301,27,2013-3,11-09-2013, Feature 
21894,Neon,303,18,2010-3,06-09-2010, Feature 
72490,Neon,303,6,2012-4,16-10-2012, Feature 
73621,Neon,303,5,2012-4,24-11-2012, Feature 
72713,Neon,304,7,2012-4,23-10-2012, Feature 
74074,Neon,304,4,2012-4,08-12-2012, Bug 
69907,Neon,306,6,2012-3,26-07-2012, Feature 
82756,Neon,307,4,2013-4,21-10-2013, Feature 
57996,Neon,308,2,2011-2,30-05-2011, Bug 
76111,Neon,309,24,2013-1,23-02-2013, Feature 
77934,Neon,310,2,2013-2,22-04-2013, Feature 
25506,Neon,311,9,2010-4,21-10-2010, Feature 
52093,Neon,311,19,2011-1,21-03-2011, Feature 
25460,Neon,312,26,2010-4,23-12-2010, Feature 
47972,Neon,312,15,2011-1,01-03-2011, Feature 
68649,Neon,312,3,2012-2,09-06-2012, Bug 
68650,Neon,312,3,2012-2,09-06-2012, Bug 
68651,Neon,312,2,2012-2,10-06-2012, Bug 
68655,Neon,312,1,2012-2,10-06-2012, Bug 
24121,Neon,318,24,2010-3,20-09-2010, Feature 
75206,Neon,318,3,2013-1,18-01-2013, Bug 
60793,Neon,321,1,2011-3,19-09-2011, Bug 
69832,Neon,321,11,2012-3,19-07-2012, Feature 
72055,Neon,328,21,2012-4,05-10-2012, Bug 
73436,Neon,334,1,2012-4,19-11-2012, Feature 
79749,Neon,337,7,2013-2,19-06-2013, Bug 
67204,Neon,339,3,2012-3,29-08-2012, Bug 
68036,Neon,339,19,2012-2,23-05-2012, Feature 
81612,Neon,345,8,2013-3,10-09-2013, Bug 
58743,Neon,346,18,2011-3,01-07-2011, Feature 
82926,Neon,349,1,2013-4,30-10-2013, Feature 
21849,Neon,352,9,2010-3,09-09-2010, Feature 
66708,Neon,356,2,2012-1,20-03-2012, Feature 
70609,Neon,358,16,2012-3,22-08-2012, Bug 
29934,Neon,360,11,2010-4,16-11-2010, Feature 
81790,Neon,368,9,2013-3,16-09-2013, Feature 
23121,Neon,371,25,2010-4,11-11-2010, Feature 
73323,Neon,371,8,2012-4,14-11-2012, Feature 
75244,Neon,371,5,2013-1,17-01-2013, Feature 
59414,Neon,376,9,2011-3,13-07-2011, Feature 
79038,Neon,376,7,2013-2,20-06-2013, Bug 
66264,Neon,377,9,2012-1,12-03-2012, Feature 
60904,Neon,379,9,2011-3,22-09-2011, Feature 
68585,Neon,380,2,2012-2,06-06-2012, Bug 
82373,Neon,380,8,2013-4,03-10-2013, Feature 
59076,Neon,383,13,2011-2,29-06-2011, Feature 
73272,Neon,384,1,2012-4,12-11-2012, Feature 
61961,Neon,385,5,2011-4,08-12-2011, Bug 
64957,Neon,385,2,2012-1,09-02-2012, Bug 
31503,Neon,386,12,2010-4,26-11-2010, Feature 
81796,Neon,394,18,2013-4,18-10-2013, Feature 
73541,Neon,395,12,2012-4,24-11-2012, Feature 
74147,Neon,395,1,2012-4,11-12-2012, Feature 
41385,Neon,399,11,2011-2,30-05-2011, Bug 
75602,Neon,403,14,2013-1,05-02-2013, Feature 
39079,Neon,407,20,2011-1,14-01-2011, Bug 
67632,Neon,408,21,2012-2,30-04-2012, Feature 
82322,Neon,411,11,2013-4,01-10-2013, Feature 
78339,Neon,419,26,2013-2,17-05-2013, Feature 
68681,Neon,423,2,2012-2,11-06-2012, Bug 
24122,Neon,427,7,2010-4,12-10-2010, Feature 
80184,Neon,428,8,2013-3,01-07-2013, Feature 
68035,Neon,432,19,2012-2,23-05-2012, Feature 
71602,Neon,433,8,2012-3,24-09-2012, Bug 
71128,Neon,442,22,2012-3,12-09-2012, Bug 
61366,Neon,446,2,2011-4,11-10-2011, Bug 
80937,Neon,448,1,2013-3,01-08-2013, Feature 
81785,Neon,459,9,2013-3,12-09-2013, Feature 
72521,Neon,463,15,2013-1,08-01-2013, Feature 
82934,Neon,463,3,2013-4,28-10-2013, Feature 
61047,Neon,465,1,2013-4,21-10-2013, Feature 
76173,Neon,467,1,2013-1,15-02-2013, Feature 
83315,Neon,472,1,2013-4,25-11-2013, Bug 
73358,Neon,474,1,2012-4,15-11-2012, Feature 
82788,Neon,474,2,2013-4,22-10-2013, Bug 
67777,Neon,475,11,2012-2,15-05-2012, Bug 
31191,Neon,493,3,2010-4,24-11-2010, Feature 
73807,Neon,506,7,2012-4,04-12-2012, Feature 
58922,Neon,509,6,2011-2,24-06-2011, Bug 
73484,Neon,513,15,2012-4,20-11-2012, Feature 
81249,Neon,514,1,2013-3,19-08-2013, Feature 
64598,Neon,521,3,2012-1,07-02-2012, Bug 
